Survey ID,Public food key,food_name,energy_kj,protein_g,fat_g,carbs_g,sugars_g,fibre_g,calcium_mg,iron_mg,sodium_mg,vitamin_c_mg,zinc_mg,Derivation,label
29101001,F000996,"Beer, high alcohol (5% v/v & above)",174,0.5,0.0,2.1,0.2,0.0,4,0.01,4,0,0.0,Analysed,moderate
29101002,F000994,"Beer, full strength (alcohol 4-4.9% v/v)",152,0.4,0.0,2.3,0.0,0.0,4,0.0,4,0,0.0,Analysed,moderate
29101003,F000995,"Beer, full strength (alcohol 4-4.9% v/v), low carbohydrate",126,0.3,0.0,1.0,0.0,0.0,3,0.01,4,0,0.0,Analysed,moderate
29101004,F010067,"Beer, full strength (alcohol 4-4.9% v/v), gluten free",128,0.1,0.0,1.3,0.0,0.0,3,0.01,15,0,0.0,Label Data,moderate
29101005,F000997,"Beer, home-brewed, full strength",153,0.5,0.0,2.0,0.2,0.1,4,0.1,8,2,0.04,Estimated,moderate
29102001,F001006,"Beer, mid-strength (alcohol 3-3.9% v/v)",128,0.3,0.0,2.2,0.0,0.0,4,0.0,3,0,0.0,Analysed,moderate
29102002,F001004,"Beer, light (alcohol 1- <2.9% v/v)",100,0.2,0.0,2.2,0.0,0.0,3,0.0,3,0,0.0,Analysed,moderate
29102003,F000998,"Beer, home-brewed, reduced alcohol, light beer, or mid-strength",109,0.5,0.0,2.2,0.1,0.1,3,0.15,6,2,0.04,Estimated,moderate
29601001,F010069,"Beer, de-alcoholised",77,0.2,0.0,4.4,1.3,0.0,3,0.0,3,0,0.0,Label Data,moderate
29101006,F001007,"Beer, not further defined",142,0.4,0.0,2.1,0.1,0.0,4,0.0,4,0,0.0,Recipe,moderate
29505001,F001263,Bitters,1137,0.2,0.4,1.4,0.6,0.6,13,0.4,6,0,0.08,Recipe,moderate
29401001,F002955,"Cider, apple, alcoholic",209,0.0,0.0,5.6,5.6,0.0,3,0.02,3,2,0.01,Analysed,moderate
29401002,F010589,"Cider, apple, alcoholic, low carbohydrate",164,0.0,0.0,3.5,3.5,0.0,3,0.02,3,2,0.01,Label Data,moderate
29604001,F010941,"Cider, apple, de-alcoholised",149,0.0,0.0,8.6,8.5,0.0,3,0.02,4,2,0.01,Label Data,moderate
29402001,F002961,"Cider, pear (perry), alcoholic",248,0.0,0.0,8.7,8.4,0.0,4,0.16,22,0,0.0,Label Data,moderate
29401003,F010807,"Cider, not further defined",211,0.0,0.0,5.9,5.8,0.0,3,0.04,6,2,0.01,Recipe,moderate
29501001,F010127,"Liqueur, cream based",1293,2.8,13.6,21.7,18.0,0.0,16,0.13,5,0,0.16,Label Data,at-risk
29501002,F005206,"Liqueur, non cream based",627,0.0,0.0,3.2,3.2,0.0,1,0.04,5,0,0.02,Recipe,moderate
29505002,F005701,Mirin,706,0.3,0.0,26.6,26.6,0.0,2,0.0,3,0,0.0,Borrowed,at-risk
29203001,F009566,Port,600,0.2,0.0,12.4,12.4,0.0,5,0.19,15,0,0.06,Analysed,moderate
29301001,F010092,Sake,493,0.1,0.0,5.5,5.5,0.0,7,0.3,17,0,0.0,Borrowed,moderate
29203002,F009568,Sherry,577,0.2,0.0,11.1,11.1,0.0,4,0.1,18,0,0.06,Analysed,moderate
29301002,F000051,"Spirit, all types",892,0.0,0.0,0.1,0.1,0.0,1,0.05,3,0,0.02,Analysed,moderate
29301003,F000050,"Spirit, all types, cooked",302,0.0,0.0,0.3,0.3,0.0,1,0.06,2,0,0.06,Imputed,moderate
29603001,F010910,"Spirit, all types, de-alcoholised",23,0.0,0.0,1.0,0.9,0.0,1,0.05,3,0,0.02,Label Data,moderate
29201001,F009571,"Wine, red",332,0.3,0.0,0.2,0.2,0.0,7,0.15,4,0,0.07,Analysed,moderate
29204001,F009576,"Wine, red, reduced alcohol",220,0.3,0.0,0.2,0.2,0.0,7,0.15,4,0,0.07,Imputed,moderate
29602001,F010809,"Wine, red, de-alcoholised",110,0.2,0.0,6.0,3.9,0.0,7,0.15,34,0,0.07,Label Data,moderate
29201002,F009573,"Wine, red, cooked",120,0.3,0.0,0.2,0.2,0.0,8,0.0,5,0,0.09,Estimated,moderate
29201003,F009578,"Wine, red, sparkling",338,0.2,0.0,2.0,2.0,0.0,6,0.18,7,0,0.09,Imputed,moderate
29602002,F010808,"Wine, red, sparkling, de-alcoholised",92,0.2,0.0,5.0,4.7,0.0,6,0.18,27,0,0.09,Label Data,moderate
29201004,F009579,"Wine, rose",289,0.2,0.0,0.7,0.7,0.0,8,0.08,5,0,0.06,Analysed,moderate
29202001,F009588,"Wine, white",296,0.2,0.0,0.1,0.1,0.0,8,0.09,2,0,0.06,Analysed,moderate
29204002,F009589,"Wine, white, reduced alcohol",218,0.2,0.0,0.1,0.1,0.0,8,0.09,2,0,0.06,Imputed,moderate
29602003,F010940,"Wine, white, de-alcoholised",83,0.2,0.0,4.3,3.7,0.0,8,0.09,26,0,0.06,Label Data,moderate
29202002,F009580,"Wine, white, cooked",107,0.2,0.0,0.3,0.3,0.0,9,0.15,5,0,0.08,Estimated,moderate
29202003,F009590,"Wine, white, sparkling",306,0.2,0.0,1.0,1.0,0.0,7,0.19,2,0,0.06,Analysed,moderate
29602004,F009591,"Wine, white, sparkling, de-alcoholised",35,0.2,0.0,1.0,1.0,0.0,7,0.19,24,0,0.06,Estimated,moderate
29202004,F009592,"Wine, white, sweet dessert style",497,0.4,0.0,14.7,14.7,0.0,15,0.19,13,0,0.09,Analysed,moderate
29502001,F002977,"Cocktail, cream or milk based",647,0.7,5.5,2.0,2.0,0.0,24,0.03,11,0,0.09,Recipe,moderate
29502002,F002978,"Cocktail, fruit juice based",482,0.2,0.0,2.4,2.4,0.5,5,0.08,4,13,0.04,Recipe,moderate
29502003,F002979,"Cocktail, soft drink based",388,0.1,0.1,4.8,4.8,0.4,3,0.03,5,4,0.02,Recipe,moderate
29502004,F010135,"Cocktail, ready to drink",384,0.2,0.0,8.2,8.1,0.3,4,0.05,3,16,0.02,Recipe,moderate
29502005,F010129,"Cocktail, ready to drink, coffee based",317,0.2,0.0,5.3,5.3,0.0,2,0.02,3,0,0.02,Recipe,moderate
29605001,F010912,"Cocktail, ready to drink, de-alcoholised",55,0.0,0.0,3.1,3.1,0.1,2,0.01,3,2,0.01,Recipe,moderate
29503001,F010130,"Mixed drink, ready to drink, spirit & cola soft drink",298,0.0,0.2,10.7,10.7,0.0,1,0.01,2,0,0.0,Recipe,moderate
29504001,F010131,"Mixed drink, ready to drink, spirit & non-cola soft drink",235,0.0,0.0,8.1,8.1,0.0,2,0.0,13,0,0.0,Recipe,moderate
29503002,F005717,"Mixed drink, commercial, pre-mixed, spirit & energy drink",289,0.0,0.0,9.4,9.4,0.0,8,0.01,68,0,0.0,Recipe,moderate
29504002,F010133,"Mixed drink, ready to drink, spirit & juice",294,0.0,0.0,10.5,9.8,0.1,7,0.22,8,16,0.09,Recipe,moderate
29504003,F010132,"Mixed drink, ready to drink, spirit & soda",88,0.0,0.0,0.0,0.0,0.0,1,0.01,3,0,0.01,Recipe,moderate
29504004,F005715,"Mixed drink, ready to drink, spirit & tonic",242,0.0,0.0,8.8,8.8,0.0,1,0.01,11,0,0.09,Recipe,moderate
29606001,F010911,"Mixed drink, ready to drink, spirit & soft drink, de-alcoholised",157,0.0,0.1,9.5,9.4,0.0,1,0.0,8,0,0.0,Recipe,moderate
29504005,F010134,"Mixed drink, ready to drink, spirit & diet soft drink",90,0.0,0.0,0.0,0.0,0.0,1,0.0,9,0,0.0,Recipe,moderate
29505003,F010128,Mulled wine,251,0.3,0.0,7.3,7.1,0.4,21,0.16,6,4,0.1,Recipe,moderate
29204003,F009564,"Wine cooler, wine & fruit juice blend, all flavours",214,0.1,0.0,7.6,7.6,0.0,3,0.06,19,4,0.06,Analysed,moderate
11904002,F001036,"Beverage base, drinking chocolate",1508,5.6,4.8,76.3,74.3,1.5,41,1.9,160,0,2.5,Analysed,at-risk
11904003,F010022,"Beverage base, drinking chocolate, intense sweetened",1608,15.6,8.7,61.7,41.7,1.5,41,1.9,160,0,2.5,Label Data,at-risk
11902002,F001029,"Beverage base, chocolate flavour, added vitamins & minerals (Milo)",1611,12.4,9.9,60.1,43.7,6.8,950,26.0,100,35,1.8,Analysed,at-risk
11902003,F010027,"Beverage base, chocolate flavour, added vitamins & minerals",1794,7.2,11.0,75.7,45.7,3.1,738,18.0,188,27,1.8,Label Data,at-risk
11902006,F009988,"Beverage base, chocolate flavour, added vitamins & minerals (Milo), reduced sugar",1432,11.9,9.6,45.9,30.1,15.6,738,18.0,135,44,1.8,Label Data,at-risk
11902004,F009989,"Beverage base, chocolate flavour, added vitamins & minerals (Milo plant based)",1511,13.3,9.5,51.3,27.0,11.0,900,22.0,75,44,13.4,Label Data,at-risk
11904004,F001032,"Beverage base, chocolate flavour, unfortified (Nesquik brand)",1574,5.3,2.8,83.2,81.0,5.8,38,14.0,0,0,1.4,Analysed,at-risk
11902005,F001027,"Beverage base, chocolate flavour, added vitamins & minerals (Ovaltine)",1663,11.8,7.5,68.0,44.0,9.1,800,20.0,110,45,1.5,Label Data,at-risk
11904006,F009987,"Beverage base, chocolate flavour, intense sweetened, unfortified (Ovaltine Light Break)",1674,12.0,7.5,68.5,44.5,9.1,1000,1.9,770,18,1.5,Label Data,at-risk
11902001,F001028,"Beverage base, chocolate flavour, added vitamins & minerals (Aktavite)",1567,4.3,1.9,81.4,32.9,9.1,2000,21.0,14,44,14.0,Label Data,at-risk
11904005,F010028,"Beverage base, non-chocolate flavours, unfortified (Nesquik brand)",1603,0.0,0.0,99.4,95.0,1.0,38,0.0,0,0,1.4,Label Data,at-risk
11904007,F001047,"Beverage base, flavoured, from drinking straw, containing added sugar & intense sweetener, unfortified",1534,0.3,0.2,92.3,50.0,0.2,4,0.37,30,0,0.02,Recipe,at-risk
11902007,F001039,"Beverage base, malted milk powder",1639,13.5,5.2,74.2,42.7,0.0,670,15.1,153,1,1.0,Label Data,at-risk
11903001,F001060,"Beverage, chocolate flavour, made with cocoa powder & cow's milk",297,3.7,2.8,7.6,7.4,0.6,107,0.71,36,0,0.5,Recipe,moderate
11903002,F001067,"Beverage, chocolate flavour, made with drinking chocolate & water",105,0.4,0.3,5.3,5.2,0.1,4,0.14,14,0,0.18,Recipe,moderate
11903003,F010018,"Beverage, chocolate flavour, made with drinking chocolate & cow's milk",326,3.5,2.8,10.1,9.9,0.1,104,0.14,44,0,0.49,Recipe,moderate
11903004,F010019,"Beverage, chocolate flavour, made with drinking chocolate & dairy milk alternative",258,1.8,1.6,9.9,7.0,0.5,40,0.27,53,0,0.25,Recipe,moderate
11901001,F001069,"Beverage, chocolate flavour, made with Milo powder & cow's milk",361,4.1,3.3,10.1,8.6,0.6,183,2.32,41,3,0.47,Recipe,moderate
11901002,F009985,"Beverage, chocolate flavour, made with Milo powder & dairy milk alternative",294,2.5,2.2,10.0,5.8,1.0,121,2.44,50,3,0.24,Recipe,moderate
19802001,F010117,"Beverage, chocolate flavour, Milo ready to drink",285,3.4,1.3,10.6,8.5,0.9,180,3.38,36,5,0.4,Recipe,moderate
11901003,F001071,"Beverage, chocolate flavour, made with Ovaltine powder & cow's milk",366,4.1,3.0,10.8,8.7,0.8,170,1.78,42,4,0.44,Recipe,moderate
11901004,F009986,"Beverage, chocolate flavour, made with Ovaltine powder & dairy milk alternative",299,2.4,2.0,10.7,5.8,1.2,108,1.91,51,4,0.21,Recipe,moderate
11904001,F002980,Cocoa powder,1335,22.1,15.2,10.5,1.5,27.7,170,30.0,81,0,7.5,Analysed,balanced
19803001,F005662,"Bubble tea (boba tea), made with cow's milk & tapioca pearls, all flavours",275,1.2,0.9,13.6,11.3,0.0,48,0.13,16,0,0.12,Recipe,moderate
11105004,F002394,"Chai latte mix, with milk solids & sugar",1648,8.4,5.7,79.5,61.5,0.4,247,0.24,322,8,0.77,Recipe,at-risk
11102001,F002396,"Chai latte, made with chai mix powder & cow's milk",441,4.1,3.1,15.9,13.3,0.1,128,0.05,77,1,0.4,Recipe,moderate
11102002,F010959,"Chai latte, made with chai mix powder & dairy milk alternative",378,2.5,2.0,15.7,10.6,0.4,70,0.16,85,1,0.19,Recipe,moderate
11101005,F002399,"Chai latte, made with chai mix powder & water",235,1.2,0.8,11.4,8.8,0.1,37,0.04,48,1,0.11,Recipe,moderate
11205001,F003060,"Coffee, instant, dry powder",588,18.0,0.3,3.6,3.4,20.6,150,2.8,61,0,0.29,Analysed,balanced
11205002,F003061,"Coffee, instant, dry powder, decaffeinated",588,18.0,0.3,3.6,3.4,20.6,150,2.8,61,0,0.29,Imputed,balanced
11201001,F003017,"Coffee, black, from instant coffee powder",8,0.2,0.0,0.2,0.0,0.1,1,0.0,0,0,0.0,Analysed,moderate
11203001,F003018,"Coffee, black, from instant coffee powder, decaffeinated",8,0.2,0.0,0.2,0.0,0.1,1,0.0,0,0,0.0,Analysed,moderate
11201005,F003059,"Coffee, black, Turkish, with sugar",138,1.8,0.3,6.0,6.0,0.0,12,0.0,2,0,0.06,Recipe,moderate
11201002,F003041,"Coffee, espresso",40,1.7,0.3,0.0,0.0,0.0,11,0.0,2,0,0.06,Analysed,moderate
11203002,F003040,"Coffee, espresso, decaffeinated",40,1.7,0.3,0.0,0.0,0.0,11,0.0,2,0,0.06,Imputed,moderate
11202001,F009796,"Coffee, flat white/cappuccino/latte, single shot & regular fat cow's milk",196,2.8,2.6,3.4,3.4,0.0,95,0.0,29,0,0.37,Analysed,moderate
11202002,F003046,"Coffee, flat white/cappuccino/latte, single shot & reduced fat cow's milk",154,3.0,1.0,3.9,3.9,0.0,94,0.01,29,0,0.31,Recipe,moderate
11202003,F003050,"Coffee, flat white/cappuccino/latte, single shot & skim cow's milk",125,3.2,0.0,4.3,4.3,0.0,95,0.0,31,0,0.33,Recipe,moderate
11202004,F003045,"Coffee, flat white/cappuccino/latte, single shot & cow's milk",201,3.0,2.2,4.2,4.2,0.0,89,0.01,29,0,0.29,Recipe,moderate
11202005,F003024,"Coffee, flat white/cappuccino/latte, double shot & cow's milk",162,2.7,1.7,3.2,3.2,0.0,70,0.01,22,0,0.23,Recipe,moderate
11204001,F010183,"Coffee, flat white/cappuccino/latte, single shot & cow's milk, decaffeinated",201,3.0,2.2,4.2,4.2,0.0,89,0.01,29,0,0.29,Recipe,moderate
11202007,F010169,"Coffee, flat white/cappuccino/latte, single shot & legume based milk (soy)",208,3.3,2.2,3.8,2.1,0.5,43,0.38,36,0,0.13,Recipe,moderate
11202006,F010171,"Coffee, flat white/cappuccino/latte, single shot & cereal based milk (rice/oat)",189,1.2,0.7,8.3,2.6,0.2,37,0.03,35,0,0.07,Recipe,moderate
11202008,F010172,"Coffee, flat white/cappuccino/latte, single shot & nut based milk (almond/coconut)",91,0.7,1.3,1.8,1.3,0.4,25,0.0,36,0,0.05,Recipe,moderate
11202009,F010174,"Coffee, flat white/cappuccino/latte, single shot & dairy milk alternative",142,1.5,1.2,4.1,1.7,0.4,35,0.12,37,0,0.08,Recipe,moderate
11202010,F010176,"Coffee, flat white/cappuccino/latte, double shot & dairy milk alternative",117,1.6,1.0,3.1,1.3,0.3,29,0.09,28,0,0.08,Recipe,moderate
11204002,F010186,"Coffee, flat white/cappuccino/latte, single shot & dairy milk alternative, decaffeinated",142,1.5,1.2,4.1,1.7,0.4,35,0.12,37,0,0.08,Recipe,moderate
11202011,F003068,"Coffee, macchiato, single shot & cow's milk",73,2.0,0.7,0.9,0.9,0.0,27,0.0,8,0,0.1,Recipe,moderate
11204003,F010190,"Coffee, macchiato, single shot & cow's milk, decaffeinated",73,2.0,0.7,0.9,0.9,0.0,27,0.0,8,0,0.1,Recipe,moderate
11202012,F010177,"Coffee, macchiato, single shot & dairy milk alternative",61,1.7,0.5,0.8,0.4,0.1,16,0.02,9,0,0.06,Recipe,moderate
11204004,F010193,"Coffee, macchiato, single shot & dairy milk alternative, decaffeinated",61,1.7,0.5,0.8,0.4,0.1,16,0.02,9,0,0.06,Recipe,moderate
11202013,F003076,"Coffee, mocha, single shot & cow's milk",273,3.2,2.3,8.2,8.1,0.1,87,0.12,36,0,0.41,Recipe,moderate
11204005,F010195,"Coffee, mocha, single shot & cow's milk, decaffeinated",273,3.2,2.3,8.2,8.1,0.1,87,0.12,36,0,0.41,Recipe,moderate
11202014,F010179,"Coffee, mocha, single shot & dairy milk alternative",218,1.8,1.4,8.1,5.7,0.4,35,0.22,44,0,0.22,Recipe,moderate
11204006,F010196,"Coffee, mocha, single shot & dairy milk alternative, decaffeinated",218,1.8,1.4,8.1,5.7,0.4,35,0.22,44,0,0.22,Recipe,moderate
11201003,F003065,"Coffee, long black, single shot",8,0.3,0.1,0.0,0.0,0.0,3,0.0,3,0,0.02,Recipe,moderate
11201004,F003063,"Coffee, long black, double shot",16,0.7,0.1,0.0,0.0,0.0,5,0.0,2,0,0.02,Recipe,moderate
11203003,F003062,"Coffee, long black, single shot, decaffeinated",8,0.3,0.1,0.0,0.0,0.0,3,0.0,3,0,0.02,Recipe,moderate
11202015,F003081,"Coffee, not further defined",92,1.5,1.0,1.9,1.7,0.0,42,0.01,15,0,0.16,Recipe,moderate
11207001,F003010,"Coffee & chicory essence, concentrate",893,1.6,0.2,53.5,51.5,0.0,30,0.7,65,0,0.0,Borrowed,at-risk
11209005,F003011,Coffee & milk concentrate,1269,7.5,7.6,53.4,53.4,0.7,226,0.22,165,1,0.75,Recipe,at-risk
11209001,F003014,"Coffee mix powder, with beverage whitener & sugar",1645,13.1,12.7,56.1,38.3,3.6,340,0.69,380,3,1.0,Analysed,at-risk
11209002,F003013,"Coffee mix powder, with beverage whitener & sugar, decaffeinated",1645,13.1,12.7,56.1,38.3,3.6,340,0.69,380,3,1.0,Imputed,at-risk
11209003,F003012,"Coffee mix powder, with beverage whitener & intense sweetener",966,7.2,9.7,25.0,9.4,6.3,340,0.69,497,3,1.0,Label Data,at-risk
11209004,F010207,"Coffee mix powder, with beverage whitener & intense sweetener, decaffeinated",966,7.2,9.7,25.0,9.4,6.3,340,0.69,497,3,1.0,Imputed,at-risk
11207002,F003015,"Coffee substitute mix, cereal based, dry powder",1596,5.5,3.4,80.0,0.0,1.0,52,4.6,73,0,0.51,Borrowed,moderate
11207003,F010413,"Coffee substitute mix, vegetable based, dry powder",1610,12.4,14.8,42.3,34.0,19.7,143,7.32,112,15,2.85,Recipe,at-risk
11209006,F003016,"Coffee whitener, dry powder",2288,1.3,34.9,57.8,7.6,0.0,4,1.1,215,0,0.5,Borrowed,at-risk
11208006,F003082,"Coffee, made from coffee & milk concentrate & water",127,0.7,0.8,5.3,5.3,0.1,24,0.03,19,0,0.08,Recipe,moderate
11208001,F010201,"Coffee, made from coffee mix with milk powder & water",126,1.0,1.0,4.3,2.9,0.3,28,0.06,32,0,0.08,Recipe,moderate
11208002,F010204,"Coffee, made from coffee mix with dairy milk alternative powder & water",209,0.8,1.5,8.2,5.4,0.9,10,0.14,27,0,0.02,Recipe,moderate
11208003,F010208,"Coffee, made from coffee mix without added sugar & water",86,0.6,0.9,2.2,0.8,0.6,32,0.07,47,0,0.09,Recipe,moderate
11208004,F010203,"Coffee, made from decaffeinated coffee mix with milk powder & water",126,1.0,1.0,4.3,2.9,0.3,28,0.06,32,0,0.08,Recipe,moderate
11208005,F010206,"Coffee, made from decaffeinated coffee mix with dairy milk alternative powder & water",209,0.8,1.5,8.2,5.4,0.9,10,0.14,27,0,0.02,Recipe,moderate
11206001,F003086,"Coffee substitute, made from cereal based powder & water",48,0.2,0.1,2.4,0.0,0.0,3,0.14,5,0,0.02,Recipe,moderate
11206002,F010197,"Coffee substitute, made from vegetable based powder & cow's milk",322,3.9,3.4,7.4,7.0,1.2,110,0.45,40,1,0.49,Recipe,moderate
11206003,F010199,"Coffee substitute, made from vegetable based powder & dairy milk alternative",252,2.2,2.2,7.3,4.0,1.6,46,0.58,49,1,0.25,Recipe,moderate
11105001,F010948,"Tea, black, dry",1037,24.5,4.4,0.8,0.8,55.8,302,17.0,14,2,3.2,Borrowed,balanced
11105003,F009113,"Tea, chai, instant dry powder",1258,20.2,0.0,50.1,5.5,8.5,118,2.3,72,0,1.7,Borrowed,balanced
11105002,F010949,"Tea, green, dry",1010,29.1,4.1,0.8,0.8,43.9,390,10.0,11,110,4.3,Borrowed,balanced
11101001,F009125,"Tea, black",1,0.1,0.0,0.0,0.0,0.0,1,0.0,0,0,0.01,Analysed,moderate
11101002,F009115,"Tea, black, decaffeinated",1,0.1,0.0,0.0,0.0,0.0,1,0.0,0,0,0.01,Imputed,moderate
11101004,F009114,"Tea, chai",1,0.1,0.0,0.0,0.0,0.0,1,0.0,0,0,0.01,Imputed,moderate
11104002,F010213,"Tea, fruit infusions",7,0.0,0.0,0.3,0.3,0.0,4,0.16,7,0,0.02,Label Data,moderate
11101003,F009117,"Tea, green",4,0.2,0.0,0.0,0.0,0.0,3,0.0,1,0,0.05,Analysed,moderate
11104001,F010147,"Tea, herbal",0,0.0,0.0,0.0,0.0,0.0,2,0.1,0,0,0.0,Borrowed,moderate
11503002,F003130,"Cordial base, 25% citrus fruit juice",606,0.0,0.0,37.3,37.3,0.0,3,0.0,12,4,0.0,Analysed,at-risk
11503003,F003135,"Cordial base, 40% citrus fruit juice",659,0.2,0.0,40.2,40.2,0.0,4,0.1,43,8,0.0,Analysed,at-risk
11503006,F003132,"Cordial base, 25% non-citrus fruit juice",455,0.0,0.0,27.9,27.9,0.0,3,0.06,25,4,0.0,Label Data,at-risk
11503007,F003136,"Cordial base, 40% non-citrus fruit juice",534,0.0,0.0,32.8,32.8,0.0,2,0.02,73,12,0.01,Label Data,at-risk
11503001,F003128,"Cordial base, blackcurrant juice",731,0.1,0.0,45.0,45.0,0.0,6,0.33,0,74,0.06,Analysed,at-risk
11504001,F003141,"Cordial base, blackcurrant juice, intense sweetened or diet",195,0.1,0.0,11.5,11.5,0.0,6,0.33,14,58,0.06,Label Data,moderate
11503004,F009926,"Cordial base, fruit juice/flavours",563,0.0,0.0,34.5,34.5,0.0,3,0.04,38,7,0.0,Recipe,at-risk
11504002,F009928,"Cordial base, fruit juice/flavours, intense sweetened or diet",123,0.0,0.0,7.1,7.1,0.0,4,0.06,56,12,0.01,Label Data,moderate
11503008,F010802,"Cordial base, non-fruit flavours",714,0.0,0.0,44.6,43.4,0.0,3,0.0,30,0,0.0,Imputed,at-risk
11504003,F010803,"Cordial base, non-fruit flavours, intense sweetened or diet",522,0.0,0.0,32.6,32.6,0.0,1,0.0,2,0,0.0,Imputed,at-risk
11503005,F003145,"Cordial base, grenadine syrup",976,0.0,0.0,61.0,60.6,0.0,6,0.05,8,0,0.01,Borrowed,at-risk
11501001,F003156,"Cordial, blackcurrant juice, recommended dilution",151,0.0,0.0,9.3,9.3,0.0,2,0.07,2,15,0.02,Recipe,moderate
11502001,F003167,"Cordial, blackcurrant juice, intense sweetened or diet, recommended dilution",33,0.0,0.0,1.9,1.9,0.0,2,0.06,5,10,0.01,Recipe,moderate
11501002,F009927,"Cordial, fruit juice/flavours, recommended dilution",95,0.0,0.0,5.8,5.8,0.0,2,0.01,9,1,0.0,Recipe,moderate
11502002,F009931,"Cordial, fruit juice/flavours, intense sweetened or diet, recommended dilution",12,0.0,0.0,0.7,0.7,0.0,2,0.01,8,1,0.0,Recipe,moderate
11501003,F010805,"Cordial, non-fruit flavours, recommended dilution",122,0.0,0.0,7.6,7.4,0.0,2,0.0,7,0,0.0,Recipe,moderate
11502003,F010804,"Cordial, non-fruit flavours, intense sweetened or diet, recommended dilution",66,0.0,0.0,4.1,4.1,0.0,1,0.0,3,0,0.0,Recipe,moderate
11401001,F004099,"Fruit drink, apple, commercial",137,0.1,0.0,8.2,7.8,0.0,2,0.0,5,31,0.0,Analysed,moderate
11401002,F004097,"Fruit drink, apple & blackcurrant, commercial",147,0.1,0.0,9.0,9.0,0.0,3,0.02,3,14,0.01,Recipe,moderate
11401003,F004098,"Fruit drink, apple & mango, commercial",166,0.1,0.0,10.0,9.8,0.1,2,0.01,4,26,0.01,Recipe,moderate
11401004,F004100,"Fruit drink, apricot, commercial",244,0.2,0.0,14.4,13.3,0.5,5,0.2,1,14,0.0,Analysed,moderate
11401005,F010118,"Fruit drink, berry, commercial",181,0.0,0.0,11.0,10.5,0.0,2,0.0,3,14,0.0,Label Data,moderate
11401006,F004101,"Fruit drink, blackcurrant, commercial",160,0.2,0.0,9.8,9.8,0.0,2,0.0,0,9,0.0,Borrowed,moderate
11401007,F010300,"Fruit drink, blackcurrant, commercial, intense sweetened",14,0.2,0.0,0.7,0.5,0.0,2,0.0,0,9,0.0,Imputed,moderate
11401008,F004102,"Fruit drink, cranberry, commercial",197,0.0,0.0,12.2,11.3,0.1,8,0.25,9,18,0.1,Borrowed,moderate
11401009,F004104,"Fruit drink, cranberry, commercial, intense sweetened",20,0.0,0.0,1.2,1.0,0.0,8,0.25,7,18,0.1,Label Data,moderate
11401010,F004110,"Fruit drink, guava, commercial",251,0.2,0.2,14.0,14.0,1.6,4,0.06,3,51,0.03,Recipe,moderate
11401011,F004111,"Fruit drink, lemon or lime, commercial",172,0.2,0.0,9.4,9.4,0.6,6,0.04,2,8,0.03,Recipe,moderate
11401012,F004112,"Fruit drink, mango, commercial",222,0.1,0.0,13.5,13.4,0.3,3,0.04,2,18,0.02,Recipe,moderate
11401013,F004114,"Fruit drink, orange, commercial",164,0.2,0.0,9.6,9.6,0.1,8,0.05,9,5,0.01,Analysed,moderate
11401014,F004113,"Fruit drink, orange & mango, commercial",167,0.3,0.0,9.8,9.8,0.1,4,0.02,2,69,0.01,Recipe,moderate
11401015,F004117,"Fruit drink, pineapple, commercial",163,0.0,0.0,10.0,9.7,0.0,3,0.05,4,21,0.0,Recipe,moderate
11401016,F004120,"Fruit drink, tropical, commercial",149,0.0,0.0,9.0,8.6,0.0,4,0.0,8,14,0.0,Analysed,moderate
11301001,F010052,"Juice, acai",225,0.2,2.4,6.7,6.7,2.8,6,0.05,6,1,0.02,Label Data,moderate
11302001,F004654,"Juice, aloe vera, commercial",122,0.0,0.0,7.2,7.0,0.0,6,0.05,8,31,0.02,Label Data,moderate
11301002,F004663,"Juice, apple, commercial",121,0.2,0.0,7.0,7.0,0.2,6,0.05,6,31,0.02,Analysed,moderate
11301003,F004666,"Juice, apple, home squeezed",225,0.3,0.0,11.8,11.6,2.5,4,0.12,1,5,0.04,Recipe,moderate
11301004,F004670,"Juice, apple, sparkling, commercial",178,0.1,0.0,10.6,9.5,0.1,6,0.05,5,19,0.02,Label Data,moderate
11301005,F004656,"Juice, apple & blackcurrant, commercial",162,0.2,0.0,9.3,9.3,0.0,5,0.0,6,27,0.01,Analysed,moderate
11301006,F004658,"Juice, apple & mango, commercial",159,0.2,0.0,9.1,9.0,0.5,7,0.08,4,25,0.04,Recipe,moderate
11301007,F010057,"Juice, apple & other fruits",186,0.2,0.1,10.3,9.6,0.3,5,0.0,4,10,0.01,Label Data,moderate
11301008,F010946,"Juice, berry",162,0.2,0.0,9.3,9.3,0.0,5,0.0,6,27,0.01,Imputed,moderate
11302002,F004683,"Juice, carrot",145,0.6,0.0,6.6,6.2,3.2,26,0.21,51,2,0.15,Recipe,moderate
11302003,F004685,"Juice, celery",74,0.6,0.1,1.8,1.8,1.6,44,0.22,90,4,0.19,Recipe,moderate
11301009,F004717,"Juice, fruit blend, commercial",140,0.6,0.0,7.1,7.0,0.4,8,0.06,4,46,0.04,Recipe,moderate
11304001,F010311,"Juice, fruit blend, commercial, added vitamins & minerals",171,0.3,0.1,9.9,9.0,0.4,7,0.06,5,20,0.03,Label Data,moderate
11301010,F004714,"Juice, fruit blend, home squeezed",195,0.6,0.0,9.7,9.4,2.0,14,0.08,2,29,0.05,Recipe,moderate
11301012,F004720,"Juice, grape, commercial",247,0.2,0.0,14.9,14.3,0.0,8,0.19,5,24,0.06,Analysed,moderate
11301011,F004718,"Juice, goji, commercial",216,0.2,0.0,12.7,9.5,0.2,6,0.05,63,31,0.02,Label Data,moderate
11301013,F010058,"Juice, grape, sparkling, commercial",224,0.2,0.1,13.7,13.5,0.0,8,0.19,7,1,0.06,Label Data,moderate
11301014,F004723,"Juice, grapefruit, commercial",168,0.5,0.1,9.0,9.0,0.1,9,0.1,1,61,0.06,Analysed,moderate
11301015,F004726,"Juice, lemon",111,0.6,0.1,1.8,1.8,2.0,20,0.15,3,35,0.1,Recipe,moderate
11301016,F004729,"Juice, lime",117,0.8,0.1,1.2,1.2,3.6,23,0.15,2,31,0.08,Recipe,moderate
11301017,F004739,"Juice, orange, commercial",134,0.8,0.0,6.8,6.8,0.3,7,0.04,2,56,0.03,Analysed,moderate
11301018,F004747,"Juice, orange, home squeezed",174,1.0,0.0,8.2,8.2,2.3,24,0.0,0,48,0.06,Recipe,moderate
11301019,F004731,"Juice, orange & mango, commercial",146,0.6,0.0,7.7,7.7,0.2,9,0.0,4,82,0.04,Analysed,moderate
11301020,F004754,"Juice, pear, commercial",182,0.2,0.1,10.5,8.2,0.0,8,0.0,3,3,0.09,Label Data,moderate
11301023,F004755,"Juice, pineapple, commercial",208,0.2,0.0,11.9,11.2,0.2,6,0.2,7,30,0.0,Recipe,moderate
11301021,F004756,"Juice, pineapple, commercial, added sugar",242,0.3,0.1,13.9,13.7,0.2,6,0.2,5,38,0.0,Analysed,moderate
11301022,F004757,"Juice, pineapple, commercial, no added sugar",186,0.2,0.0,10.6,9.6,0.2,6,0.2,8,25,0.0,Analysed,moderate
11301024,F004759,"Juice, pomegranate, commercial",251,0.1,0.0,14.0,11.4,0.0,14,0.5,6,14,0.4,Label Data,moderate
11301025,F004760,"Juice, prune, commercial",329,1.0,0.2,12.3,11.8,2.9,19,0.52,4,0,0.48,Recipe,moderate
11302006,F004763,"Juice, tomato, commercial",82,0.7,0.0,3.4,2.6,0.8,6,0.8,179,21,0.1,Recipe,moderate
11302004,F004764,"Juice, tomato, commercial, added salt",69,0.7,0.0,2.7,2.1,0.8,6,0.8,167,28,0.1,Analysed,moderate
11302005,F004765,"Juice, tomato, commercial, added salt & sugar",100,0.8,0.1,4.3,3.4,0.9,6,0.8,195,11,0.1,Analysed,moderate
11301026,F004768,"Juice, tropical, commercial",159,0.3,0.0,9.0,8.0,0.2,7,0.04,4,24,0.05,Recipe,moderate
11301027,F010060,"Juice, tropical, sparkling, commercial",171,0.1,0.0,10.5,10.2,0.1,7,0.04,9,24,0.05,Label Data,moderate
11303001,F010314,"Juice, fruit & vegetable blend, commercial",105,0.7,0.0,4.9,4.6,0.5,9,0.23,122,47,0.06,Recipe,moderate
11304002,F010315,"Juice, fruit & vegetable blend, commercial, added vitamins & minerals",121,0.6,0.0,6.3,5.6,0.5,9,0.24,122,34,0.05,Recipe,moderate
11303002,F004703,"Juice, fruit & vegetable blend, home squeezed",154,1.1,0.1,6.6,6.2,2.4,40,0.44,25,25,0.2,Recipe,balanced
11303003,F010306,"Juice, green",178,0.8,0.0,8.3,8.0,2.6,30,0.39,21,12,0.16,Recipe,moderate
11302007,F010307,"Juice, vegetable blend, commercial",71,0.9,0.0,2.7,2.1,0.6,10,0.41,240,48,0.07,Analysed,moderate
11302008,F004772,"Juice, vegetable blend, home squeezed",114,1.5,0.1,3.4,3.1,2.9,67,0.79,47,21,0.34,Recipe,balanced
11302009,F004776,"Juice, wheatgrass, commercial",62,0.6,0.4,1.2,1.2,1.6,36,0.72,20,88,0.52,Imputed,moderate
11301028,F004721,"Juice concentrate, grape, commercial",730,0.6,0.3,44.1,44.1,0.3,13,0.36,7,60,0.13,Borrowed,at-risk
11703001,F008424,"Energy drink, added vitamins B2, B3, B5 & B12 (V)",182,0.1,0.0,10.8,10.8,0.0,9,0.0,110,0,0.0,Analysed,moderate
11703002,F010095,"Energy drink, added vitamins B2, B3, B5, B6 & B12 (V Blue)",228,0.0,0.0,13.8,13.8,0.0,9,0.0,50,0,0.0,Label Data,moderate
11703003,F008421,"Energy drink, added vitamins B3, B5, B6 & B12 (Red Bull)",182,0.1,0.0,10.8,10.8,0.0,9,0.0,71,0,0.0,Analysed,moderate
11703004,F008422,"Energy drink, added vitamins B3, B5 & B6 (Red Eye)",249,0.1,0.0,15.0,14.7,0.0,9,0.0,0,0,0.0,Label Data,moderate
11704001,F008416,"Energy drink, intense sweetened, added vitamins B2, B3, B5, B6 & B12 (V Sugarfree)",9,0.1,0.0,0.0,0.0,0.0,9,0.0,78,0,0.0,Label Data,moderate
11704002,F008418,"Energy drink, intense sweetened, added vitamins B2, B3, B6 & B12 (Monster Zero)",9,0.1,0.0,0.0,0.0,0.0,9,0.0,76,0,0.0,Label Data,moderate
11704003,F008415,"Energy drink, intense sweetened, added vitamins B3, B5, B6 & B12 (Red Bull Sugarfree/Zero)",9,0.1,0.0,0.0,0.0,0.0,9,0.0,42,0,0.0,Label Data,moderate
11703005,F008420,"Energy drink, not further defined",186,0.0,0.0,11.0,11.0,0.0,9,0.0,79,0,0.0,Recipe,moderate
11704004,F010085,"Energy drink, intense sweetened, not further defined",9,0.1,0.0,0.0,0.0,0.0,9,0.0,59,0,0.0,Recipe,moderate
11103001,F010066,"Ice tea, commercial",69,0.0,0.0,4.2,4.2,0.0,1,0.0,1,2,0.01,Recipe,moderate
11103002,F010065,"Ice tea, commercial, intense sweetened or diet",4,0.0,0.0,0.2,0.0,0.0,1,0.0,15,2,0.01,Label Data,moderate
11103003,F010144,"Ice tea, homemade",101,0.0,0.0,6.2,6.2,0.0,2,0.05,1,0,0.01,Recipe,moderate
11103004,F009795,Kombucha,28,0.0,0.0,0.9,0.8,0.1,0,0.0,0,0,0.0,Analysed,moderate
11906003,F010980,"Kava, prepared with water",19,0.1,0.1,0.8,0.0,0.0,5,0.38,3,0,0.0,Borrowed,moderate
11802001,F005696,"Mineral water, natural",0,0.0,0.0,0.0,0.0,0.0,6,0.0,8,0,0.0,Analysed,moderate
11605001,F005694,"Mineral water, flavoured",63,0.0,0.0,3.7,3.7,0.0,5,0.06,15,0,0.0,Analysed,moderate
11606001,F005695,"Mineral water, flavoured, intense sweetened or diet",5,0.0,0.0,0.2,0.2,0.0,5,0.06,15,0,0.0,Estimated,moderate
11603001,F008402,"Soft drink, cola flavour",206,0.0,0.2,12.3,12.3,0.0,1,0.0,2,0,0.0,Analysed,moderate
11603002,F008403,"Soft drink, cola flavour, caffeine free",206,0.0,0.2,12.3,12.3,0.0,1,0.0,2,0,0.0,Imputed,moderate
11604001,F008404,"Soft drink, cola flavour, intense sweetened or diet",0,0.0,0.0,0.0,0.0,0.0,1,0.0,5,0,0.0,Analysed,moderate
11604002,F008405,"Soft drink, cola flavour, intense sweetened or diet, caffeine free",0,0.0,0.0,0.0,0.0,0.0,1,0.0,5,0,0.0,Analysed,moderate
11601001,F008409,"Soft drink, creaming soda",158,0.0,0.0,9.8,9.8,0.0,5,0.12,7,0,0.06,Borrowed,moderate
11602001,F008408,"Soft drink, creaming soda, intense sweetened or diet",1,0.0,0.0,0.0,0.0,0.0,5,0.12,11,0,0.06,Borrowed,moderate
11601002,F008411,"Soft drink, dry ginger ale or ginger beer",158,0.0,0.0,9.8,9.8,0.0,5,0.12,7,0,0.06,Borrowed,moderate
11602002,F008410,"Soft drink, dry ginger ale or ginger beer, intense sweetened or diet",1,0.0,0.0,0.0,0.0,0.0,5,0.12,17,0,0.06,Imputed,moderate
11601003,F008438,"Soft drink, fruit flavours",142,0.0,0.0,8.8,8.8,0.0,2,0.0,14,0,0.0,Analysed,moderate
11602003,F008439,"Soft drink, fruit flavours, intense sweetened or diet",1,0.0,0.0,0.0,0.0,0.0,2,0.0,14,0,0.0,Imputed,moderate
11601004,F008432,"Soft drink, grass jelly, all flavours",157,0.0,0.0,9.8,9.1,0.0,3,0.0,38,0,0.0,Label Data,moderate
11601005,F008435,"Soft drink, lemon, lime & bitters",169,0.0,0.0,9.8,9.8,0.0,2,0.0,15,0,0.0,Recipe,moderate
11601006,F008456,"Soft drink, Lucozade",377,0.0,0.0,22.9,14.1,0.0,3,0.0,26,8,0.0,Label Data,moderate
11601008,F008460,"Soft drink, tonic water",142,0.0,0.0,8.8,8.8,0.0,1,0.01,12,0,0.1,Borrowed,moderate
11602004,F008461,"Soft drink, tonic water, intense sweetened or diet",1,0.0,0.0,0.0,0.0,0.0,1,0.01,12,0,0.1,Imputed,moderate
11601007,F008457,"Soft drink, sarsaparilla",192,0.0,0.0,11.9,11.9,0.0,1,0.0,12,0,0.0,Imputed,moderate
11601009,F010986,"Soft drink, with added dairy",211,1.7,0.0,11.2,11.2,0.0,56,0.0,35,1,0.16,Recipe,moderate
11603003,F008425,"Soft drink, frozen, cola flavour",120,0.0,0.2,6.9,6.9,0.0,1,0.0,2,0,0.0,Label Data,moderate
11601010,F008426,"Soft drink, frozen, non-cola flavours",112,0.0,0.0,6.9,6.9,0.0,3,0.0,13,0,0.0,Label Data,moderate
11702001,F008767,"Sports drink, dry powder, all flavours",1544,0.0,0.0,93.7,64.7,0.0,56,0.0,339,0,0.0,Label Data,at-risk
11701003,F010072,"Sports drink, made from dry powder & water, all flavours, standard dilution",77,0.0,0.0,4.7,3.2,0.0,4,0.0,20,0,0.0,Recipe,moderate
11701001,F008771,"Sports drink, ready to drink, all flavours",96,0.0,0.0,5.9,5.9,0.0,7,0.0,40,0,0.0,Label Data,moderate
11701002,F008772,"Sports drink, ready to drink, all flavours, sugar free",4,0.1,0.0,0.1,0.0,0.0,7,0.0,119,0,0.0,Label Data,moderate
16802001,F010960,"Acai, powder",1766,7.8,31.4,7.7,1.2,42.7,251,4.25,29,0,0.81,Borrowed,at-risk
31503007,F010064,Vegetable powder,1460,11.0,2.1,71.0,57.5,5.8,2091,66.0,354,337,17.3,Label Data,at-risk
31503008,F009443,Vegetable &/or fruit powder,1491,25.2,7.4,39.6,8.2,15.5,2091,66.0,303,337,17.3,Label Data,moderate
11402001,F009442,"Vegetable &/or fruit drink, made from powder & water",68,1.1,0.3,1.8,0.4,0.7,96,3.0,16,15,0.79,Recipe,moderate
11802002,F009516,"Water, bottled",0,0.0,0.0,0.0,0.0,0.0,1,0.0,1,0,0.0,Analysed,moderate
11802003,F008377,"Water, bottled, carbonated or soda water",0,0.0,0.0,0.0,0.0,0.0,2,0.0,3,0,0.0,Imputed,moderate
11804001,F009923,"Water, bottled, flavoured, added sugar",35,0.0,0.0,2.2,2.2,0.0,1,0.0,19,0,0.0,Label Data,moderate
11803001,F009517,"Water, bottled, flavoured, added sugar, vitamins & minerals",80,0.0,0.0,5.0,5.0,0.0,1,0.0,0,7,0.0,Label Data,moderate
11804002,F010529,"Water, bottled, flavoured, no added sugar",3,0.0,0.0,0.2,0.2,0.0,1,0.0,10,0,0.0,Label Data,moderate
11803002,F009925,"Water, bottled, flavoured, no added sugar, added vitamins & minerals",0,0.0,0.0,0.0,0.0,0.0,11,0.0,40,0,0.0,Label Data,moderate
11801001,F009515,"Water, bore",0,0.0,0.0,0.0,0.0,0.0,2,0.01,5,0,0.03,Imputed,moderate
11801002,F009519,"Water, filtered",0,0.0,0.0,0.0,0.0,0.0,1,0.0,1,0,0.0,Imputed,moderate
11801003,F009520,"Water, ice",0,0.0,0.0,0.0,0.0,0.0,2,0.0,3,0,0.0,Recipe,moderate
11801004,F009525,"Water, rainwater or tank water",0,0.0,0.0,0.0,0.0,0.0,0,0.01,1,0,0.01,Imputed,moderate
11801005,F009527,"Water, tap",0,0.0,0.0,0.0,0.0,0.0,2,0.0,3,0,0.0,Analysed,moderate
12101001,F000061,"Amaranth, grain, whole, uncooked",1527,15.2,6.4,55.6,3.8,11.1,147,7.0,2,4,2.7,Analysed,balanced
12101002,F000379,"Barley, pearl, uncooked",1424,9.9,3.1,60.6,1.0,13.1,28,2.2,10,0,1.2,Analysed,balanced
12101003,F000378,"Barley, pearl, cooked",590,4.1,1.3,25.1,0.4,5.4,14,0.92,10,0,0.51,Recipe,balanced
12101004,F000382,"BarleyMax, dry, uncooked",1347,17.0,7.9,32.6,4.5,27.0,41,4.34,4,0,2.65,Borrowed,balanced
12101005,F001919,"Buckwheat groats, uncooked",1364,12.8,3.2,58.0,1.4,5.0,14,3.0,1,0,2.9,Analysed,balanced
12101006,F001918,"Buckwheat groats, cooked",290,2.7,0.7,12.3,0.3,1.1,4,0.64,2,0,0.62,Recipe,moderate
12101007,F001929,"Bulgur (burghul, burgaul), uncooked",1434,10.3,2.0,66.1,1.0,7.8,30,2.5,3,0,3.0,Analysed,balanced
12101008,F001928,"Bulgur (burghul, burgaul), cooked",756,5.4,1.3,34.4,0.5,4.1,16,1.3,2,0,1.56,Analysed,balanced
12101009,F003230,"Cornmeal (polenta), uncooked",1421,8.5,1.7,70.0,0.7,3.0,2,0.54,0,0,0.6,Analysed,balanced
12101010,F003227,"Cornmeal (polenta), cooked",452,2.7,0.5,22.3,0.2,1.0,2,0.18,2,0,0.19,Recipe,moderate
12101011,F003239,"Couscous, uncooked",1523,13.8,0.2,73.6,3.4,4.2,27,1.9,2,0,1.1,Analysed,balanced
12101012,F003235,"Couscous, cooked",677,6.1,0.1,32.7,1.5,1.9,13,0.85,3,0,0.49,Recipe,moderate
12103002,F003983,"Flour, arrowroot",1378,0.4,0.2,78.6,0.0,3.4,35,0.5,2,0,0.0,Analysed,moderate
25201001,F003986,"Flour, chickpea (besan)",1373,19.7,5.5,38.5,2.2,20.8,159,4.6,11,3,3.1,Borrowed,balanced
12103003,F003988,"Flour, cornflour, from maize starch",1458,0.4,0.6,84.1,0.0,0.0,3,0.0,16,0,0.02,Analysed,moderate
12103004,F003989,"Flour, cornflour, from maize & wheat starch",1466,0.6,0.4,84.4,0.0,0.5,8,0.75,10,0,0.05,Analysed,moderate
12103005,F003990,"Flour, gluten free mix",1480,3.4,1.1,80.5,0.3,1.7,24,0.8,21,0,0.52,Analysed,moderate
22102001,F010328,"Flour, hemp",1228,22.3,11.1,2.7,2.5,49.4,117,15.5,7,0,7.1,Borrowed,balanced
12103006,F003998,"Flour, rice",1422,7.0,0.9,74.0,0.0,0.8,4,0.2,1,0,1.2,Recipe,moderate
12103007,F004000,"Flour, rye, wholemeal",1348,11.4,2.3,54.9,1.4,17.3,44,4.0,4,0,2.1,Analysed,balanced
25201002,F004002,"Flour, soya (soy)",1543,49.8,8.9,14.6,9.3,16.0,285,8.2,9,0,4.1,Borrowed,moderate
12103008,F004004,"Flour, spelt",1470,18.7,2.4,59.1,0.9,7.4,29,4.8,2,0,3.0,Analysed,balanced
12103009,F004007,"Flour, wheat, white, plain",1479,10.0,1.3,73.2,1.9,2.2,21,1.2,3,0,0.84,Analysed,balanced
12104001,F004008,"Flour, wheat, white, plain, added vitamins B1, B2, B3, B6, E & folate & Fe, Mg & Zn (Jackaroo)",1417,11.1,1.5,67.3,1.1,3.8,22,5.8,4,0,2.9,Analysed,balanced
12103010,F004009,"Flour, wheat, white, self-raising",1479,10.0,1.3,73.2,1.9,2.2,59,1.2,740,0,0.75,Analysed,at-risk
12104003,F004012,"Flour, wheat, white, self-raising, added calcium & folate",1479,10.0,1.3,73.2,1.9,2.2,200,1.2,740,0,0.75,Label Data,at-risk
12104004,F004013,"Flour, wheat, white, self-raising, added vitamins B1, B2, B3, B6, E & folate & Fe, Mg & Zn (Jackaroo)",1373,10.7,1.4,65.2,1.1,3.7,21,5.62,852,0,2.81,Recipe,at-risk
12104002,F004006,"Flour, wheat, white, high protein or bread making flour",1464,11.7,1.7,69.6,1.8,2.5,21,1.2,3,0,0.84,Analysed,balanced
12103011,F004014,"Flour, wheat, wholemeal, plain",1371,11.6,1.6,61.6,2.0,8.8,29,2.8,2,0,1.7,Analysed,balanced
12103012,F004015,"Flour, wheat, wholemeal, self-raising",1471,11.4,2.1,65.3,0.9,11.3,68,2.2,655,0,1.3,Analysed,at-risk
12101013,F005692,"Millet, uncooked",1483,10.2,3.5,67.4,0.6,3.7,8,5.2,1,0,2.7,Analysed,balanced
12101014,F005690,"Millet, cooked",487,3.3,1.1,22.1,0.2,1.2,4,1.71,2,0,0.89,Recipe,moderate
12101015,F006134,"Oat bran, unprocessed, uncooked",1525,16.7,9.3,45.0,1.5,16.7,58,5.41,4,0,3.11,Borrowed,balanced
12101016,F006143,"Oats, rolled, uncooked",1564,12.2,9.5,54.5,1.0,9.5,40,3.5,2,0,2.35,Analysed,balanced
12101017,F010283,"Oats, rolled, with added fibre, uncooked",1500,10.9,7.8,52.1,9.3,18.3,40,3.5,20,0,2.35,Label Data,moderate
12601001,F010270,"Oats, rolled, with added grains, uncooked",1558,12.2,9.3,54.6,1.0,9.6,39,3.52,3,0,2.37,Recipe,balanced
12601002,F010337,"Oats, rolled, mixed with dried fruit or flavours, uncooked",1532,9.8,7.4,61.1,19.2,8.3,36,2.88,10,2,1.87,Recipe,at-risk
12601003,F010265,"Oats, rolled, mixed with sugar & nuts uncooked",1624,11.1,11.0,57.0,13.1,8.4,45,3.08,2,0,2.11,Recipe,moderate
12602002,F010936,"Oats, rolled, gluten free, uncooked",1573,10.4,8.8,59.9,1.9,6.3,44,2.9,3,0,2.29,Recipe,balanced
12602001,F007655,"Oats, brown rice, with added dry fruit, uncooked",1400,6.5,2.5,68.4,13.8,3.9,14,0.95,16,0,1.43,Recipe,moderate
22102003,F007502,"Psyllium, husk, dry, uncooked",826,3.0,1.3,1.0,0.0,88.7,190,24.0,55,0,0.62,Analysed,balanced
12101018,F007593,"Quinoa, black, uncooked",1455,13.1,6.6,50.6,4.3,16.1,58,4.3,6,0,3.3,Analysed,balanced
12101019,F007597,"Quinoa, red, uncooked",1538,14.1,6.9,55.0,5.8,13.8,41,4.3,4,0,3.6,Analysed,balanced
12101020,F007599,"Quinoa, white, uncooked",1572,12.2,6.3,61.8,4.2,10.5,48,3.6,8,0,3.1,Analysed,balanced
12101021,F007598,"Quinoa, uncooked",1550,12.9,6.5,58.6,4.7,12.0,47,3.88,7,0,3.27,Recipe,balanced
12101022,F007596,"Quinoa, cooked",432,3.6,1.8,16.3,1.3,3.4,14,1.08,4,0,0.91,Recipe,balanced
12102001,F007633,"Rice bran, extruded or low processed, uncooked",1642,14.1,20.4,26.5,6.5,25.5,58,5.0,8,0,5.0,Analysed,at-risk
12102002,F007682,"Rice, white, uncooked",1422,7.0,0.9,74.0,0.0,0.8,4,0.2,1,0,1.2,Analysed,moderate
12102003,F007661,"Rice, white, cooked",659,3.1,0.2,34.7,0.1,0.8,2,0.09,0,0,0.58,Analysed,moderate
12102004,F007678,"Rice, white, purchased par-cooked or instant, cooked",643,3.4,0.6,32.5,0.0,1.0,2,0.09,21,0,0.52,Analysed,moderate
12102005,F007662,"Rice, white, cooked with coconut milk",768,3.0,6.8,27.3,0.4,0.3,3,0.21,6,0,0.51,Recipe,moderate
12102006,F007648,"Rice, brown, uncooked",1452,7.6,3.1,69.1,1.1,3.5,7,0.8,2,0,1.7,Analysed,balanced
12102007,F007641,"Rice, brown, cooked",693,4.1,1.1,33.5,0.3,1.7,7,0.59,2,0,0.1,Analysed,moderate
12102008,F007647,"Rice, brown, purchased par-cooked or instant, cooked",723,4.0,2.1,33.2,0.3,1.7,6,0.58,1,0,0.09,Recipe,moderate
12102009,F009858,"Rice, with grains, purchased par-cooked or instant, cooked",679,4.0,2.0,30.7,0.4,1.8,7,0.67,2,0,0.21,Recipe,moderate
12102010,F007650,"Rice, flavoured, instant dry mix",1493,9.8,3.6,69.9,3.6,1.2,56,0.0,669,0,1.58,Recipe,at-risk
12102011,F007651,"Rice, flavoured, made from dry mix",502,3.3,1.2,23.5,1.2,0.4,19,0.0,225,0,0.53,Analysed,moderate
12102012,F009859,"Rice, flavoured, purchased par-cooked or instant, cooked",663,3.2,2.1,30.5,1.7,1.2,4,0.17,221,4,0.44,Recipe,moderate
12102013,F007660,"Rice, red, cooked",693,4.1,1.1,33.5,0.3,1.7,7,0.59,2,0,0.1,Recipe,moderate
12102014,F007684,"Rice, wild, uncooked",1505,14.7,1.1,68.7,2.5,6.2,21,1.96,7,0,5.96,Borrowed,balanced
12102015,F007683,"Rice, wild, cooked",426,4.0,0.3,19.5,0.7,1.8,3,0.6,3,0,1.34,Borrowed,moderate
12102016,F007639,"Rice paper wrapper, soaked in water",640,3.2,0.4,33.3,0.0,0.4,3,0.09,765,0,0.54,Recipe,at-risk
12102017,F007649,"Rice, cooked, for making sushi",627,2.8,0.2,33.0,2.2,0.7,2,0.08,0,0,0.52,Recipe,moderate
12101023,F007722,"Rye, uncooked",1296,11.1,2.6,51.3,1.7,17.3,41,3.7,5,0,2.8,Analysed,balanced
12101024,F007729,"Sago, uncooked",1468,0.2,0.2,85.5,0.0,0.4,10,1.2,3,0,1.3,Borrowed,moderate
12101025,F007728,"Sago, cooked",231,0.0,0.0,13.5,0.0,0.1,3,0.19,3,0,0.21,Recipe,moderate
12103014,F008222,"Semolina, uncooked",1298,10.7,1.2,61.6,0.0,3.2,16,0.6,3,0,0.5,Analysed,balanced
12103015,F008220,"Semolina, cooked",413,3.4,0.4,19.6,0.0,1.0,6,0.19,3,0,0.16,Recipe,moderate
12101026,F008474,"Sorghum, grain, uncooked",1465,8.2,3.6,65.8,1.2,8.6,10,2.25,1,0,1.35,Analysed,balanced
12101027,F008745,"Spelt, uncooked",1388,11.7,3.0,59.2,1.4,8.8,21,2.8,3,0,1.9,Analysed,balanced
12103016,F009090,"Tapioca, uncooked",1359,0.2,0.2,79.3,0.0,0.0,16,1.7,1,0,0.1,Analysed,moderate
12103017,F009089,"Tapioca, cooked",197,0.0,0.0,11.5,0.0,0.0,4,0.25,3,0,0.02,Recipe,moderate
12103018,F009860,"Teff, uncooked",1030,13.3,2.4,38.4,1.8,8.0,180,7.63,12,0,3.63,Borrowed,balanced
12101028,F009535,"Wheat bran, unprocessed, uncooked",1119,14.8,4.1,22.6,2.7,41.8,75,11.0,6,0,7.2,Analysed,balanced
12101029,F009536,Wheat germ,1285,20.6,6.1,32.7,7.4,20.1,64,9.0,4,0,7.7,Analysed,balanced
12201001,F000233,"Bagel, from white flour, commercial",1109,10.4,1.4,50.7,6.2,3.1,29,1.0,490,0,0.7,Analysed,at-risk
12201002,F000234,"Bagel, from white flour, commercial, toasted",1260,11.8,1.6,57.6,7.0,3.5,33,1.14,557,0,0.8,Recipe,at-risk
12201003,F001683,"Breadcrumbs, white",1598,14.0,4.1,68.5,4.6,4.7,124,2.0,650,0,1.2,Recipe,at-risk
12202001,F001383,"Bread, corn",1596,6.5,23.6,35.6,3.6,1.3,46,0.5,184,0,0.53,Recipe,at-risk
12201004,F001384,"Bread, croutons",1677,12.8,9.7,62.3,4.2,4.3,113,1.82,971,0,1.1,Recipe,at-risk
12201005,F001385,"Bread, damper, white, commercial",1032,6.0,5.4,42.4,2.6,1.2,48,0.67,621,0,0.47,Recipe,at-risk
12201006,F001386,"Bread, damper, white, commercial, toasted",1214,7.1,6.4,49.9,3.1,1.4,57,0.79,730,0,0.55,Recipe,at-risk
12201007,F001387,"Bread, damper, white, homemade",1084,7.5,5.5,42.9,2.9,3.3,53,0.78,630,0,0.66,Analysed,at-risk
12201008,F009904,"Bread, damper, white, homemade, toasted",1275,8.8,6.5,50.5,3.4,3.9,62,0.92,741,0,0.78,Recipe,at-risk
12206001,F001389,"Bread, damper, from Jackaroo flour, homemade",1122,7.7,5.6,45.2,2.6,2.4,33,3.74,700,0,1.93,Recipe,at-risk
12302004,F001401,"Bread, flat (pita or Lebanese), white, commercial",1102,9.5,2.1,49.1,3.1,3.7,50,1.2,498,0,0.54,Analysed,at-risk
12302005,F001404,"Bread, flat (pita or Lebanese), wholemeal, commercial",1074,8.6,2.0,47.2,3.1,6.4,45,2.7,470,0,1.2,Analysed,at-risk
12302007,F001415,"Bread, flat wrap, white, commercial",1266,7.8,8.4,46.9,5.3,3.0,39,0.95,610,0,0.46,Analysed,at-risk
12302008,F009849,"Bread, flat wrap, white, low carbohydrate, commercial",1067,18.2,9.4,16.4,3.3,15.9,39,0.95,438,0,0.46,Label Data,at-risk
12302009,F009851,"Bread, flat wrap, flavoured, commercial",1270,8.1,8.4,46.8,2.3,2.6,39,0.95,694,0,0.46,Label Data,at-risk
12302010,F009850,"Bread, flat wrap, high fibre, commercial",1150,8.4,7.0,38.9,3.6,10.4,39,0.95,351,0,0.46,Label Data,moderate
12302011,F009847,"Bread, flat wrap, reduced fat, commercial",1074,8.6,3.0,46.8,3.3,2.2,39,0.95,944,0,0.46,Label Data,at-risk
12302012,F009848,"Bread, flat wrap, reduced salt, commercial",1266,7.8,8.4,46.9,5.3,3.0,39,0.95,365,0,0.46,Label Data,moderate
12303001,F009854,"Bread, flat wrap or tortilla, corn, commercial",999,4.8,3.2,44.8,4.5,5.0,43,0.8,370,0,0.91,Analysed,moderate
12303002,F001406,"Bread, flat wrap or tortilla, mixed grain, commercial",1176,8.8,8.5,40.3,3.3,3.8,191,0.9,610,0,0.55,Borrowed,at-risk
12303003,F001408,"Bread, flat wrap or tortilla, rice, commercial",1118,6.7,0.9,56.5,0.5,1.1,8,0.42,404,0,0.84,Recipe,at-risk
12303004,F001409,"Bread, flat wrap or tortilla, rye, commercial",1122,9.6,2.1,49.6,3.0,4.8,50,1.42,458,0,0.66,Recipe,at-risk
12302014,F001411,"Bread, flat wrap or tortilla, wholemeal, commercial",1122,9.0,5.1,43.1,1.8,6.3,45,2.7,389,0,1.2,Label Data,moderate
12302015,F001418,"Bread, flat wrap or tortilla, commercial, not further defined",1177,8.6,6.4,44.7,3.8,4.5,62,1.32,548,0,0.64,Recipe,at-risk
12302013,F001669,"Bread, flat, tortilla, white, commercial",1263,7.3,9.0,46.3,4.3,2.0,37,0.75,750,0,0.44,Analysed,at-risk
12302001,F001380,"Bread, flat, chapatti",957,6.9,2.1,43.3,1.2,3.5,17,1.29,344,0,0.82,Recipe,moderate
12303005,F009846,"Bread, flat, gluten free, commercial",1216,5.0,7.3,47.3,2.5,7.2,28,2.15,500,0,0.34,Recipe,at-risk
12302002,F001417,"Bread, flat, injera",972,6.6,0.8,48.1,1.2,1.4,18,0.8,72,0,0.56,Recipe,moderate
12302003,F001647,"Bread, flat, naan",1224,8.0,7.1,47.8,6.0,2.6,120,1.1,630,0,0.62,Analysed,at-risk
12306001,F001651,"Bread, flat, paratha",1254,5.7,14.4,35.4,1.0,3.0,15,1.07,392,0,0.68,Recipe,moderate
12302006,F001662,"Bread, flat, roti",1228,8.5,7.1,45.4,1.5,6.5,22,2.06,340,0,1.26,Recipe,moderate
12201009,F001421,"Bread, focaccia, plain, commercial",1063,8.9,1.4,49.2,3.0,2.5,84,1.35,550,0,0.81,Label Data,at-risk
12201010,F001422,"Bread, focaccia, plain, commercial, toasted",1266,10.6,1.7,58.6,3.6,3.0,100,1.61,655,0,0.97,Recipe,at-risk
12205001,F001603,"Bread, gluten free, commercial",888,5.5,3.9,36.6,2.6,3.9,50,1.0,526,0,0.53,Analysed,at-risk
12205002,F001609,"Bread, gluten free, commercial, toasted",1057,6.5,4.6,43.6,3.1,4.6,60,1.19,626,0,0.63,Recipe,at-risk
12205005,F001610,"Bread, gluten free, with added grains, commercial",987,6.9,6.8,33.9,2.5,5.4,57,1.33,486,0,0.84,Recipe,at-risk
12205006,F001611,"Bread, gluten free, with added grains, commercial, toasted",1161,8.1,8.0,39.9,3.0,6.4,67,1.57,572,0,0.99,Recipe,at-risk
12205003,F001606,"Bread, gluten free, homemade",1184,4.8,8.6,45.8,5.8,1.2,58,0.66,169,0,0.72,Recipe,moderate
12205004,F001607,"Bread, gluten free, homemade, toasted",1409,5.7,10.3,54.5,7.0,1.4,69,0.78,201,0,0.86,Recipe,moderate
12202002,F001621,"Bread, mixed grain, commercial",1078,10.7,4.5,39.8,2.5,5.8,155,1.73,409,0,1.17,Analysed,at-risk
12202003,F001644,"Bread, mixed grain, commercial, toasted",1268,12.6,5.3,46.8,3.0,6.9,182,2.04,481,0,1.37,Recipe,at-risk
12202006,F001636,"Bread, mixed grain, French stick or baguette, commercial",1197,11.9,5.0,44.2,2.8,6.5,172,1.92,454,0,1.3,Recipe,at-risk
12202004,F001638,"Bread, mixed grain, homemade",1033,8.5,4.0,41.3,2.0,4.9,28,1.57,402,0,1.08,Recipe,at-risk
12202005,F001639,"Bread, mixed grain, homemade, toasted",1215,10.0,4.7,48.6,2.4,5.8,33,1.85,473,0,1.27,Recipe,at-risk
12202008,F001365,"Bread roll, mixed grain, commercial",1046,12.2,3.0,40.3,2.3,5.6,160,4.7,660,0,1.7,Analysed,at-risk
12201020,F001545,"Bread, organic, commercial",1034,11.6,2.9,40.3,1.3,5.6,48,1.8,490,0,1.2,Analysed,at-risk
12201021,F001548,"Bread, organic, commercial, toasted",1216,13.7,3.4,47.4,1.5,6.6,56,2.12,576,0,1.41,Recipe,at-risk
12201022,F001653,"Bread, pizza base, commercial, uncooked",1109,8.6,3.3,48.5,3.7,2.7,70,0.94,390,0,0.69,Analysed,moderate
12201023,F001654,"Bread, pizza base, homemade, uncooked",982,6.0,3.7,43.2,1.7,1.4,13,0.72,336,0,0.54,Recipe,moderate
12201024,F001656,"Bread, pizza base, fast food style, thick base, uncooked",1059,5.8,6.4,42.0,1.6,1.3,13,0.7,327,0,0.52,Recipe,moderate
12201025,F001660,"Bread, pumpkin",870,6.6,2.4,38.5,4.0,2.2,17,0.73,310,2,0.54,Recipe,moderate
12204009,F001658,"Bread, pumpernickel, commercial",901,6.4,1.6,39.1,4.3,9.1,60,3.0,730,0,1.3,Analysed,at-risk
12204001,F001431,"Bread, rye, dark, commercial",967,8.5,2.0,40.8,2.5,7.0,52,2.4,530,0,1.0,Analysed,at-risk
12204002,F001432,"Bread, rye, dark, commercial, toasted",1138,10.0,2.4,48.0,2.9,8.2,61,2.82,624,0,1.18,Recipe,at-risk
12204003,F001440,"Bread, rye, light, commercial",1057,9.0,2.4,45.6,2.2,5.2,51,1.67,430,0,1.0,Analysed,at-risk
12204004,F001441,"Bread, rye, light, commercial, toasted",1243,10.6,2.8,53.7,2.6,6.0,60,1.96,506,0,1.18,Recipe,at-risk
12204005,F001428,"Bread, rye, added grains, commercial",1034,10.6,5.2,35.4,1.5,7.7,51,1.67,467,0,1.0,Label Data,at-risk
12204006,F001429,"Bread, rye, added grains, commercial, toasted",1217,12.5,6.1,41.6,1.8,9.0,60,1.96,549,0,1.18,Recipe,at-risk
12204007,F001434,"Bread, rye, homemade",1010,7.3,3.2,42.3,1.7,6.5,22,1.73,401,0,1.05,Recipe,at-risk
12204008,F001435,"Bread, rye, homemade, toasted",1189,8.6,3.7,49.8,2.0,7.7,26,2.04,472,0,1.24,Recipe,at-risk
12201018,F001453,"Bread, spelt, commercial",1154,13.9,3.4,43.8,0.7,5.8,23,3.64,296,0,2.23,Recipe,moderate
12201019,F001454,"Bread, spelt, commercial, toasted",1374,16.6,4.1,52.2,0.8,6.9,27,4.33,353,0,2.65,Recipe,moderate
12201026,F001537,"Bread, sour dough, commercial",961,8.8,1.4,42.9,1.2,3.1,21,1.1,490,0,0.65,Analysed,at-risk
12201027,F001538,"Bread, sour dough, commercial, toasted",1144,10.4,1.7,51.1,1.4,3.7,25,1.31,583,0,0.77,Recipe,at-risk
12201028,F001671,"Bread, Turkish, plain, commercial",1035,7.8,2.8,45.5,2.2,3.6,50,0.8,530,0,0.74,Analysed,at-risk
12201029,F001672,"Bread, Turkish, plain, commercial, toasted",1233,9.2,3.3,54.2,2.6,4.3,60,0.95,631,0,0.88,Recipe,at-risk
12201011,F001463,"Bread, white, commercial",1050,9.5,2.0,46.2,3.1,3.2,84,1.35,439,0,0.81,Analysed,at-risk
12201012,F001541,"Bread, white, commercial, toasted",1241,10.8,2.8,54.3,3.7,4.3,150,1.38,512,0,0.96,Analysed,at-risk
12206002,F001468,"Bread, white, commercial, added fibre",1032,9.7,1.7,43.6,2.5,6.4,56,1.44,448,0,0.8,Analysed,at-risk
12206003,F001479,"Bread, white, commercial, added fibre, toasted",1229,11.5,2.0,51.9,3.0,7.7,67,1.72,534,0,0.96,Recipe,at-risk
12206004,F001492,"Bread, white, commercial, added fibre & vitamins B1, B3, B6 & E, Fe & Zn",980,8.0,2.2,41.0,2.6,7.6,84,5.8,373,0,2.9,Label Data,moderate
12206005,F001493,"Bread, white, commercial, added fibre & vitamins B1, B3, B6 & E, Fe & Zn, toasted",1152,9.4,2.6,48.2,3.0,8.9,98,6.82,439,0,3.41,Recipe,at-risk
12206006,F001484,"Bread, white, commercial, added omega-3 polyunsaturates",1054,9.1,2.1,46.6,2.4,3.1,56,1.44,448,0,0.8,Analysed,at-risk
12206007,F001485,"Bread, white, commercial, added omega-3 polyunsaturates, toasted",1226,10.6,2.4,54.2,2.8,3.6,65,1.68,521,0,0.94,Recipe,at-risk
12206008,F001543,"Bread, white Jackaroo flour, commercial, added vitamins B1 & folate & Fe",1052,8.3,2.3,45.7,3.8,6.5,150,4.8,410,0,0.88,Analysed,at-risk
12206009,F001544,"Bread, white Jackaroo flour, commercial, added vitamins B1 & folate & Fe, toasted",1238,9.8,2.7,53.8,4.5,7.6,176,5.65,482,0,1.04,Recipe,at-risk
12201013,F001519,"Bread, white, French stick or baguette, commercial",1166,10.5,2.2,51.4,3.5,3.6,93,1.5,488,0,0.9,Recipe,at-risk
12201014,F001528,"Bread, white, Italian-style, commercial",1070,9.0,2.5,46.8,2.0,3.9,16,0.84,500,0,0.77,Analysed,at-risk
12201015,F001529,"Bread, white, Italian-style, commercial, toasted",1274,10.7,3.0,55.7,2.4,4.6,19,1.0,595,0,0.92,Recipe,at-risk
12201016,F001522,"Bread, white, homemade",1053,6.8,2.8,48.2,1.9,1.6,15,0.82,400,0,0.64,Recipe,moderate
12201017,F001523,"Bread, white, homemade, toasted",1224,8.0,3.3,56.1,2.2,1.9,17,0.96,466,0,0.75,Recipe,at-risk
12201030,F001353,"Bread roll, white, commercial",1044,9.3,2.9,44.6,3.4,3.0,107,1.26,380,0,0.82,Analysed,moderate
12201031,F001356,"Bread roll, white, fast food style",1071,9.4,2.9,46.1,4.5,3.0,108,1.28,384,0,0.83,Recipe,moderate
12203001,F001553,"Bread, wholemeal, commercial",993,10.4,2.5,39.2,3.2,6.9,133,1.97,418,0,1.24,Analysed,at-risk
12203002,F001597,"Bread, wholemeal, commercial, toasted",1168,12.2,2.9,46.1,3.7,8.1,157,2.32,492,0,1.46,Recipe,at-risk
12206010,F001561,"Bread, wholemeal, commercial, added fibre & vitamins B1, B3, B6 & E, Fe & Zn",1052,10.7,2.5,41.7,2.6,8.0,133,6.0,400,0,3.5,Label Data,moderate
12206011,F001562,"Bread, wholemeal, commercial, added fibre & vitamins B1, B3, B6 & E, Fe & Zn, toasted",1252,12.7,3.0,49.6,3.1,9.5,159,7.14,476,0,4.17,Recipe,at-risk
12203003,F001581,"Bread, wholemeal, homemade",983,7.8,3.0,40.7,1.9,5.9,20,1.86,400,0,1.2,Recipe,moderate
12203004,F001582,"Bread, wholemeal, homemade, toasted",1156,9.2,3.6,47.9,2.3,7.0,23,2.19,470,0,1.42,Recipe,at-risk
12203005,F001360,"Bread roll, wholemeal, commercial",1095,10.1,3.0,45.2,3.0,5.8,90,2.5,560,0,1.1,Analysed,at-risk
12202007,F009910,"Bread, with hemp seeds",1049,8.3,4.5,41.3,1.9,4.8,22,1.92,388,0,1.31,Recipe,moderate
12201032,F001381,"Bread, commercial, not further defined",1048,9.8,2.6,43.8,3.0,4.4,104,1.54,431,0,0.95,Recipe,at-risk
12201033,F001614,"Bread, homemade, not further defined",1005,7.7,3.1,42.5,1.9,4.9,20,1.59,400,0,1.06,Recipe,moderate
12201034,F001615,"Bread, homemade, not further defined, toasted",1183,9.0,3.6,50.0,2.3,5.7,23,1.87,471,0,1.24,Recipe,at-risk
13514004,F010047,"Breadcrumbs for coating food, uncooked",1302,11.2,3.2,56.5,3.6,3.7,97,1.58,540,0,0.96,Recipe,at-risk
12306002,F001600,"Bread, garlic or herb, commercial, cooked",1442,8.0,15.1,42.8,3.4,3.0,66,0.9,580,0,0.66,Analysed,at-risk
12306003,F001601,"Bread, garlic or herb, homemade, cooked",1261,9.2,10.4,39.8,2.8,4.8,96,1.46,442,0,0.91,Recipe,at-risk
12304001,F001372,"Bread or bread roll, topped/mixed with cheese",1173,12.4,9.0,35.8,2.8,2.4,238,1.04,441,0,1.35,Recipe,at-risk
12304002,F001373,"Bread or bread roll, topped/mixed with cheese & bacon",1173,16.6,11.2,27.0,2.3,1.8,218,0.91,765,0,1.61,Recipe,at-risk
12304003,F001345,"Bread or bread roll, topped/mixed with cheese & vegemite",1177,13.4,9.8,33.1,2.6,2.4,256,1.11,555,0,1.57,Recipe,at-risk
12304004,F001346,"Bread or bread roll, topped/mixed with cheese & vegetables",1034,10.9,7.9,31.5,2.9,2.4,205,1.05,622,8,1.2,Recipe,at-risk
12304005,F001347,"Bread or bread roll, topped/mixed with cheese, meat & vegetables",945,9.3,7.8,28.2,3.3,2.3,116,0.99,600,12,0.88,Recipe,at-risk
12304006,F001348,"Bread or bread roll, topped/mixed with olives",1018,8.2,5.7,37.9,2.9,3.0,98,1.32,542,0,0.72,Recipe,at-risk
12305001,F000235,"Bagel, fruit, commercial",1019,9.4,1.3,46.7,6.6,3.1,27,0.94,441,0,0.64,Recipe,at-risk
12305002,F000236,"Bagel, fruit, commercial, toasted",1158,10.7,1.4,53.1,7.5,3.5,31,1.06,501,0,0.72,Recipe,at-risk
12305004,F001457,"Bread, commercial, added dried fruit",1112,8.8,3.7,47.3,18.1,3.6,110,1.5,312,0,0.7,Analysed,at-risk
12305005,F001458,"Bread, commercial, added dried fruit, toasted",1236,9.8,4.1,52.6,20.1,4.0,122,1.67,346,0,0.78,Recipe,at-risk
12305006,F001459,"Bread, homemade, added dried fruit",1161,5.8,4.7,52.2,15.6,2.0,31,1.12,330,0,0.58,Recipe,at-risk
12305007,F001460,"Bread, homemade, added dried fruit, toasted",1290,6.4,5.2,58.0,17.3,2.2,34,1.24,367,0,0.64,Recipe,at-risk
12305003,F010407,"Bread, brioche",1353,9.5,10.6,46.5,11.8,2.4,45,1.2,400,4,0.77,Analysed,moderate
12305008,F001934,"Bun, sweet, chocolate or chocolate chips, uniced",1462,8.2,11.9,51.7,17.7,2.4,81,1.57,196,1,0.9,Recipe,at-risk
12305011,F001940,"Bun, sweet, with sultanas, uniced",1236,6.5,5.0,55.2,22.3,3.0,60,1.4,337,0,0.65,Analysed,at-risk
12305012,F001939,"Bun, sweet, with sultanas, iced",1280,6.0,6.0,56.5,26.7,2.7,58,1.26,305,0,0.6,Recipe,at-risk
12305013,F001943,"Bun, sweet, with fruit (other than sultanas), uniced",1215,6.1,3.5,57.3,24.0,3.2,19,0.81,322,2,0.47,Recipe,at-risk
12305014,F001942,"Bun, sweet, with fruit (other than sultanas), iced",1238,5.9,4.1,57.9,26.1,3.0,20,0.77,307,2,0.45,Recipe,at-risk
12305015,F001941,"Bun, sweet, with fruit (other than sultanas) & nuts, iced",1372,6.6,9.3,53.5,24.3,3.3,26,0.91,283,2,0.62,Recipe,at-risk
12305017,F010403,"Bun, sweet, without fruit, uniced",1199,8.1,4.9,51.2,4.4,1.7,15,0.83,246,0,0.58,Recipe,moderate
12305010,F001938,"Bun, sweet, with custard, iced",1272,5.9,10.0,47.6,16.3,1.1,26,0.62,285,0,0.47,Recipe,at-risk
12305016,F001944,"Bun, sweet, with mock cream & jam, uniced",1334,3.9,12.7,47.4,27.5,2.0,17,0.51,427,1,0.32,Recipe,at-risk
12305009,F001937,"Bun, sweet, sticky cinnamon, iced",1387,6.2,10.0,53.7,17.8,2.4,32,0.79,276,0,0.47,Recipe,at-risk
12306004,F004026,"French toast, plain",845,8.8,8.1,22.5,2.9,1.6,82,1.18,281,0,0.79,Recipe,moderate
12305018,F006307,Panettone,1138,6.4,3.8,52.2,16.0,2.2,36,1.27,269,0,0.7,Recipe,at-risk
12305019,F010962,"Pizza, sweet",1235,6.1,8.1,48.3,14.8,2.2,38,0.84,265,1,0.67,Recipe,moderate
13604001,F003313,"Crumpet, white, commercial, toasted",930,7.1,1.2,43.3,2.6,3.0,87,1.1,860,0,0.6,Analysed,at-risk
13604002,F003315,"Crumpet, wholemeal, commercial, toasted",837,6.0,1.1,39.1,1.5,3.9,83,1.8,982,0,0.6,Analysed,at-risk
12301001,F005896,"Muffin, English style, white, commercial",938,10.1,2.1,38.7,1.7,3.2,170,1.1,418,0,0.78,Analysed,at-risk
12301002,F005898,"Muffin, English style, white, commercial, toasted",1019,11.0,2.3,42.1,1.8,3.4,185,1.2,454,0,0.85,Recipe,at-risk
12301004,F010990,"Muffin, English style, wholemeal, commercial",945,10.3,2.2,38.0,1.7,4.7,166,1.5,401,0,1.04,Recipe,at-risk
12301005,F005899,"Muffin, English style, wholemeal, commercial, toasted",1027,11.2,2.4,41.4,1.9,5.1,181,1.63,436,0,1.13,Recipe,at-risk
12301006,F005900,"Muffin, English style, mixed grain, commercial, toasted",1102,11.4,3.4,43.7,1.8,4.3,167,1.46,400,0,1.07,Recipe,moderate
12301007,F009857,"Muffin, English style, gluten free, commercial, toasted",1065,6.8,4.9,41.2,4.4,8.9,29,2.57,353,0,0.3,Recipe,moderate
12301003,F005897,"Muffin, English style, white, commercial, added dried fruit, toasted",1055,9.7,2.0,46.4,11.6,3.6,169,1.27,391,0,0.77,Recipe,moderate
13512009,F004227,"Gnocchi, commercial, boiled",608,3.3,0.6,30.1,0.5,2.0,10,0.47,467,4,0.37,Recipe,at-risk
13512010,F010537,"Gnocchi, homemade, boiled",542,3.8,0.6,25.8,0.6,1.8,10,0.55,10,4,0.39,Recipe,moderate
13512011,F004226,"Gnocchi, boiled, not further defined",591,3.4,0.6,29.0,0.5,2.0,10,0.49,346,4,0.38,Recipe,moderate
12403001,F006043,"Noodle, buckwheat or soba, uncooked",1503,11.9,1.3,71.2,0.0,5.3,29,2.55,563,0,1.03,Estimated,at-risk
12403002,F006042,"Noodle, buckwheat or soba, boiled, drained",455,3.6,0.4,21.5,0.0,1.6,9,0.77,170,0,0.31,Analysed,moderate
12403003,F009908,"Noodle, konjac, boiled, drained",37,0.0,0.0,0.0,0.0,3.9,6,0.21,3,0,0.37,Estimated,moderate
12403004,F006038,"Noodle, rice stick, boiled, drained",498,2.5,0.0,26.1,0.0,0.7,6,0.21,3,0,0.37,Analysed,moderate
12402001,F006068,"Noodle, wheat, instant, unflavoured, uncooked",1842,11.0,19.1,54.0,0.9,3.7,28,2.5,572,0,1.02,Imputed,at-risk
12402002,F006066,"Noodle, wheat, instant, unflavoured, boiled, drained",601,3.8,6.2,17.6,0.3,1.2,9,0.8,200,0,0.33,Analysed,moderate
12402003,F006067,"Noodle, wheat, instant, unflavoured, boiled, undrained",226,1.4,2.3,6.6,0.1,0.4,4,0.3,77,0,0.13,Recipe,moderate
12402004,F006055,"Noodle, wheat, instant, flavoured, uncooked",1842,11.0,19.1,54.0,0.9,3.7,28,2.5,1108,0,1.02,Estimated,at-risk
12402005,F006053,"Noodle, wheat, instant, flavoured, boiled, drained",601,3.8,6.2,17.6,0.3,1.2,9,0.8,360,0,0.33,Analysed,moderate
12402006,F006054,"Noodle, wheat, instant, flavoured, boiled, undrained",226,1.4,2.3,6.6,0.1,0.4,4,0.3,137,0,0.13,Recipe,moderate
12402007,F009909,"Noodle, wheat, instant, low fat, boiled, drained",340,1.9,0.4,13.3,0.7,8.4,9,0.8,360,0,0.33,Analysed,moderate
12402008,F009912,"Noodle, wheat, instant, low fat, boiled, undrained",127,0.7,0.2,5.0,0.3,3.2,4,0.3,137,0,0.13,Recipe,moderate
12401001,F006048,"Noodle, wheat, Asian style, cooked",608,6.3,1.0,26.5,0.0,1.7,13,0.41,100,0,0.3,Analysed,moderate
12401002,F006044,"Noodle, wheat with egg, boiled, drained",694,7.5,1.4,29.1,0.6,2.6,16,0.87,4,0,0.71,Imputed,balanced
12401007,F006445,"Pasta, egg, plain, uncooked",1517,13.5,1.8,70.3,0.0,3.3,20,1.1,11,0,0.66,Recipe,balanced
12401008,F006444,"Pasta, egg, plain, boiled, no added salt",694,7.5,1.4,29.1,0.6,2.6,16,0.87,4,0,0.71,Analysed,balanced
12403005,F006429,"Pasta, gluten free, plain, boiled, no added salt",639,3.1,0.7,32.4,0.0,1.2,15,0.85,1,0,0.28,Analysed,moderate
12403006,F009835,"Pasta, lentil or pulse based, plain, boiled, no added salt",629,14.4,1.7,16.1,1.2,6.2,46,3.1,16,0,1.6,Analysed,balanced
12401009,F006453,"Pasta, spinach, plain, uncooked",1525,11.9,1.3,73.1,2.7,4.4,39,2.5,38,0,0.7,Analysed,balanced
12401010,F006451,"Pasta, spinach, plain, boiled, no added salt",554,3.8,0.4,27.3,0.2,1.4,15,0.8,48,0,0.3,Analysed,moderate
12401003,F006458,"Pasta, white, plain, dry, uncooked",1458,12.7,1.4,68.5,0.0,3.2,18,1.0,5,0,0.6,Analysed,balanced
12401004,F006456,"Pasta, white, plain, boiled, no added salt",572,5.3,0.4,26.2,0.2,2.2,12,0.71,2,0,0.57,Analysed,balanced
12401005,F006460,"Pasta, white, plain, fresh, uncooked",1168,10.5,3.4,49.4,0.9,3.3,27,1.3,11,0,0.7,Analysed,balanced
12401006,F006459,"Pasta, white, plain, fresh, boiled, no added salt",691,5.9,3.0,27.1,1.1,2.7,18,0.7,78,0,0.4,Analysed,balanced
12401011,F006465,"Pasta, wholemeal, plain, uncooked",1404,12.5,2.2,60.6,0.0,9.9,63,3.9,11,0,1.4,Analysed,balanced
12401012,F006464,"Pasta, wholemeal, plain, boiled, no added salt",586,5.4,0.8,24.6,0.0,5.7,28,1.8,5,0,0.6,Analysed,balanced
12403007,F010323,"Pasta, with hemp, uncooked",1394,9.1,2.3,64.0,0.3,7.6,20,2.34,5,0,2.02,Recipe,balanced
12403008,F009911,"Pasta, with hemp, boiled, no added salt",558,3.6,0.9,25.6,0.1,3.0,8,0.7,1,0,0.81,Recipe,balanced
12101030,F004251,"Grains & pasta, for homemade soup recipes",600,4.6,0.6,28.3,0.1,1.7,9,0.41,39,0,0.41,Recipe,moderate
12403009,F010737,"Noodles, boiled, for use in mixed dish recipes",587,5.0,1.4,25.7,0.2,1.6,11,0.52,66,0,0.42,Recipe,moderate
12403010,F006069,"Noodles & pasta, boiled, for use in mixed dishes",582,5.1,1.0,25.8,0.2,1.9,12,0.62,42,0,0.47,Recipe,moderate
12401013,F006442,"Pasta, unfilled, for pasta recipes",602,5.7,0.9,26.4,0.4,2.5,16,0.9,20,0,0.57,Recipe,balanced
12404001,F006425,"Pasta, filled with meat, commercial, cooked without added sauce",947,8.2,7.5,30.3,1.0,2.0,30,0.7,434,0,0.6,Analysed,at-risk
12404002,F006428,"Pasta, filled with vegetables, commercial, cooked without added sauce",847,7.7,4.3,31.8,1.5,2.2,77,0.8,389,0,0.5,Label Data,moderate
12404003,F009907,"Pasta, gluten free, filled with spinach & ricotta, commercial, cooked without added sauce",447,4.1,2.6,16.0,0.7,1.1,52,1.07,400,2,0.4,Recipe,moderate
11905001,F010030,"Breakfast cereal, beverage, chocolate flavour, added vitamins & minerals",321,3.1,1.5,12.4,7.0,0.8,148,0.38,49,0,0.21,Label Data,moderate
11905002,F010031,"Breakfast cereal, beverage, chocolate flavour, no added sugar, added vitamins & minerals",234,3.4,1.5,6.2,4.2,1.6,148,0.38,49,0,0.21,Label Data,moderate
11905003,F001688,"Breakfast cereal, beverage, non-chocolate flavours, added vitamins & minerals",321,3.1,1.5,12.4,7.0,0.8,148,0.38,49,0,0.21,Analysed,moderate
11905004,F010032,"Breakfast cereal, beverage, non-chocolate flavours, no added sugar, added vitamins & minerals",234,3.4,1.5,6.2,4.2,1.6,148,0.38,49,0,0.21,Label Data,moderate
11905005,F010033,"Breakfast cereal, beverage, dairy free, chocolate flavour, added vitamins & minerals",292,3.5,1.7,9.4,4.8,1.6,148,0.38,49,0,0.21,Label Data,moderate
11905006,F010034,"Breakfast cereal, beverage, dairy free, non-chocolate flavours, added vitamins & minerals",289,3.5,1.8,9.0,4.5,1.6,148,0.38,49,0,0.21,Label Data,moderate
12514001,F001684,"Breakfast cereal, barley, flakes, added dried fruit, unfortified",1342,12.6,6.2,44.9,20.1,18.9,68,3.64,32,0,2.0,Recipe,at-risk
12501001,F001708,"Breakfast cereal, corn, flakes, unfortified",1558,7.3,2.9,75.6,7.7,4.6,3,0.99,270,0,0.7,Analysed,moderate
12502002,F001699,"Breakfast cereal, corn, flakes, added vitamins B1, B2, B3 & folate & Fe",1620,7.3,1.2,84.1,7.5,2.2,3,8.67,384,0,0.7,Label Data,moderate
12502003,F001701,"Breakfast cereal, corn, flakes, added vitamins B2, B3, B6, E & folate, Fe & Zn",1625,7.9,1.8,81.8,8.9,3.8,2,8.6,485,0,5.1,Analysed,at-risk
12502004,F010397,"Breakfast cereal, corn, flakes, gluten free, added vitamins B1, B2, B3, B6, E & folate, Fe & Zn",1561,7.8,0.4,80.9,7.3,4.2,2,6.9,470,0,3.4,Label Data,at-risk
12502006,F001697,"Breakfast cereal, corn, flakes, nuts, added vitamins B2, B3, B6, E, folate, Fe & Zn",1654,6.5,5.2,79.6,31.3,3.7,2,4.3,355,0,3.4,Analysed,at-risk
12502005,F001715,"Breakfast cereal, corn, flakes, sugar frosted, added vitamins B2, B3, B6, E & folate, Fe & Zn",1594,5.2,0.7,87.8,41.3,2.0,3,4.0,330,0,4.0,Label Data,at-risk
12502001,F001694,"Breakfast cereal, corn, crispy pillows, honey, added vitamins B1, B2, B3 & folate",1612,5.5,1.0,87.3,27.7,1.6,3,0.99,490,0,0.7,Label Data,at-risk
12501002,F001800,"Breakfast cereal, corn, puffed or popped, no added sugar or salt, unfortified",1599,3.9,2.3,79.0,1.0,13.2,2,3.2,1,0,3.1,Label Data,balanced
12512001,F001730,"Breakfast cereal, mixed grain, clusters, nuts, added vitamins B1, B2, B3, B6, C, E & folate, Ca, Fe & Zn",1665,10.4,8.4,66.7,20.5,8.0,390,7.5,215,25,4.5,Label Data,at-risk
12512002,F001766,"Breakfast cereal, mixed grain, clusters, nuts & honey, added vitamins B2, B3, B6, E & folate, Fe & Zn",1769,7.2,7.5,80.5,29.7,3.8,27,3.4,350,0,3.4,Label Data,at-risk
12510001,F010434,"Breakfast cereal, mixed grain, extruded, added vitamins B1, B2, B3, B6, C & folate, Ca, Fe & Zn",1605,17.9,2.5,70.0,26.7,5.2,267,10.0,360,33,6.0,Label Data,at-risk
12510002,F001747,"Breakfast cereal, mixed grain, extruded, added vitamins B1, B2, B3, B6, C, E & folate, Ca, Fe & Zn",1606,7.0,3.8,76.7,14.6,7.1,400,10.0,265,33,6.0,Label Data,moderate
12510003,F001767,"Breakfast cereal, mixed grain, extruded, added vitamins B2, B3, B6 & folate, Ca, Fe & Zn",1551,23.3,2.5,62.8,28.0,2.5,284,11.19,602,0,4.5,Analysed,at-risk
12510004,F010436,"Breakfast cereal, mixed grain, extruded, gluten free, added Ca",1449,8.0,4.0,65.2,12.7,8.0,320,2.0,159,0,1.8,Label Data,moderate
12510005,F001726,"Breakfast cereal, mixed grain, extruded, chocolate coating, added vitamins B2, B3, B6, B12, C & D, Ca & Fe",1582,9.0,4.7,71.5,26.9,7.9,530,10.0,110,33,1.8,Label Data,at-risk
12510006,F001771,"Breakfast cereal, mixed grain, extruded, fruit flavours, added vitamins B2, B3, B6 & folate, Fe & Zn",1641,5.4,3.6,84.3,38.8,2.4,27,10.0,360,0,6.0,Label Data,at-risk
12510007,F001720,"Breakfast cereal, mixed grain, flakes, added vitamins B2, B3, B6, D & folate, Ca, Fe & Zn",1669,18.2,4.1,70.5,13.2,2.7,936,13.8,474,11,3.28,Analysed,at-risk
12511001,F010437,"Breakfast cereal, mixed grain, flakes, dried fruit, unfortified",1472,9.1,1.5,71.6,25.3,8.2,31,2.6,32,6,1.8,Imputed,at-risk
12512003,F001754,"Breakfast cereal, mixed grain, flakes, dried fruit, added vitamins B1, B2, B3 & folate, Ca & Fe",1481,8.9,1.6,71.8,19.4,7.8,444,6.7,250,6,1.8,Label Data,at-risk
12512004,F001728,"Breakfast cereal, mixed grain, flakes, dried fruit, added vitamins B1, B2, B3, B6, C, E & folate, Ca, Fe & Zn",1446,7.4,1.5,69.4,17.9,12.0,200,6.0,205,25,4.5,Label Data,at-risk
12512005,F001776,"Breakfast cereal, mixed grain, flakes, dried fruit, added vitamins B1, B2, B3, B6, E & folate, Ca, Fe & Zn",1525,13.9,2.1,67.9,18.7,8.6,320,6.0,125,6,4.5,Label Data,at-risk
12512006,F001733,"Breakfast cereal, mixed grain, flakes, dried fruit, added vitamins B2, B3, B6 & folate, Fe & Zn",1472,9.1,1.5,71.6,25.3,8.2,31,8.6,32,6,3.0,Analysed,at-risk
12512007,F010453,"Breakfast cereal, mixed grain, flakes, dried fruit, added vitamins & minerals",1553,9.6,7.3,62.0,17.9,9.6,31,5.0,169,6,3.0,Label Data,at-risk
12511003,F010440,"Breakfast cereal, mixed grain, flakes, dried fruit & nuts, unfortified",1508,8.3,3.5,70.3,18.2,7.6,36,2.6,120,0,1.8,Imputed,at-risk
12512008,F001774,"Breakfast cereal, mixed grain, flakes, dried fruit & nuts, added vitamins B1, B2, B3, B6, E & folate, Ca, Fe & Zn",1557,8.4,5.6,68.1,21.8,8.9,400,6.0,175,0,4.5,Label Data,at-risk
12512009,F001755,"Breakfast cereal, mixed grain, flakes, dried fruit & nuts, added vitamins B2, B3, B6 & folate, Fe & Zn",1508,8.3,3.5,70.3,18.2,7.6,36,6.3,120,0,4.5,Analysed,at-risk
12512010,F010454,"Breakfast cereal, mixed grain, flakes, dried fruit & nuts, added vitamins & minerals",1575,8.2,4.5,72.0,17.9,7.9,200,6.0,215,25,4.5,Label Data,at-risk
12510008,F010442,"Breakfast cereal, mixed grain, flakes, gluten free, added vitamins B1, B2, B3, B6, E & folate, Fe & Zn",1590,6.5,1.4,82.5,13.8,3.3,6,4.5,500,0,7.8,Label Data,at-risk
12509001,F001788,"Breakfast cereal, mixed grain, flakes, honey, unfortified",1488,8.4,4.1,65.0,11.9,12.5,27,2.6,220,0,1.8,Analysed,moderate
12510009,F001787,"Breakfast cereal, mixed grain, flakes, honey, added vitamins B1, B2, B3 & folate & Fe",1637,9.8,5.0,73.0,11.8,7.0,27,10.0,380,0,1.8,Label Data,moderate
12511002,F010441,"Breakfast cereal, mixed grain, flakes, nuts, unfortified",1632,8.8,10.5,59.5,14.6,11.8,35,2.6,185,0,1.88,Recipe,moderate
12512011,F010456,"Breakfast cereal, mixed grain, flakes, nuts, added vitamins & minerals",1617,8.9,5.8,70.6,14.6,8.2,300,7.5,200,25,4.5,Label Data,moderate
12512012,F001749,"Breakfast cereal, mixed grain, flakes & clusters, honey & macadamias, added vitamins B1, B2, B3, E & folate, Ca & Fe",1625,9.3,8.0,66.4,17.2,7.4,444,6.7,295,0,1.8,Label Data,at-risk
12503003,F010400,"Breakfast cereal, rice, extruded, gluten free, intense sweetened, unfortified",1579,10.2,1.6,64.8,0.2,6.5,6,0.63,130,0,1.5,Label Data,balanced
12504001,F010401,"Breakfast cereal, rice, flakes, gluten free, fruit & nut, added vitamins & minerals",1650,7.6,4.7,77.6,16.8,4.0,6,3.0,495,0,3.28,Label Data,at-risk
12503001,F001811,"Breakfast cereal, rice, puffed or popped, no added sugar or salt, unfortified",1604,8.5,3.0,77.6,0.6,2.3,6,0.63,5,0,1.5,Analysed,balanced
12504002,F001802,"Breakfast cereal, rice, puffed or popped, added vitamins B1, B2, B3 & folate & Fe",1666,7.2,1.3,87.3,5.0,2.1,6,7.0,450,0,1.5,Label Data,at-risk
12504003,F001803,"Breakfast cereal, rice, puffed or popped, added vitamins B2, B3, B6 & folate, Fe & Zn",1549,6.8,1.1,81.2,6.2,0.9,6,15.5,658,0,7.8,Analysed,at-risk
12503002,F001809,"Breakfast cereal, rice, puffed or popped, cocoa coating, unfortified",1626,7.0,1.2,86.4,22.7,2.1,6,0.63,296,0,1.5,Label Data,at-risk
12504004,F001805,"Breakfast cereal, rice, puffed or popped, cocoa coating, added vitamins B1, B2, B3 & folate & Fe",1615,6.8,1.6,83.6,21.2,5.0,6,10.0,222,0,1.5,Label Data,at-risk
12504005,F001807,"Breakfast cereal, rice, puffed or popped, cocoa coating, added vitamins B2, B3, B6 & folate, Ca, Fe & Zn",1610,5.3,2.9,83.2,30.4,1.9,388,13.8,496,0,7.8,Analysed,at-risk
12504006,F010405,"Breakfast cereal, rice, puffed or popped, cocoa coating, gluten free, added vitamins B1, B2, B3, E & folate",1600,5.3,1.0,87.5,28.7,1.7,6,0.63,360,0,1.5,Label Data,at-risk
12506001,F001818,"Breakfast cereal, wheat bran, flakes, added vitamins B2, B3, B6 & folate, Fe & Zn",1477,12.2,3.6,58.4,11.0,19.3,40,16.95,360,0,4.5,Analysed,moderate
12508001,F001819,"Breakfast cereal, wheat bran, flakes, honey & almond, added vitamins B2, B3, B6 & folate, Fe & Zn",1557,10.9,5.6,62.6,23.5,15.5,40,7.5,290,0,4.5,Label Data,at-risk
12508002,F001821,"Breakfast cereal, wheat bran, flakes, sultanas, added vitamins B1, B2, B3 & folate & Fe",1414,9.1,2.2,63.4,27.4,16.2,56,6.97,268,9,2.28,Label Data,at-risk
12508003,F001823,"Breakfast cereal, wheat bran, flakes, sultanas, added vitamins B2, B3, B6 & folate, Fe & Zn",1391,9.8,1.5,63.3,24.5,14.8,56,13.53,269,9,4.78,Analysed,at-risk
12505001,F010408,"Breakfast cereal, wheat bran, pellets, unfortified",1293,14.8,5.0,34.5,8.3,33.5,67,11.0,10,0,6.77,Label Data,moderate
12506002,F001827,"Breakfast cereal, wheat bran, pellets, added vitamins B1, B2, B3 & folate & Fe",1421,13.2,2.6,55.9,13.4,19.2,67,6.7,300,0,6.77,Label Data,moderate
12506003,F001829,"Breakfast cereal, wheat bran, pellets, added vitamins B2, B3, B6 & folate, Fe & Zn",1348,14.2,5.0,41.7,15.4,27.3,67,12.2,390,0,6.77,Analysed,at-risk
12505003,F001848,"Breakfast cereal, whole wheat, biscuit, no added sugar or salt, unfortified",1493,9.2,1.2,69.9,2.0,13.2,31,6.8,10,0,2.2,Label Data,balanced
12505002,F001849,"Breakfast cereal, whole wheat, biscuit, no added sugar, unfortified",1460,10.4,2.7,63.7,1.1,11.5,31,6.8,370,0,2.2,Analysed,moderate
12505004,F001841,"Breakfast cereal, whole wheat, biscuit, added sugar & salt, unfortified",1473,12.5,1.2,66.3,2.8,10.4,38,6.8,269,0,1.76,Label Data,moderate
12506004,F001842,"Breakfast cereal, whole wheat, biscuit, added vitamins B1, B2 & B3",1484,11.8,1.8,66.0,3.2,11.1,38,6.8,300,0,1.76,Label Data,moderate
12506005,F001844,"Breakfast cereal, whole wheat, biscuit, added vitamins B1, B2, B3 & folate & Fe",1418,11.9,2.3,61.0,2.4,11.0,38,14.33,299,0,1.76,Analysed,moderate
12506006,F001843,"Breakfast cereal, whole wheat, biscuit, added vitamins B1, B2, B3 & B6, Ca, Fe & Zn",1547,12.4,1.8,69.0,2.9,12.4,366,9.1,12,0,5.5,Label Data,balanced
12506007,F001845,"Breakfast cereal, whole wheat, biscuit, bran, added vitamins B1, B2, B3 & folate & Fe",1521,12.5,5.6,56.5,7.9,17.5,43,7.5,362,0,2.6,Label Data,moderate
12506008,F001847,"Breakfast cereal, whole wheat, biscuit, multigrain, added vitamins B1, B2, B3, E & folate & Fe",1600,10.7,4.4,70.2,9.6,8.9,38,6.3,267,0,1.76,Label Data,moderate
12506009,F010415,"Breakfast cereal, whole wheat, biscuit, increased protein, added vitamins B1, B2, B3 & folate & Fe, intense sweetened",1541,18.8,2.2,64.0,14.5,8.3,38,6.0,355,0,1.76,Label Data,moderate
12514002,F010414,"Breakfast cereal, sorghum, biscuit, gluten free, added vitamins B1, B2, B3, E & folate",1548,10.8,3.1,69.5,2.5,8.1,10,3.9,227,0,1.35,Label Data,moderate
12508005,F010418,"Breakfast cereal, whole wheat, small biscuit, with fruit, added vitamins B1, B2, B3 & folate & Fe",1439,9.5,1.1,69.6,21.6,8.3,38,6.7,275,0,1.76,Label Data,at-risk
12506010,F001877,"Breakfast cereal, whole wheat, small biscuit, with honey, added vitamins B1, B2, B3 & folate & Fe",1523,11.4,1.4,72.6,18.8,7.8,38,6.7,323,0,1.76,Label Data,at-risk
12506011,F001860,"Breakfast cereal, whole wheat, flakes, added vitamins B1, B2, B3 & folate",1467,11.5,2.0,65.0,3.4,11.7,30,3.1,375,0,1.4,Analysed,moderate
12506012,F001861,"Breakfast cereal, whole wheat, flakes, added vitamins B2, B3, B6 & folate, Fe & Zn",1487,9.0,2.5,65.1,12.6,18.4,30,7.5,200,0,4.5,Label Data,moderate
12508004,F010432,"Breakfast cereal, whole wheat, flakes, dried fruit & nuts, added vitamins B2, B3, B6, E & folate, Ca, Fe & Zn",1433,8.2,2.0,66.0,18.5,14.5,376,7.38,215,25,4.5,Label Data,at-risk
12505005,F001871,"Breakfast cereal, whole wheat, puffed, no added sugar or salt, unfortified",1414,10.0,2.8,62.4,0.8,9.2,32,3.3,2,0,2.7,Analysed,balanced
12505006,F001870,"Breakfast cereal, whole wheat, puffed, honey, unfortified",1533,10.6,0.9,76.6,20.0,3.8,32,3.3,5,0,2.7,Imputed,at-risk
12506013,F010430,"Breakfast cereal, whole wheat, puffed, honey, added vitamins B1, B2, B3 & folate & Fe",1611,12.8,2.2,75.9,23.4,5.6,32,4.0,5,0,2.7,Label Data,at-risk
12514003,F010467,"Breakfast cereal, with phytosterols and added vitamins B1, B2, B3 & folate & Fe",1472,10.5,4.8,60.7,2.7,9.7,38,8.3,254,0,1.76,Label Data,moderate
12509004,F010468,"Breakfast cereal, with hemp seeds",2089,19.8,37.0,17.5,14.3,12.2,106,5.22,66,0,4.54,Recipe,at-risk
12511005,F010927,"Muesli, bircher",618,4.3,4.8,20.4,10.6,2.6,64,0.85,20,8,0.73,Recipe,moderate
12509002,F005858,"Muesli, untoasted or natural style, unfortified",1564,12.2,9.5,54.5,1.0,9.5,40,3.5,2,0,2.35,Recipe,balanced
12511006,F005857,"Muesli, commercial, untoasted or natural, dried fruit",1646,10.8,10.8,59.2,18.7,9.4,57,4.2,41,0,1.8,Analysed,at-risk
12511007,F005840,"Muesli, commercial, untoasted or natural, dried fruit, low fat",1546,10.8,8.1,59.2,18.7,9.4,57,4.2,41,0,1.8,Analysed,at-risk
12511008,F005839,"Muesli, commercial, untoasted or natural, dried fruit & nuts",1511,10.4,8.1,57.2,15.7,9.5,44,3.37,4,0,2.13,Recipe,at-risk
12511009,F005841,"Muesli, commercial, untoasted or natural, nuts & seeds",1745,14.8,18.9,41.6,1.6,10.8,62,4.18,21,0,3.11,Recipe,balanced
12511010,F005852,"Muesli, homemade, untoasted or natural, dried fruit, nuts & seeds",1683,13.1,17.1,44.3,11.1,9.0,62,3.6,12,0,2.56,Recipe,moderate
12509003,F010953,"Muesli, toasted, unfortified",1778,12.4,14.9,55.1,1.0,9.6,40,3.36,2,0,2.38,Recipe,balanced
12511011,F005836,"Muesli, commercial, toasted, dried fruit",1729,10.7,11.6,62.8,17.8,8.2,56,4.6,22,0,1.8,Label Data,at-risk
12511013,F005856,"Muesli, commercial, toasted, dried fruit & nuts",1680,8.9,13.3,56.6,21.7,11.4,56,4.6,33,0,1.8,Analysed,at-risk
12512013,F005835,"Muesli, commercial, toasted, dried fruit & nuts, added vitamins B2, B3, E & folate & Ca",1632,9.3,13.2,53.5,18.6,11.4,266,4.6,20,0,1.8,Label Data,at-risk
12511012,F005837,"Muesli, commercial, toasted, nuts",1817,12.0,18.8,50.0,9.4,9.0,77,3.48,17,0,2.39,Recipe,moderate
12511014,F005846,"Muesli, homemade, toasted",1869,12.0,23.1,43.9,13.3,8.3,57,3.21,11,0,2.36,Recipe,at-risk
12511004,F009807,"Granola, commercial",1776,11.2,17.6,52.3,16.3,7.6,67,3.1,68,0,1.8,Analysed,at-risk
12513001,F010462,"Muesli or granola, gluten free",1646,10.8,10.8,59.2,18.7,9.4,57,4.2,41,0,1.8,Analysed,at-risk
12511015,F010463,"Muesli or granola, no added sugar",1895,13.2,21.3,46.7,1.6,10.6,54,3.47,5,0,2.6,Recipe,at-risk
12514004,F010465,"Muesli or granola, nuts & seeds only (paleo)",2375,18.0,49.1,10.5,9.5,10.2,79,4.29,47,0,3.96,Recipe,at-risk
12601004,F007164,"Porridge, rolled oats, made with water",374,3.0,2.9,11.4,0.3,2.9,11,0.96,1,0,0.47,Analysed,balanced
12601005,F007150,"Porridge, rolled oats, made with cow's milk",587,5.9,4.6,17.7,4.9,2.3,105,0.81,32,0,0.87,Recipe,balanced
12601006,F007151,"Porridge, rolled oats, made with cow's milk & water",485,4.4,3.5,15.5,2.6,2.3,59,0.81,18,0,0.72,Recipe,balanced
12601007,F010258,"Porridge, rolled oats, made with dairy milk alternative",523,4.3,3.5,17.6,2.1,2.7,45,0.93,40,0,0.64,Recipe,balanced
12601008,F010261,"Porridge, rolled oats, made with dairy milk alternative & water",454,3.6,2.9,15.5,1.2,2.5,28,0.88,22,0,0.61,Recipe,balanced
12601009,F010288,"Porridge, oats with added fibre, made with water",369,2.7,1.9,12.8,2.3,4.5,11,0.82,7,0,0.58,Recipe,balanced
12601010,F010287,"Porridge, oats with added fibre, made with cow's milk",572,5.6,4.2,17.1,6.9,4.4,105,0.81,36,0,0.87,Recipe,balanced
12601011,F010289,"Porridge, oats with added fibre, made with dairy milk alternative",507,3.9,3.1,17.0,4.1,4.8,45,0.93,45,0,0.64,Recipe,balanced
12601012,F010275,"Porridge, oats with mixed grains, made with water",383,3.0,2.3,13.4,0.2,2.4,11,0.83,3,0,0.59,Recipe,balanced
12601013,F010277,"Porridge, oats with mixed grains, made with cow's milk",586,5.9,4.5,17.7,4.9,2.3,105,0.86,32,0,0.87,Recipe,balanced
12601014,F010279,"Porridge, oats with mixed grains, made with dairy milk alternative",521,4.2,3.5,17.6,2.1,2.7,45,0.94,40,0,0.65,Recipe,balanced
12601015,F010339,"Porridge, oats mixed with dried fruit or flavours, made with water",376,2.4,1.8,15.0,4.7,2.0,10,0.68,5,0,0.46,Recipe,balanced
12601016,F010338,"Porridge, oats mixed with dried fruit or flavours, made with cow's milk",580,5.3,4.1,19.3,9.2,2.0,104,0.67,34,0,0.75,Recipe,moderate
12601017,F010263,"Porridge, oats mixed with dried fruit or flavours, made with dairy milk alternative",515,3.7,3.0,19.2,6.5,2.4,44,0.79,42,0,0.53,Recipe,balanced
12601018,F010267,"Porridge, oats mixed with sugar & nuts, made with water",399,2.7,2.7,14.0,3.2,2.1,12,0.72,3,0,0.52,Recipe,balanced
12601019,F010266,"Porridge, oats mixed with sugar & nuts, made with cow's milk",602,5.6,5.0,18.3,7.8,2.0,106,0.72,32,0,0.81,Recipe,balanced
12601020,F010268,"Porridge, oats mixed with sugar & nuts, made with dairy milk alternative",537,4.0,3.9,18.2,5.0,2.4,46,0.84,40,0,0.58,Recipe,balanced
12602003,F007136,"Porridge, brown rice, with added dried fruit, made with cow's milk",548,4.5,2.9,21.0,8.0,0.9,99,0.23,35,0,0.64,Recipe,moderate
12602007,F007142,"Porridge, rice (congee), made with water",153,0.8,0.1,8.0,0.0,0.1,2,0.03,3,0,0.13,Recipe,moderate
12602004,F010291,"Porridge, gluten free, made with water",342,2.2,1.9,13.0,0.4,1.4,11,0.6,3,0,0.5,Recipe,moderate
12602005,F010292,"Porridge, gluten free, made with cow's milk",553,5.2,4.2,17.5,5.2,1.3,108,0.6,33,0,0.8,Recipe,moderate
12602006,F010293,"Porridge, gluten free, made with dairy milk alternative",486,3.6,3.2,17.4,2.3,1.8,46,0.72,42,0,0.57,Recipe,moderate
13204001,F001115,"Biscuit, savoury, corn cake, plain",1547,9.8,3.0,71.5,0.4,5.9,3,1.3,240,0,1.5,Analysed,moderate
13204002,F001114,"Biscuit, savoury, corn cake, multigrain",1484,9.6,3.0,68.2,0.5,5.6,4,1.58,251,0,1.56,Recipe,moderate
13203001,F001147,"Biscuit, savoury, rice cake, plain",1603,8.8,3.5,76.3,0.8,3.5,9,1.3,41,0,1.8,Analysed,balanced
13203002,F001146,"Biscuit, savoury, rice cake, flavoured",1688,7.9,8.1,72.1,3.6,3.9,9,1.3,964,0,1.8,Analysed,at-risk
13203003,F001149,"Biscuit, savoury, rice cracker, brown rice, all flavours",1601,7.3,7.8,69.5,2.8,0.9,7,0.41,694,0,1.4,Label Data,at-risk
13203004,F001152,"Biscuit, savoury, rice cracker, plain",1626,7.0,4.3,78.8,0.7,0.9,7,0.41,400,0,1.4,Analysed,moderate
13203007,F010217,"Biscuit, savoury, rice cracker, added grains or seeds",1675,9.2,8.5,69.5,0.8,2.6,32,1.36,321,0,1.95,Recipe,moderate
13203005,F009833,"Biscuit, savoury, rice cracker, vegetable flavours",1651,6.6,7.4,73.8,4.9,2.0,23,0.68,470,0,1.3,Analysed,at-risk
13203006,F001151,"Biscuit, savoury, rice cracker, other flavours",1646,7.1,6.7,74.1,0.2,1.5,19,0.52,554,0,1.38,Analysed,at-risk
13201021,F010219,"Biscuit, savoury, chip style",1997,8.7,20.8,60.9,5.1,6.2,41,1.12,550,6,0.81,Label Data,at-risk
13204003,F001116,"Biscuit, savoury, corn, crispbread, puffed & toasted",1597,7.3,2.3,80.7,0.9,2.1,3,1.3,771,0,1.5,Label Data,at-risk
13202001,F001118,"Biscuit, savoury, rye, crispbread",1356,8.8,1.3,60.6,2.8,16.5,38,2.4,240,0,1.8,Analysed,moderate
13202002,F001119,"Biscuit, savoury, rye, crispbread, with added grains",1487,12.8,5.1,55.7,3.7,17.2,38,2.4,240,0,1.8,Analysed,moderate
13201020,F010984,"Biscuit, savoury, shortbread style, cheese flavour",2075,15.9,35.2,28.6,1.0,0.9,327,0.79,467,0,1.85,Recipe,at-risk
13201001,F001120,"Biscuit, savoury, wheat, crispbread, puffed & toasted",1563,12.3,5.6,66.1,3.6,3.3,44,1.3,380,0,1.1,Analysed,moderate
13201002,F001121,"Biscuit, savoury, wheat, crispbread, puffed & toasted, reduced fat",1594,10.7,1.2,78.8,4.1,4.0,44,1.3,390,0,1.1,Analysed,moderate
13201003,F001123,"Biscuit, savoury, wheat, flaky cracker style",2067,11.5,20.7,63.6,3.6,3.0,35,1.75,639,0,0.84,Analysed,at-risk
13201004,F001124,"Biscuit, savoury, wheat, flatbread style",1724,11.6,11.2,63.9,3.6,3.9,46,1.5,764,0,0.77,Label Data,at-risk
13201005,F010958,"Biscuit, savoury, wheat, flavoured ",2098,9.6,24.5,59.7,5.2,2.0,56,1.37,854,4,0.86,Analysed,at-risk
13201006,F001126,"Biscuit, savoury, wheat, plain cracker style",2058,8.1,20.7,66.3,6.7,3.4,41,1.12,609,6,0.81,Analysed,at-risk
13201007,F001127,"Biscuit, savoury, wheat, plain cracker style, reduced fat",1570,11.0,2.1,75.0,4.4,3.8,41,1.12,768,6,0.81,Label Data,at-risk
13201009,F001129,"Biscuit, savoury, wheat, Salada style",1785,9.2,14.2,63.1,1.2,3.6,152,2.97,830,0,0.91,Analysed,at-risk
13201010,F001130,"Biscuit, savoury, wheat, Salada style, reduced fat",1602,10.0,2.1,77.7,0.3,4.2,152,2.97,1000,0,0.91,Analysed,at-risk
13201011,F010218,"Biscuit, savoury, wheat, Salada style, with nuts or seeds",1872,11.3,19.3,54.6,1.4,4.7,161,3.41,707,0,1.57,Recipe,at-risk
13201012,F001131,"Biscuit, savoury, wheat, stick, salted",1777,11.3,12.8,63.9,2.3,3.6,41,1.12,1053,0,0.81,Analysed,at-risk
13201013,F001132,"Biscuit, savoury, wheat, wafer style",1695,9.2,5.4,77.7,2.2,2.6,44,1.3,599,0,1.1,Label Data,at-risk
13201014,F001133,"Biscuit, savoury, wheat, water cracker style",1650,10.4,7.2,69.4,2.0,3.7,46,1.5,560,0,0.77,Analysed,at-risk
13201015,F010216,"Biscuit, savoury, wheat, with nuts or seeds",2196,18.6,36.2,27.6,3.7,8.9,168,4.64,239,2,3.96,Recipe,at-risk
13201008,F001128,"Biscuit, savoury, wheat, plain, not further defined",1907,9.2,15.9,66.7,4.6,3.4,60,1.55,635,3,0.86,Recipe,at-risk
13201016,F001134,"Biscuit, savoury, wholewheat",1726,11.3,7.8,70.6,1.3,5.0,33,2.3,965,0,1.6,Analysed,at-risk
13201017,F001136,"Biscuit, savoury, wholewheat, added grains",1759,12.0,11.7,60.8,1.6,11.3,33,2.3,512,0,1.6,Label Data,at-risk
13201018,F001137,"Biscuit, savoury, wholewheat, crispbread",1567,10.6,8.1,59.1,2.0,9.9,33,2.3,450,0,1.6,Analysed,at-risk
13201019,F001135,"Biscuit, savoury, wholewheat & rye, crispbread, puffed",1611,14.0,3.8,69.1,1.5,7.6,47,3.2,364,0,1.6,Analysed,moderate
13205001,F009832,"Biscuit, savoury, from nuts & seeds (without grains/flour)",2395,20.1,49.6,6.0,1.4,14.6,110,5.9,500,0,5.0,Analysed,at-risk
26401010,F008342,"Snack pack, savoury, wheat biscuit with cheese",1746,19.6,27.6,21.5,1.6,1.1,517,0.61,653,2,2.48,Recipe,at-risk
26401011,F008343,"Snack pack, savoury, wheat biscuit with processed cheese spread",1602,8.6,24.1,32.6,5.1,1.6,451,0.58,1013,3,1.16,Recipe,at-risk
13101001,F001164,"Biscuit, sweet, Anzac style, commercial",1940,5.8,22.1,60.3,32.0,3.8,30,1.4,300,0,0.68,Analysed,at-risk
13101002,F001165,"Biscuit, sweet, Anzac style, homemade",1938,4.6,21.3,63.9,41.2,3.1,14,0.87,309,0,0.62,Recipe,at-risk
13102001,F001166,"Biscuit, sweet, biscotti, commercial",1681,10.8,6.5,74.8,36.4,2.4,44,1.14,51,0,0.86,Recipe,at-risk
13105001,F010068,"Biscuit, sweet, biscuit base, caramel or mint filling, chocolate-coated, commercial",1999,4.6,23.4,63.8,46.8,2.5,82,1.5,180,0,0.61,Analysed,at-risk
13102002,F009839,"Biscuit, sweet, breakfast, commercial",1830,7.5,15.6,64.6,24.1,6.4,30,1.7,270,0,1.1,Analysed,at-risk
13105002,F001170,"Biscuit, sweet, chocolate chip, commercial",1979,5.8,22.7,61.9,35.8,3.0,46,2.7,210,2,0.7,Analysed,at-risk
13105003,F001174,"Biscuit, sweet, chocolate chip, homemade",1938,5.1,20.6,66.0,40.7,1.0,37,1.57,347,0,0.8,Recipe,at-risk
13101003,F001182,"Biscuit, sweet, chocolate flavoured, commercial",1954,6.2,17.2,72.4,31.0,1.9,40,1.75,308,0,0.55,Analysed,at-risk
13101004,F001183,"Biscuit, sweet, chocolate flavoured, homemade",1784,6.9,17.0,61.3,33.5,3.3,44,3.25,404,0,1.04,Recipe,at-risk
13102003,F001193,"Biscuit, sweet, fruit-filled, commercial",1495,4.9,5.7,72.2,48.6,2.8,38,2.45,154,0,0.55,Analysed,at-risk
13101005,F001195,"Biscuit, sweet, ginger flavoured, commercial",1772,4.8,10.6,77.7,39.0,1.9,88,1.9,358,0,0.55,Analysed,at-risk
13101006,F001197,"Biscuit, sweet, gingerbread, homemade, uniced",1710,5.3,13.9,66.4,33.1,1.2,94,1.9,203,0,0.49,Recipe,at-risk
13105004,F001173,"Biscuit, sweet, gluten free, chocolate flavour, chips or coating, commercial",2149,4.0,26.8,65.1,31.1,1.3,30,1.5,47,0,0.76,Recipe,at-risk
13101007,F001199,"Biscuit, sweet, gluten free, non-chocolate flavours, commercial",2133,4.1,26.0,65.8,25.9,1.4,25,0.77,45,0,0.46,Recipe,at-risk
13104005,F010180,"Biscuit, sweet, gluten free, sandwich, cream filling, commercial",1944,5.4,21.5,62.8,33.6,2.7,30,1.3,330,0,0.48,Imputed,at-risk
13102004,F010073,"Biscuit, sweet, gluten free, with dried fruit, commercial",1964,3.6,20.9,67.5,35.0,1.8,28,0.87,38,0,0.41,Recipe,at-risk
13104001,F001205,"Biscuit, sweet, macaron (almond based), filled",1812,6.9,24.2,48.7,47.9,2.5,72,1.18,84,0,0.94,Recipe,at-risk
13102005,F001206,"Biscuit, sweet, macaroon (coconut based), commercial",1818,3.4,22.0,54.0,49.0,9.6,20,1.25,24,0,0.65,Analysed,at-risk
13101008,F001214,"Biscuit, sweet, oatmeal, commercial",1954,5.6,21.4,63.2,30.9,2.5,56,2.1,640,0,0.75,Analysed,at-risk
13101009,F001215,"Biscuit, sweet, plain, commercial",1868,6.4,15.8,69.4,24.7,2.1,30,1.28,289,6,0.54,Analysed,at-risk
13101010,F001221,"Biscuit, sweet, plain, homemade",1963,5.8,18.5,71.2,39.3,1.0,34,0.71,467,0,0.45,Recipe,at-risk
13103004,F001227,"Biscuit, sweet, plain, with icing, commercial",1782,4.6,11.2,77.5,44.9,1.7,22,1.14,235,4,0.44,Recipe,at-risk
13101011,F001225,"Biscuit, sweet, plain, sponge finger, commercial",1603,7.0,4.3,78.7,34.0,2.1,30,1.28,75,6,0.54,Label Data,at-risk
13106001,F001145,"Biscuit, sweet, rice cake, sweet coating",1967,8.0,20.5,63.8,33.1,2.4,151,1.09,59,2,1.39,Recipe,at-risk
13104002,F009834,"Biscuit, sweet, sandwich, cream filling, commercial",1944,5.4,21.5,62.8,33.6,2.7,30,1.3,330,0,0.48,Analysed,at-risk
13105006,F001234,"Biscuit, sweet, sandwich, cream filling, chocolate-coated, commercial",2080,5.4,25.4,63.1,44.7,2.2,90,1.7,168,0,0.62,Analysed,at-risk
13104003,F001230,"Biscuit, sweet, sandwich, cream filling, chocolate biscuit, commercial",2018,4.5,21.5,68.3,37.9,2.9,52,0.9,388,0,0.7,Analysed,at-risk
13104004,F001233,"Biscuit, sweet, sandwich, cream & jam filling, commercial",1974,4.0,22.5,64.1,33.5,1.8,27,0.9,260,0,0.45,Analysed,at-risk
13104006,F001236,"Biscuit, sweet, sandwich, shortbread biscuit, icing filling, homemade",1990,4.0,24.9,60.5,32.7,0.8,12,0.4,176,0,0.36,Recipe,at-risk
13103005,F001237,"Biscuit, sweet, sandwich, syrup wafer, commercial",1839,5.0,17.9,65.5,35.5,1.5,25,0.68,128,0,0.44,Recipe,at-risk
13104007,F001242,"Biscuit, sweet, sandwich, wafer layers, cream filling, commercial",2188,4.8,28.0,64.4,38.0,1.7,52,1.05,100,0,0.45,Analysed,at-risk
13105007,F001240,"Biscuit, sweet, sandwich, wafer layers, cream filling, chocolate coated, commercial",2185,5.6,28.8,61.9,43.0,1.9,112,1.16,91,1,0.69,Recipe,at-risk
13101012,F001244,"Biscuit, sweet, shortbread style, commercial",2110,6.2,26.3,60.8,20.4,2.3,33,0.77,270,0,0.45,Analysed,at-risk
13101013,F001245,"Biscuit, sweet, shortbread style, homemade",2226,5.6,31.3,57.8,18.1,1.1,15,0.57,220,0,0.52,Recipe,at-risk
13101014,F001250,"Biscuit, sweet, wafer style",1712,8.6,5.7,78.3,2.5,3.2,26,2.2,508,0,0.5,Imputed,at-risk
13101015,F001251,"Biscuit, sweet, wheatmeal, commercial",1728,7.8,11.7,67.0,21.6,5.6,30,2.1,423,0,1.15,Analysed,at-risk
13105008,F001252,"Biscuit, sweet, wheatmeal, chocolate-coated, commercial",1908,7.7,19.2,62.6,34.8,4.3,118,1.83,281,2,1.19,Recipe,at-risk
13102006,F001258,"Biscuit, sweet, with dried fruit, commercial",1838,6.2,15.0,69.6,27.0,2.2,31,1.3,275,5,0.52,Recipe,at-risk
13103001,F001202,"Biscuit, sweet, with jam, commercial",1774,4.8,15.0,68.0,33.3,1.8,34,0.95,142,0,0.35,Analysed,at-risk
13103002,F001203,"Biscuit, sweet, with jam, homemade",1923,5.1,21.3,63.3,38.5,1.1,20,0.68,215,0,0.44,Recipe,at-risk
13103003,F001210,"Biscuit, sweet, with marshmallow, commercial",1718,3.6,11.6,73.6,44.1,2.5,26,1.15,132,0,0.35,Analysed,at-risk
13105005,F001209,"Biscuit, sweet, with marshmallow, chocolate coating, commercial",1783,4.5,16.4,66.6,44.5,1.5,36,1.5,120,0,0.75,Analysed,at-risk
13102007,F001259,"Biscuit, sweet, with nuts, commercial",2118,8.9,27.9,54.5,19.0,3.2,42,1.34,224,2,1.0,Recipe,at-risk
13102008,F001260,"Biscuit, sweet, with nuts, homemade",1991,7.8,25.2,55.0,30.4,2.4,49,1.25,350,0,0.99,Recipe,at-risk
13101016,F010159,"Biscuit, sweet, reduced fat, commercial",1743,7.4,10.0,73.7,25.7,2.1,30,1.28,289,6,0.54,Estimated,at-risk
13106002,F010181,"Biscuit, sweet, reduced sugar, commercial",1862,8.0,20.0,40.0,2.5,6.0,46,2.7,210,2,0.7,Label Data,moderate
13102009,F001878,"Breakfast pastry, sweet filling, commercial",1600,4.2,10.0,69.3,26.1,1.0,16,5.51,334,0,0.38,Borrowed,at-risk
13101017,F010214,"Cookie dough, raw",1698,5.0,16.0,61.6,34.0,0.8,30,0.62,621,0,0.39,Recipe,at-risk
13101018,F003095,"Cone, wafer style, for ice cream",1681,9.1,4.0,79.7,2.6,3.2,26,2.2,328,0,0.5,Analysed,moderate
13101019,F003096,"Cone, waffle style, for ice cream",1771,6.3,7.8,81.8,27.4,1.4,14,0.84,74,0,0.53,Recipe,at-risk
13304001,F008273,"Brownie, commercial",1735,7.1,23.1,45.6,36.3,2.6,39,1.57,130,0,0.49,Analysed,at-risk
13304002,F008272,"Brownie, homemade",1866,7.0,23.3,52.8,36.3,3.2,37,3.48,421,0,1.27,Recipe,at-risk
13301001,F010221,"Cake, black forest",1355,3.7,19.1,34.8,24.3,1.3,43,1.5,174,0,0.51,Recipe,at-risk
13302001,F001374,"Cake or bread, banana, commercial",1228,5.7,11.1,43.1,25.1,1.5,41,1.6,360,0,0.68,Analysed,at-risk
13302002,F001376,"Cake or bread, banana, homemade, uniced",1361,5.3,11.7,50.0,27.3,1.3,59,0.79,315,1,0.44,Recipe,at-risk
13302003,F010281,"Cake or bread, banana, homemade, iced",1377,4.3,11.4,53.4,35.2,1.0,48,0.63,266,1,0.36,Recipe,at-risk
13302004,F002039,"Cake, carrot, commercial, uniced",1348,4.2,13.7,46.2,31.9,1.9,35,0.71,346,1,0.38,Recipe,at-risk
13302005,F002100,"Cake, carrot, commercial, iced",1620,4.4,20.4,47.6,30.5,1.5,41,1.6,305,0,0.68,Analysed,at-risk
13302006,F002102,"Cake, carrot, homemade, uniced",1397,4.8,15.1,45.2,31.3,2.1,38,0.82,326,1,0.5,Recipe,at-risk
13302007,F002101,"Cake, carrot, homemade, iced",1456,4.4,16.0,47.6,36.4,1.7,35,0.65,294,0,0.44,Recipe,at-risk
19702001,F002103,"Cake, cheesecake, biscuit base, chocolate or coffee flavoured, commercial",1429,6.4,22.2,30.2,19.6,0.6,130,2.1,270,0,0.5,Label Data,at-risk
19702002,F002104,"Cake, cheesecake, biscuit base, fruit flavoured, commercial",1215,5.6,16.2,31.3,22.0,0.7,114,1.84,235,0,0.45,Recipe,at-risk
19702003,F002105,"Cake, cheesecake, biscuit base, fruit flavoured, homemade",1387,4.2,23.9,25.8,18.8,0.8,41,0.27,178,8,0.34,Recipe,at-risk
19702004,F002106,"Cake, cheesecake, biscuit base, plain, commercial",1297,6.4,18.6,30.2,19.6,0.6,130,2.1,270,0,0.5,Analysed,at-risk
19702005,F002107,"Cake, cheesecake, biscuit base, plain, homemade",1540,4.7,27.0,27.9,20.0,0.5,45,0.24,201,3,0.36,Recipe,at-risk
13301002,F002046,"Cake, chocolate, commercial, uniced",1426,5.8,13.6,49.4,33.1,2.1,37,2.31,238,0,0.81,Recipe,at-risk
13301003,F002044,"Cake, chocolate, commercial, iced",1469,4.9,13.8,53.0,39.3,2.0,32,2.16,192,0,0.73,Recipe,at-risk
13301004,F002112,"Cake, chocolate, homemade, uniced",1402,6.0,13.5,48.0,32.3,2.0,38,2.27,144,0,0.84,Recipe,at-risk
13301005,F002111,"Cake, chocolate, homemade, iced",1426,5.1,13.0,52.0,39.2,1.9,32,2.13,131,0,0.75,Recipe,at-risk
13301006,F002056,"Cake, chocolate, homemade, filled with cream",1412,5.4,16.9,41.7,28.3,1.7,41,1.94,126,0,0.74,Recipe,at-risk
13301007,F010294,"Cake, chocolate, flourless",1929,8.9,34.1,30.1,28.2,3.7,95,2.64,135,0,1.64,Recipe,at-risk
13302008,F002058,"Cake, citrus, commercial, uniced",1492,6.2,15.2,49.3,29.0,1.4,47,0.82,207,4,0.62,Recipe,at-risk
13302009,F002060,"Cake, citrus, homemade",1492,6.2,15.2,49.3,29.0,1.4,47,0.82,207,4,0.62,Recipe,at-risk
13302010,F010224,"Cake, coffee",1453,4.0,15.0,50.8,36.6,0.4,31,0.47,264,0,0.33,Recipe,at-risk
13302011,F002141,"Cake, custard filled",1370,5.8,12.6,48.4,25.7,0.7,56,0.68,323,0,0.5,Recipe,at-risk
13302012,F010301,"Cake, date",1438,5.0,13.3,51.0,32.7,2.6,32,1.1,167,1,0.51,Recipe,at-risk
13302013,F010303,"Cake, ginger",1493,5.9,17.6,44.6,22.5,0.8,57,0.77,365,0,0.51,Recipe,at-risk
13302014,F002155,"Cake, gluten free",1502,4.0,14.3,54.2,31.1,1.6,43,1.69,118,0,0.66,Recipe,at-risk
13302015,F002142,"Cake, friand, commercial",1587,5.8,17.7,50.8,45.6,1.9,41,0.67,134,4,0.54,Recipe,at-risk
13302016,F002143,"Cake, friand, homemade",1735,7.2,27.8,34.8,28.7,2.3,53,0.83,202,3,0.7,Recipe,at-risk
13302017,F002146,"Cake, fruit, commercial, uniced",1453,4.4,8.6,63.1,40.5,3.5,56,2.7,215,0,0.5,Label Data,at-risk
13302018,F002150,"Cake, fruit, homemade, uniced",1424,3.9,9.7,58.7,49.0,2.9,55,1.46,117,4,0.44,Recipe,at-risk
13302019,F002148,"Cake, fruit, homemade, iced",1458,3.5,10.2,60.7,53.4,2.5,51,1.19,99,3,0.45,Recipe,at-risk
13302020,F002159,"Cake, lamington, unfilled",1233,4.7,9.4,48.0,31.5,2.4,6,1.6,218,0,0.77,Analysed,at-risk
13302021,F002158,"Cake, lamington, filled with jam &/or cream",1255,3.8,12.5,43.6,31.2,2.0,14,1.23,169,0,0.61,Recipe,at-risk
13403001,F002162,"Cake, moon, commercial",1572,9.2,16.3,47.8,23.3,2.4,79,2.57,70,0,1.0,Recipe,at-risk
13301008,F002072,"Cake, mud, caramel or white chocolate, iced",1480,5.1,15.6,48.7,33.1,2.6,39,1.57,290,0,0.49,Analysed,at-risk
13301009,F002163,"Cake, mud, dark chocolate, commercial, iced",1480,5.1,15.6,48.7,33.1,2.6,39,1.57,290,0,0.49,Analysed,at-risk
13301010,F002165,"Cake, mud, dark chocolate, homemade, uniced",2026,5.2,39.4,29.5,23.1,0.4,34,1.84,355,0,0.94,Recipe,at-risk
13301011,F002164,"Cake, mud, dark chocolate, homemade, iced",1995,4.7,38.2,30.6,24.4,0.5,39,1.96,292,0,0.98,Recipe,at-risk
13302037,F010305,"Cake, non-chocolate flavour, cream filling",1484,7.3,18.4,40.7,22.4,1.1,53,1.02,412,0,0.45,Recipe,at-risk
13302022,F010304,"Cake, nuts or nut meal",1664,6.7,23.2,41.6,31.2,1.9,69,0.96,231,0,0.78,Recipe,at-risk
13302023,F010302,"Cake, orange, flourless",1218,6.8,10.9,41.5,41.4,3.6,76,1.12,57,29,0.93,Recipe,at-risk
13302024,F002169,"Cake, plain butter cake, commercial, uniced",1486,8.2,15.2,46.9,25.3,1.3,52,1.2,480,0,0.5,Analysed,at-risk
13302025,F002168,"Cake, plain butter cake, commercial, iced",1555,5.0,16.1,52.7,36.7,1.4,4,0.5,420,0,0.7,Analysed,at-risk
13302026,F002171,"Cake, plain butter cake, homemade, uniced",1536,6.6,14.9,52.2,23.4,0.9,51,0.77,418,0,0.54,Recipe,at-risk
13302027,F002170,"Cake, plain butter cake, homemade, iced",1517,5.3,13.9,55.1,32.1,0.7,42,0.62,349,0,0.43,Recipe,at-risk
13302030,F002178,"Cake, sponge, unfilled, uniced",1370,7.5,8.2,56.5,32.5,1.2,52,0.72,320,0,0.47,Analysed,at-risk
13302031,F002088,"Cake, sponge, unfilled, iced",1432,6.3,9.6,59.0,39.2,1.0,50,0.58,259,0,0.4,Recipe,at-risk
13302028,F002177,"Cake, sponge, filled with cream &/or jam",1349,5.9,10.7,51.5,33.5,1.1,48,0.58,245,0,0.39,Recipe,at-risk
13302029,F002096,"Cake, sponge, filled with cream &/or jam & fruit",1247,5.5,13.4,39.5,23.6,1.1,50,0.52,217,4,0.37,Recipe,at-risk
13302032,F002192,"Cake, tea cake, commercial, uniced",1392,4.8,16.7,41.5,26.0,1.2,26,0.62,154,1,0.42,Recipe,at-risk
13302033,F002191,"Cake, tea cake, homemade, uniced",1395,3.7,15.4,46.0,30.8,1.1,36,0.44,272,0,0.31,Recipe,at-risk
13302034,F010308,"Cake, vegetable based (other than carrot), uniced",1532,5.4,19.4,42.6,22.7,2.5,33,1.91,227,3,0.79,Recipe,at-risk
13302035,F010237,"Cake, with dried fruit, commercial",1462,5.9,12.4,54.3,29.3,1.1,57,0.82,284,0,0.5,Recipe,at-risk
13302036,F010299,"Cake, with fresh fruit (other than banana)",1336,4.9,16.2,38.0,21.6,1.7,36,0.6,299,2,0.42,Recipe,at-risk
13302038,F010318,"Cake, reduced fat, commercial",1390,8.2,11.2,49.9,26.3,1.3,52,1.2,480,0,0.5,Estimated,at-risk
13302039,F010236,"Cake, reduced sugar, commercial",1347,8.2,20.0,14.6,3.0,14.0,52,1.2,480,0,0.5,Label Data,at-risk
13302040,F010309,"Cake batter, uncooked",1389,6.0,13.5,47.2,21.1,0.8,46,0.7,378,0,0.49,Recipe,at-risk
13601006,F003277,"Crepe or pancake, buckwheat flour",854,8.5,7.5,24.7,4.0,1.8,82,1.34,68,0,1.43,Recipe,moderate
13601007,F003280,"Crepe or pancake, gluten free",896,5.0,6.7,32.9,3.6,0.6,86,0.54,75,0,0.56,Recipe,moderate
13601001,F003282,"Crepe or pancake, plain, dry mix",1520,7.2,2.0,78.1,28.9,3.1,250,1.4,610,0,0.69,Analysed,at-risk
13601002,F003283,"Crepe or pancake, plain, made from dry mix & water",840,4.0,1.1,43.2,16.0,1.7,139,0.78,339,0,0.38,Recipe,at-risk
13601003,F003281,"Crepe or pancake, plain, commercial",912,5.7,4.3,38.4,13.8,2.1,84,1.6,359,0,0.64,Imputed,moderate
13601004,F006298,"Crepe or pancake, plain, homemade",896,7.5,6.8,30.2,4.2,0.8,85,0.69,68,0,0.68,Recipe,moderate
13601008,F003285,"Crepe or pancake, rice based",638,5.7,2.9,24.1,0.5,2.7,12,1.42,19,0,0.48,Recipe,balanced
13601005,F010464,"Crepe or pancake, added fruit, homemade",777,6.0,5.6,27.0,6.1,1.2,68,0.61,53,4,0.55,Recipe,moderate
13601009,F003288,"Crepe or pancake, with butter & syrup, fast food chain",1089,4.7,8.8,40.7,20.8,1.7,98,1.72,356,0,0.52,Recipe,at-risk
13601010,F003289,"Crepe or pancake, savoury",782,11.7,8.3,15.7,3.0,0.9,69,0.66,121,2,0.78,Recipe,moderate
18904001,F003286,"Crepe or pancake, savoury, filled with duck & vegetables, with sauce (Peking duck)",889,7.6,15.2,11.2,6.4,1.7,29,1.26,458,4,0.73,Recipe,at-risk
13601011,F006700,"Pikelet, plain, commercial",912,5.7,4.3,38.4,13.8,2.1,84,1.6,359,0,0.64,Analysed,moderate
13601012,F006701,"Pikelet, plain, homemade",1160,7.5,5.9,47.9,13.4,1.7,97,0.4,470,0,0.5,Analysed,at-risk
13603001,F003573,"Doughnut (donut), unfilled, with cinnamon & sugar dusting",1583,6.6,19.5,43.9,13.7,2.0,60,0.95,487,0,0.5,Analysed,at-risk
13603002,F003574,"Doughnut (donut), unfilled, with icing",1517,6.7,15.9,48.2,22.9,1.7,21,0.8,414,0,0.4,Analysed,at-risk
13603003,F003579,"Doughnut (donut), unfilled, glazed",1619,3.9,21.6,44.9,23.8,1.7,21,0.8,155,0,0.4,Analysed,at-risk
13603004,F003575,"Doughnut (donut), jam filled, sugar coated",1535,6.0,17.6,46.2,19.0,1.9,55,0.88,440,0,0.46,Recipe,at-risk
13603005,F010492,"Doughnut (donut), custard or cream filled",1458,4.5,19.1,40.2,20.9,1.3,49,0.65,250,0,0.39,Recipe,at-risk
13306001,F003657,"Dumpling, sweet, soaked in syrup",1506,5.6,20.5,40.1,33.5,0.5,167,0.23,154,5,0.54,Recipe,at-risk
13303001,F005872,"Muffin, cake-style, apple",1594,5.4,18.6,48.4,21.6,1.2,51,0.6,296,0,0.45,Recipe,at-risk
13303002,F005875,"Muffin, cake-style, banana",1683,5.8,19.4,51.5,22.6,1.3,53,0.66,306,1,0.48,Recipe,at-risk
13303003,F005877,"Muffin, cake-style, berry",1408,5.2,15.6,44.4,26.1,1.9,110,1.2,367,2,0.4,Analysed,at-risk
13303004,F005880,"Muffin, cake-style, bran",1749,6.6,18.0,56.8,29.0,3.8,62,1.86,314,0,1.05,Recipe,at-risk
13303005,F005882,"Muffin, cake-style, chocolate or choc-chip",1567,6.4,17.7,48.1,29.5,1.4,110,1.2,344,0,0.5,Analysed,at-risk
13303006,F010233,"Muffin, cake-style, citrus",1560,5.4,18.6,46.4,19.8,1.0,52,0.59,295,3,0.44,Recipe,at-risk
13303007,F010238,"Muffin, cake-style, fresh fruit (other than banana)",1594,5.5,18.6,48.1,21.4,1.2,52,0.62,296,2,0.46,Recipe,at-risk
13303008,F010235,"Muffin, cake-style, gluten free",1570,3.5,19.1,48.0,23.7,1.2,67,0.62,95,6,0.48,Recipe,at-risk
13303009,F010239,"Muffin, cake-style, nuts",1798,7.1,24.4,45.8,19.4,1.7,62,0.97,287,0,0.79,Recipe,at-risk
13303010,F005890,"Muffin, cake-style, raspberry & white chocolate",1616,5.6,20.1,46.3,24.6,1.4,77,0.55,252,3,0.52,Recipe,at-risk
13303011,F005892,"Muffin, cake-style, savoury",1464,7.7,21.6,30.8,3.5,1.7,58,0.92,411,3,0.65,Recipe,at-risk
13602001,F007506,"Pudding, bread & butter, homemade",1081,6.4,13.7,27.5,16.2,1.1,91,0.77,180,0,0.59,Recipe,at-risk
13306002,F007507,"Pudding, chocolate, homemade",1022,5.7,8.6,37.1,31.1,0.8,70,1.24,148,0,0.65,Recipe,at-risk
13602002,F007530,"Pudding, non-chocolate flavours, homemade",1069,5.6,8.9,39.7,33.5,0.2,73,0.56,157,0,0.51,Recipe,at-risk
13306004,F007512,"Pudding, plum, steamed or boiled, homemade",1368,4.3,10.3,54.1,41.1,2.4,65,1.24,205,0,0.4,Recipe,at-risk
13306003,F007511,"Pudding, plum, canned, commercial",1168,5.0,7.1,49.3,34.7,2.2,51,1.0,86,0,0.5,Analysed,at-risk
13602003,F010320,"Pudding, self-saucing, all flavours",990,5.1,7.8,36.3,22.9,2.4,77,2.8,201,0,0.83,Recipe,at-risk
13306005,F007528,"Pudding, sticky date, commercial",1569,2.8,19.5,48.4,38.5,1.6,48,0.85,219,0,0.29,Recipe,at-risk
13306006,F007529,"Pudding, sticky date, homemade",1434,3.0,15.8,48.4,38.6,1.6,50,0.86,300,0,0.3,Recipe,at-risk
13305001,F007709,Rockcake,1608,6.4,15.7,54.7,24.8,1.4,62,0.88,449,0,0.52,Recipe,at-risk
13305002,F008168,"Scone, cheese",1481,10.5,12.2,49.3,2.7,1.5,151,0.92,638,0,0.99,Recipe,at-risk
13305003,F008169,"Scone, chocolate or chocolate chips, commercial",1527,7.0,12.8,55.2,20.0,2.2,69,2.7,700,0,1.2,Recipe,at-risk
13305004,F008172,"Scone, dried fruit, commercial",1384,7.0,7.5,57.8,16.2,2.4,68,1.01,820,0,0.64,Recipe,at-risk
13305005,F010229,"Scone, dried fruit, homemade",1432,7.3,7.6,60.4,19.7,1.9,71,1.05,492,0,0.59,Recipe,at-risk
13305006,F008173,"Scone, plain, commercial",1399,7.9,8.5,55.2,6.5,2.1,70,0.9,968,0,0.7,Analysed,at-risk
13305007,F008174,"Scone, plain, homemade",1472,8.6,9.4,57.2,6.8,1.6,75,0.92,613,0,0.67,Recipe,at-risk
13305008,F010978,"Scone, plain, topped with jam & cream",1498,5.5,17.8,44.0,13.3,1.3,61,0.6,498,1,0.48,Recipe,at-risk
13305009,F008176,"Scone, pumpkin, homemade",1196,7.4,6.8,47.8,9.3,1.7,58,0.87,477,1,0.59,Recipe,at-risk
13305010,F010322,"Scone, savoury",1406,9.4,10.7,49.3,2.9,1.6,98,0.96,628,1,0.79,Recipe,at-risk
13304003,F008277,"Slice, caramel, commercial",1729,5.7,18.5,57.9,42.5,0.6,128,1.2,204,0,0.82,Recipe,at-risk
13304004,F008278,"Slice, caramel, homemade",1847,5.4,23.8,53.4,42.6,0.8,143,1.18,154,0,0.78,Recipe,at-risk
13304005,F008280,"Slice, chocolate, commercial, iced",1931,6.4,23.1,57.8,35.9,2.2,95,1.77,216,3,0.83,Recipe,at-risk
13304006,F008281,"Slice, chocolate, homemade, iced",2021,3.9,27.7,55.4,40.0,3.4,22,1.32,288,0,0.54,Recipe,at-risk
13304007,F008287,"Slice, coconut, with jam",1817,5.3,21.4,55.9,37.9,2.7,26,0.81,293,0,0.51,Recipe,at-risk
13304008,F010312,"Slice, fruit",1390,3.4,19.1,37.0,28.2,1.9,18,0.72,216,1,0.38,Recipe,at-risk
13304009,F010280,"Slice, lemon, commercial",1838,5.3,23.4,52.6,28.4,1.5,66,0.76,228,4,0.49,Recipe,at-risk
13304010,F008298,"Slice, lemon, homemade",1852,4.5,22.0,58.2,45.6,1.6,81,0.5,194,3,0.46,Recipe,at-risk
13304011,F010310,"Slice, oat or muesli",1657,5.9,16.3,54.8,32.7,4.1,54,1.74,216,0,0.84,Recipe,at-risk
13304012,F008311,"Slice, vanilla, commercial, iced",1042,2.6,6.9,47.1,28.7,1.1,64,0.18,95,0,0.22,Recipe,at-risk
13304013,F008312,"Slice, vanilla, homemade, iced",1143,3.5,15.2,31.3,19.0,1.3,60,0.27,106,0,0.32,Recipe,at-risk
13304014,F010313,"Slice, sweet, other",1948,5.2,29.4,46.1,37.8,3.1,95,1.42,93,0,0.87,Recipe,at-risk
13601013,F010475,"Waffle, plain",968,6.2,8.0,33.4,9.8,0.7,63,0.61,127,0,0.56,Recipe,moderate
13602005,F009759,"Yorkshire pudding, homemade",1013,7.2,10.6,29.0,4.1,0.8,83,0.66,80,0,0.65,Recipe,moderate
13401003,F006485,"Pastry, choux, commercial, baked, unfilled",1393,10.1,23.0,21.5,0.7,0.6,34,1.42,377,0,0.89,Recipe,at-risk
13401004,F006487,"Pastry, choux, homemade, raw",925,6.5,15.6,13.8,0.5,0.4,24,0.91,431,0,0.57,Recipe,at-risk
13401005,F006486,"Pastry, choux, homemade, baked, unfilled",1492,10.6,25.1,22.3,0.9,0.7,39,1.46,695,0,0.92,Recipe,at-risk
13401016,F006489,"Pastry, dumpling wrapper, raw",955,7.4,1.6,44.7,1.2,1.3,18,0.92,345,0,0.63,Recipe,moderate
13401006,F006497,"Pastry, filo (fillo), commercial, raw",1283,10.2,3.8,55.8,1.3,2.5,18,1.15,581,0,0.4,Analysed,at-risk
13401007,F006496,"Pastry, filo (fillo), commercial, baked",1631,12.2,3.1,75.1,2.1,4.3,19,1.3,766,0,0.9,Analysed,at-risk
13401008,F006505,"Pastry, puff, butter, commercial, raw",1383,5.5,19.0,32.9,1.0,3.4,12,0.3,160,0,0.2,Analysed,balanced
13401009,F006504,"Pastry, puff, butter, commercial, baked",1796,7.1,24.7,42.7,1.3,4.4,15,0.39,208,0,0.26,Recipe,at-risk
13401010,F006503,"Pastry, puff, vegetable oil, commercial, raw",1321,5.5,16.4,35.0,1.0,3.4,9,0.3,387,0,0.2,Analysed,moderate
13401011,F006502,"Pastry, puff, vegetable oil, commercial, baked",1694,7.0,21.0,44.9,1.3,4.4,12,0.38,497,0,0.26,Recipe,at-risk
13401012,F006500,"Pastry, puff, commercial, raw, not further defined",1368,5.5,18.4,33.4,1.0,3.4,11,0.3,217,0,0.2,Recipe,moderate
13401013,F006507,"Pastry, shortcrust, commercial, raw",1653,6.4,21.4,41.3,1.2,6.4,10,0.3,446,0,0.2,Analysed,at-risk
13401014,F006506,"Pastry, shortcrust, commercial, baked",2015,7.8,26.1,50.4,1.5,7.8,12,0.36,544,0,0.24,Recipe,at-risk
13401015,F006508,"Pastry, shortcrust, homemade, baked",1798,7.8,18.4,57.5,6.6,1.6,21,0.96,129,0,0.67,Recipe,moderate
13401017,F006514,"Pastry, spring roll, homemade, raw",968,5.2,5.9,38.3,1.0,1.2,12,0.63,203,0,0.44,Recipe,moderate
13406001,F002885,"Chiko roll, takeaway style, deep fried",970,5.5,10.4,27.9,2.3,2.4,27,1.5,690,1,0.58,Analysed,at-risk
13401001,F003305,"Croissant, plain, unfilled",1505,10.0,19.1,35.6,5.1,2.7,40,1.1,462,0,1.1,Analysed,at-risk
13504002,F010777,"Croissant, with cheese",1518,12.9,22.0,27.2,4.0,2.0,194,0.88,526,0,1.54,Recipe,at-risk
13504003,F003302,"Croissant, with ham & cheese",1251,13.9,17.0,20.8,3.2,2.0,147,0.81,710,0,1.4,Recipe,at-risk
13406002,F003338,"Curry puff, beef & vegetable, deep fried",1094,10.4,17.4,14.9,1.3,2.2,15,0.96,481,3,0.95,Recipe,at-risk
13405001,F003511,"Dim sim, vegetable & meat filling, purchased frozen, microwaved or steamed",880,6.2,8.2,26.4,3.4,2.8,23,0.73,570,4,0.81,Analysed,at-risk
13406003,F003512,"Dim sim, vegetable &/or meat filling, takeaway style, deep fried",973,10.2,9.2,26.0,6.1,3.1,67,2.1,1070,3,0.85,Analysed,at-risk
13512006,F010532,"Dumpling, savoury, meat & vegetable, purchased frozen, cooked",983,11.0,11.0,22.2,1.2,1.0,18,0.95,394,2,1.09,Recipe,moderate
13512007,F010533,"Dumpling, savoury, prawn, purchased frozen, cooked",770,14.5,2.4,25.1,0.7,1.0,49,0.66,577,0,1.08,Recipe,at-risk
13512008,F010534,"Dumpling, savoury, vegetable, purchased frozen, cooked",711,5.7,3.1,28.3,2.3,1.7,24,0.82,414,4,0.53,Recipe,at-risk
13406004,F003651,"Dumpling, savoury, meat, fried",1203,11.3,14.0,28.1,1.5,1.1,17,1.02,661,2,1.08,Recipe,at-risk
13405002,F003652,"Dumpling, savoury, meat, steamed, boiled or microwaved",721,9.6,3.7,23.9,1.3,0.9,15,0.87,563,1,0.92,Recipe,at-risk
13406005,F003653,"Dumpling, savoury, seafood, fried",1092,12.0,11.7,25.9,1.4,1.0,41,1.04,691,2,1.39,Recipe,at-risk
13405003,F003654,"Dumpling, savoury, seafood, steamed, boiled or microwaved",645,10.2,2.4,22.0,1.2,0.9,35,0.88,585,1,1.17,Recipe,at-risk
13406006,F010220,"Dumpling, savoury, vegetable, fried",1056,5.7,11.8,29.6,1.8,1.4,20,0.83,675,5,0.52,Recipe,at-risk
13405004,F003655,"Dumpling, savoury, vegetable, steamed, boiled or microwaved",578,5.3,1.8,24.0,1.5,1.2,19,0.76,554,4,0.47,Recipe,at-risk
13405005,F006517,"Pasty, filled with vegetables",834,4.0,8.7,24.7,2.2,3.0,14,0.44,514,6,0.24,Recipe,at-risk
13405006,F006515,"Pasty, filled with vegetables & meat",1119,6.8,15.4,24.8,2.5,2.0,18,1.4,637,1,0.6,Analysed,at-risk
13405007,F006493,"Pastry, filled with spinach & cheese",1214,9.4,16.4,24.7,2.7,2.5,150,1.0,490,0,0.98,Analysed,at-risk
13405008,F006656,"Pie, savoury, chicken & vegetable, commercial",988,8.2,11.0,25.0,1.2,2.1,30,0.67,400,0,0.56,Analysed,moderate
13405009,F006657,"Pie, savoury, chicken & vegetable, homemade",752,11.2,9.3,11.8,1.9,2.1,19,0.73,159,2,0.85,Recipe,balanced
13405010,F006670,"Pie, savoury, fish or seafood",820,11.6,11.0,11.8,1.9,2.1,42,0.8,202,3,0.94,Recipe,moderate
13405011,F006665,"Pie, savoury, meat, commercial",952,8.9,11.4,21.2,1.3,2.4,15,1.16,500,0,0.96,Analysed,at-risk
13405012,F010222,"Pie, savoury, meat with additions, commercial",1026,9.2,11.6,25.0,2.0,2.3,15,1.16,423,0,0.96,Analysed,at-risk
13405014,F006659,"Pie, savoury, meat & kidney",900,11.4,10.2,18.3,1.1,2.1,15,2.03,448,0,1.2,Recipe,at-risk
13405013,F006661,"Pie, savoury, meat & vegetable filling, homemade",801,11.9,10.3,11.8,1.9,2.1,20,1.04,159,2,1.32,Recipe,balanced
13405015,F006662,"Pie, savoury, meat filling, topped with potato, commercial",742,6.8,8.0,18.5,2.2,2.2,30,0.82,416,1,0.73,Recipe,at-risk
13405017,F006674,"Pie, savoury, without pastry, meat filling, topped with potato, homemade",553,9.2,5.8,9.6,3.3,2.2,31,1.24,111,6,1.29,Recipe,balanced
13405016,F006672,"Pie, savoury, vegetable, homemade",736,4.8,9.8,15.9,2.5,2.5,52,0.66,168,19,0.48,Recipe,balanced
13406007,F007420,"Prawn toast, white bread, fried",963,20.0,8.4,17.2,1.4,2.3,86,1.2,478,1,1.81,Recipe,at-risk
13404001,F007585,"Quiche, fish or seafood",1191,11.4,21.1,11.9,2.0,1.7,96,0.6,263,0,0.82,Recipe,at-risk
13404002,F007577,"Quiche, lorraine, commercial",1073,9.8,16.0,18.0,3.2,1.5,85,0.5,478,0,1.0,Analysed,at-risk
13404003,F007578,"Quiche, lorraine, homemade",1360,9.9,25.8,13.0,2.2,1.9,122,0.51,404,0,0.84,Recipe,at-risk
13404004,F007579,"Quiche, meat & vegetable",1060,12.5,17.4,11.1,2.0,1.9,84,1.06,204,2,1.52,Recipe,moderate
13404005,F007580,"Quiche, mixed vegetables",998,6.7,17.6,12.6,2.6,2.4,95,0.69,210,3,0.69,Recipe,moderate
13404006,F007588,"Quiche, spinach",1075,7.1,19.6,12.4,2.2,2.3,100,1.09,220,4,0.69,Recipe,moderate
13405022,F008787,"Rice paper roll, chicken & vegetable filling, fresh",329,7.2,1.8,7.7,1.6,1.1,19,0.32,108,23,0.57,Recipe,moderate
13405023,F008789,"Rice paper roll, prawn & vegetable filling, fresh",300,6.5,1.3,7.7,1.6,1.1,34,0.31,206,24,0.59,Recipe,moderate
13405024,F008790,"Rice paper roll, vegetable filling, fresh",258,2.2,1.4,9.2,2.1,1.4,22,0.28,105,31,0.35,Recipe,moderate
13406008,F007885,"Samosa, meat & vegetable, deep fried",1049,11.5,11.8,23.7,6.8,2.8,7,1.27,105,52,1.27,Recipe,balanced
13406009,F007886,"Samosa, vegetable, deep fried",1116,7.5,12.6,29.6,8.5,3.5,6,0.7,116,65,0.6,Analysed,moderate
13405019,F008098,"Sausage roll, commercial",1190,9.7,14.6,27.2,2.8,3.0,24,1.1,667,0,1.1,Analysed,at-risk
13405020,F008100,"Sausage roll, homemade",1086,13.2,11.1,25.4,2.2,2.4,31,1.08,232,1,1.16,Recipe,moderate
13406010,F008794,"Spring roll, meat & vegetable, takeaway, deep fried",1047,7.5,11.7,27.5,4.3,2.8,26,2.0,501,1,0.5,Analysed,at-risk
13405021,F008797,"Spring roll, meat &/or vegetable, purchased frozen, baked",910,4.5,9.8,26.8,3.4,2.4,26,2.0,453,1,0.5,Analysed,at-risk
13406011,F008801,"Spring roll, vegetable filling, takeaway, deep fried",1021,3.8,13.0,27.2,4.2,1.8,20,0.54,330,5,0.37,Recipe,moderate
13512016,F008836,"Steamed bun, savoury, plain",1125,6.4,2.9,53.4,11.3,1.5,19,0.73,5,0,0.64,Recipe,moderate
13512017,F008837,"Steamed bun, savoury, pork",1107,9.4,5.2,44.4,15.7,1.4,18,0.99,292,0,1.06,Recipe,at-risk
13402001,F000249,Baklava,1996,8.7,32.0,38.4,19.8,3.6,47,1.5,283,1,1.17,Recipe,at-risk
13401002,F002217,"Cannoli, unfilled",2102,6.1,26.9,59.8,25.2,1.2,18,0.78,45,0,0.52,Recipe,at-risk
13403002,F002216,"Cannoli, with ricotta & cream cheese filling",1520,6.8,18.7,42.9,25.1,0.6,67,0.39,93,0,0.52,Recipe,at-risk
13402002,F010161,"Croissant, almond",1649,10.8,23.0,34.7,10.0,3.7,71,1.41,373,0,1.38,Recipe,at-risk
13403003,F003303,"Croissant, chocolate filled",1646,8.8,21.4,41.0,14.5,2.4,42,1.76,380,0,1.28,Recipe,at-risk
16901004,F003308,"Crumble, apple, baked",899,2.3,8.3,32.0,24.5,2.4,33,0.54,43,3,0.33,Recipe,at-risk
16901005,F010461,"Crumble, other/mixed fruit, baked",872,2.8,8.8,28.6,20.9,2.6,39,0.66,48,6,0.42,Recipe,at-risk
13403004,F010173,"Danish, sweet, all types",1300,7.5,15.0,35.6,16.4,3.7,35,0.8,264,0,0.3,Analysed,at-risk
13403005,F003663,"Eclair or profiterole, filled, commercial, chocolate icing",1395,6.1,22.0,28.9,17.1,0.5,54,1.57,173,0,0.91,Recipe,at-risk
13403006,F010163,"Eclair or profiterole, filled, homemade, chocolate icing",1397,6.3,23.4,25.5,13.5,0.5,53,1.4,190,0,0.84,Recipe,at-risk
13602004,F010478,"Fritter, fruit, all types",1316,2.7,21.0,28.6,15.7,1.4,11,0.45,10,7,0.28,Recipe,at-risk
13402003,F010160,"Pastry, escargot",1375,8.6,15.8,37.3,12.5,2.4,48,1.06,377,0,0.93,Recipe,moderate
13402004,F006679,"Pie, sweet, apple, commercial",1059,3.0,12.9,31.4,15.1,1.3,18,0.5,200,37,0.2,Analysed,at-risk
13402005,F006680,"Pie, sweet, apple, fast food chain",1220,2.5,17.0,32.3,11.2,1.3,18,0.5,157,11,0.2,Label Data,moderate
13402006,F006684,"Pie, sweet, apple, homemade",990,2.5,8.0,37.4,22.2,3.7,8,0.2,166,1,0.1,Recipe,at-risk
13402007,F006682,"Pie, sweet, apple, purchased frozen, reduced fat, baked",1074,3.1,11.6,34.9,12.0,1.3,18,0.5,270,11,0.2,Label Data,moderate
13402008,F006677,"Pie, sweet, apple & berry, purchased frozen, baked",1058,3.0,12.5,32.2,16.3,1.8,19,0.54,194,36,0.21,Recipe,at-risk
13402009,F010152,"Pie, sweet, fruit (other than apple)",898,3.1,8.0,30.4,15.4,4.6,16,0.6,170,3,0.21,Recipe,at-risk
13402010,F006686,"Pie, sweet, fruit mince",1702,5.1,14.0,63.8,37.0,5.6,37,0.99,292,0,0.25,Recipe,at-risk
13403007,F006689,"Pie, sweet, lemon meringue",1169,3.2,9.4,45.8,34.6,1.7,12,0.31,109,6,0.17,Recipe,at-risk
13402011,F006691,"Pie, sweet, pecan",1991,6.0,29.4,47.5,37.1,3.8,110,2.05,174,0,1.2,Recipe,at-risk
13403008,F006692,"Pie, sweet, pumpkin",1118,4.0,16.6,25.4,16.2,2.3,54,0.6,126,2,0.3,Recipe,at-risk
13402013,F008954,"Strudel, apple",824,2.8,5.2,33.4,19.0,3.0,23,0.46,198,1,0.19,Recipe,at-risk
13403009,F009104,"Tart, almond frangipane",2078,9.1,33.0,39.8,17.3,5.0,64,1.21,223,0,0.98,Recipe,at-risk
13403010,F009108,"Tart, citrus",1320,5.7,18.7,30.7,17.6,2.5,36,0.59,190,6,0.4,Recipe,at-risk
13403011,F009099,"Tart, caramel",1740,5.6,19.4,56.1,43.8,2.0,152,0.48,234,0,0.44,Recipe,at-risk
13403012,F009100,"Tart, chocolate",1706,5.2,27.2,36.0,20.6,2.3,54,1.65,176,0,0.89,Recipe,at-risk
13403013,F010175,"Tart, coconut",1771,4.5,27.0,39.5,25.1,6.1,16,0.65,198,0,0.41,Recipe,at-risk
13403014,F009102,"Tart, custard",1014,6.3,10.7,30.2,11.4,1.0,74,0.5,270,0,0.8,Analysed,moderate
13402014,F009105,"Tart, jam",1507,2.7,14.9,55.0,33.4,0.9,13,0.8,240,0,0.8,Analysed,at-risk
13402015,F010225,"Tarte tatin, any type",886,1.7,7.4,34.2,27.2,2.5,8,0.3,73,2,0.15,Recipe,at-risk
13402016,F009341,"Turnover, apple",936,3.8,10.2,27.9,10.6,2.8,14,0.35,124,1,0.2,Recipe,moderate
13502001,F006725,"Pizza, cheese, takeaway",1194,16.2,11.0,28.7,2.7,2.8,210,0.88,440,0,1.4,Analysed,at-risk
13502002,F006732,"Pizza, cheese, takeaway, thin base",1186,14.7,11.3,29.0,3.5,2.0,336,0.78,534,2,1.78,Recipe,at-risk
13502003,F006728,"Pizza, cheese, purchased frozen",1128,11.6,11.7,28.2,4.2,1.8,248,0.76,415,2,1.36,Recipe,at-risk
13501001,F006730,"Pizza, cheese, homemade",1200,13.7,9.8,34.2,3.6,2.2,284,0.84,516,2,1.58,Recipe,at-risk
13502004,F006737,"Pizza, chicken, takeaway",1018,13.7,8.0,27.8,4.3,1.9,150,0.79,496,11,1.18,Recipe,at-risk
13502005,F006749,"Pizza, chicken, takeaway, thin base",946,13.5,8.3,22.9,4.0,1.7,165,0.7,473,13,1.22,Recipe,at-risk
13501002,F006747,"Pizza, chicken, homemade",987,13.1,6.8,29.1,4.5,2.0,156,0.73,454,12,1.08,Recipe,at-risk
13502006,F006762,"Pizza, ham/bacon, takeaway",939,12.8,8.3,23.1,2.7,3.1,140,1.1,632,1,1.7,Analysed,at-risk
13502007,F006766,"Pizza, ham/bacon, takeaway, thin base",992,14.1,8.6,24.4,3.9,1.7,230,0.62,573,4,1.44,Recipe,at-risk
13502008,F006761,"Pizza, ham/bacon, purchased frozen",961,11.5,6.0,28.2,4.8,3.1,171,0.85,468,1,1.16,Analysed,at-risk
13501003,F006764,"Pizza, ham/bacon, homemade",1029,13.2,7.6,29.6,4.0,1.9,198,0.7,555,3,1.31,Recipe,at-risk
13502009,F006775,"Pizza, meat (e.g. meat lovers, pepperoni), takeaway",1112,14.9,8.7,30.5,4.7,1.8,161,0.91,594,0,1.49,Recipe,at-risk
13502010,F006778,"Pizza, meat (e.g. meat lovers, pepperoni), takeaway, thin base",1083,15.8,9.6,26.0,5.3,1.6,178,0.87,624,0,1.62,Recipe,at-risk
13502011,F006774,"Pizza, meat (e.g. meat lovers, pepperoni), purchased frozen",1138,15.4,9.7,29.3,5.4,1.7,200,0.83,643,0,1.59,Recipe,at-risk
13501004,F006776,"Pizza, meat (e.g. meat lovers, pepperoni), homemade",1112,14.9,8.7,30.5,4.7,1.8,161,0.91,594,0,1.49,Recipe,at-risk
13502012,F006800,"Pizza, meat & vegetable (e.g. supreme), takeaway",954,13.0,9.8,20.5,0.6,3.0,158,0.95,570,2,1.8,Analysed,at-risk
13502013,F006803,"Pizza, meat & vegetable (e.g. supreme), takeaway, thin base",1020,14.0,9.7,23.8,3.4,1.7,179,0.88,525,14,1.52,Recipe,at-risk
13502014,F006797,"Pizza, meat & vegetable (e.g. supreme), purchased frozen",1142,14.0,11.6,26.3,0.9,3.2,152,1.15,350,4,1.42,Analysed,moderate
13501005,F006801,"Pizza, meat & vegetable (e.g. supreme), homemade",1092,13.6,9.0,30.0,3.7,2.0,168,0.94,534,13,1.42,Recipe,at-risk
13502015,F006790,"Pizza, prawn/seafood, takeaway",938,12.8,5.9,28.4,3.0,1.9,177,0.83,452,11,1.28,Recipe,at-risk
13502016,F006794,"Pizza, prawn/seafood, takeaway, thin base",869,13.2,6.4,23.1,2.8,1.7,193,0.78,437,16,1.36,Recipe,at-risk
13501006,F006791,"Pizza, prawn/seafood, homemade",938,12.8,5.9,28.4,3.0,1.9,177,0.83,452,11,1.28,Recipe,at-risk
13502017,F006810,"Pizza, vegetable, takeaway",863,9.3,6.0,27.2,2.8,2.8,152,1.15,389,4,1.42,Analysed,moderate
13502018,F006813,"Pizza, vegetable, takeaway, thin base",842,9.0,6.9,24.4,4.1,2.0,178,0.64,354,21,1.04,Recipe,moderate
13502019,F006808,"Pizza, vegetable, purchased frozen",923,10.2,7.8,25.8,3.3,2.4,204,0.87,418,20,1.2,Recipe,at-risk
13501007,F006811,"Pizza, vegetable, homemade",1004,10.0,7.0,32.5,4.5,2.4,178,0.79,409,19,1.1,Recipe,at-risk
13502020,F010806,"Pizza, vegetable, gluten free, commercial",915,8.5,8.4,25.1,3.5,3.3,176,0.9,510,12,1.06,Recipe,at-risk
13501008,F006807,"Pizza, vegetable, gluten free, homemade",915,8.5,8.4,25.1,3.5,3.3,176,0.9,510,12,1.06,Recipe,at-risk
13502021,F010573,"Pizza, vegan, commercial",992,6.1,7.0,35.5,4.1,2.9,79,0.92,692,19,0.57,Recipe,at-risk
13501009,F010572,"Pizza, vegan, homemade",1007,6.1,7.2,36.1,4.5,2.9,74,0.84,461,22,0.53,Recipe,at-risk
13506001,F000170,Bacon & egg roll,1136,12.0,12.7,26.4,3.4,1.7,70,1.18,611,0,0.9,Recipe,at-risk
13512001,F010781,"Bao bun, chicken",916,10.5,4.1,34.0,7.6,1.5,22,0.7,101,3,0.6,Recipe,moderate
13512002,F010784,"Bao bun, eggplant or other vegetables",925,7.7,5.2,34.6,7.8,2.5,20,0.81,273,13,0.63,Recipe,moderate
13512003,F010783,"Bao bun, fish or seafood",920,8.9,6.2,31.4,7.5,1.4,30,0.64,129,3,0.64,Recipe,moderate
13512004,F010782,"Bao bun, pork",1066,10.9,9.7,30.3,7.8,1.5,18,0.79,239,4,0.93,Recipe,moderate
13512005,F010785,"Bao bun, tofu",814,6.5,3.9,32.3,9.2,1.8,58,1.18,353,3,0.72,Recipe,moderate
13506002,F010447,"Bacon burger, takeaway",792,7.9,7.4,21.8,4.1,2.0,61,0.92,475,2,0.62,Recipe,at-risk
13505001,F010449,"Bacon burger, homemade",792,7.9,7.4,21.8,4.1,2.0,61,0.92,475,2,0.62,Recipe,at-risk
13504001,F010982,"Bread, Italian style, toasted, with tomato, basil & onion (bruschetta)",725,3.4,9.7,17.0,2.4,2.2,18,0.53,164,10,0.38,Recipe,balanced
13506003,F010495,"Breakfast burger, with bacon, beef sausage patty, egg, cheese, hash brown & sauce, fast food chain",1024,12.0,13.5,18.2,2.8,1.3,91,1.16,609,2,1.41,Recipe,at-risk
13507001,F001879,"Breakfast wrap, with bacon or sausage, egg, cheese & sauce, fast food chain",1032,11.9,12.8,19.9,2.3,1.5,80,1.15,644,2,1.2,Recipe,at-risk
13506004,F002537,"Chicken burger, chicken breast, with salad, fast food chain",911,13.3,10.2,17.5,2.7,1.3,44,0.6,397,2,0.56,Recipe,moderate
13506005,F002535,"Chicken burger, chicken breast, with bacon, cheese & salad, fast food chain ",964,14.9,11.7,15.8,2.4,1.2,87,0.6,472,0,0.83,Recipe,at-risk
13506006,F002536,"Chicken burger, chicken breast, with cheese & salad, fast food chain",1186,14.3,16.2,19.4,2.6,1.3,146,0.64,437,0,1.0,Recipe,at-risk
13506007,F002544,"Chicken burger, crumbed chicken breast, with salad, fast food chain",1102,13.2,13.4,21.9,2.8,1.5,48,0.71,420,0,0.61,Recipe,at-risk
13506008,F002540,"Chicken burger, crumbed chicken breast, with bacon, cheese & salad, fast food chain",1118,13.0,14.7,20.1,2.6,1.4,92,0.68,508,1,0.81,Recipe,at-risk
13506009,F002543,"Chicken burger, crumbed chicken breast, with cheese & salad, fast food chain",1036,12.6,13.5,18.2,2.8,1.3,110,0.61,516,2,0.84,Recipe,at-risk
13506010,F010469,"Chicken burger, takeaway",715,13.5,4.9,17.1,2.0,1.8,53,0.77,340,2,0.62,Recipe,moderate
13505002,F010460,"Chicken burger, homemade",732,12.3,4.8,19.5,2.8,1.8,54,0.83,205,1,0.6,Recipe,moderate
13507002,F002563,"Chicken wrap, chicken breast, with salad, fast food chain",823,12.6,8.8,15.8,2.3,1.6,51,0.65,381,3,0.64,Recipe,moderate
13507003,F002564,"Chicken wrap, crumbed chicken breast, with salad, fast food chain",984,12.8,11.9,18.2,2.2,1.6,65,0.63,507,3,0.72,Recipe,at-risk
13504004,F002561,"Filled bread roll, chicken & mayonnaise, fast food chain",992,13.9,7.4,27.7,4.0,2.0,64,0.88,425,0,0.7,Recipe,at-risk
13504005,F003838,"Filled bread roll, asian-style, pork, mayonnaise, pate & vegetables",867,11.3,11.0,14.5,2.2,2.0,47,1.29,456,9,1.35,Recipe,at-risk
13506011,F003882,"Fish burger, with cheese, fast food chain",1026,10.5,10.8,25.3,3.8,1.8,130,0.86,418,3,0.9,Recipe,at-risk
13506012,F010470,"Fish burger, takeaway",773,8.5,6.7,21.6,4.0,1.8,80,0.98,501,2,0.58,Recipe,at-risk
13505003,F010471,"Fish burger, homemade",713,8.6,5.8,20.0,3.0,1.8,61,0.87,215,2,0.54,Recipe,moderate
13506013,F004361,"Hamburger, beef patty, with pickles, fast food chain",1075,11.5,11.9,24.6,5.8,2.1,59,1.47,614,0,1.92,Recipe,at-risk
13506014,F004349,"Hamburger, beef patty, with bacon, cheese & salad, fast food chain",1152,12.6,17.9,15.1,2.4,1.4,92,1.02,630,1,1.76,Recipe,at-risk
13506015,F004358,"Hamburger, beef patty, with cheese, onion & pickles, fast food chain",1133,14.7,12.6,23.2,3.6,1.8,120,1.25,565,1,2.2,Analysed,at-risk
13506016,F004357,"Hamburger, beef patty, with cheese & lettuce, fast food chain",1023,11.6,13.4,18.0,3.0,1.8,120,1.25,438,1,2.2,Label Data,at-risk
13506017,F004356,"Hamburger, beef patty, with cheese, lettuce, onion, pickles & tomato, fast food chain",1068,9.8,16.6,15.9,3.9,1.5,103,0.98,470,2,1.65,Recipe,at-risk
13506018,F004352,"Hamburger, beef patty, with cheese/bacon/egg & salad, fast food chain",924,11.4,12.3,15.2,3.3,1.5,72,1.23,465,1,1.7,Recipe,at-risk
13506019,F004360,"Hamburger, beef patty, with lettuce, onion, pickles & tomato, fast food chain",1018,8.5,15.3,17.1,4.4,1.7,42,1.04,443,2,1.46,Recipe,at-risk
13506020,F004362,"Hamburger, plain, from takeaway",871,12.1,9.2,18.0,1.3,2.6,64,1.57,439,2,1.87,Analysed,at-risk
13506021,F010490,"Hamburger, with cheese, takeaway",1145,14.6,12.4,24.3,2.4,2.1,124,1.51,520,0,2.38,Recipe,at-risk
13506022,F010491,"Hamburger, with the lot, takeaway",842,11.0,10.2,15.5,3.3,1.6,83,1.24,419,2,1.56,Recipe,at-risk
13505004,F004332,"Hamburger, beef patty & cheese, homemade",1031,15.9,7.9,26.8,3.5,1.9,127,1.37,333,0,1.62,Recipe,moderate
13505005,F010484,"Hamburger, beef patty & salad, homemade",692,10.8,3.9,20.6,3.1,2.0,62,1.27,218,2,1.09,Recipe,moderate
13505006,F004329,"Hamburger, beef patty, bacon & salad, homemade",772,11.4,6.4,19.3,3.6,1.8,56,1.19,336,2,1.06,Recipe,moderate
13505007,F004331,"Hamburger, beef patty, cheese & salad, homemade",745,11.4,5.4,19.8,3.7,1.8,100,1.19,260,2,1.2,Recipe,moderate
13505008,F010493,"Hamburger, lamb/goat patty or fillet",838,10.3,8.9,18.9,3.5,1.7,55,1.29,209,2,1.55,Recipe,moderate
13506023,F010507,"Hamburger, pork patty or fillet",811,10.9,7.4,19.7,3.6,2.2,56,0.96,307,11,1.16,Recipe,moderate
13504006,F004389,"Hot dog, bread roll, frankfurt",944,10.6,8.2,26.1,3.6,2.4,71,1.65,594,0,1.39,Recipe,at-risk
13504007,F004391,"Hot dog, bread roll, frankfurt & cheese",1006,12.1,11.4,21.2,3.1,2.0,176,1.36,761,0,1.69,Recipe,at-risk
13504008,F004395,"Hot dog, bread roll, vegetarian frankfurt",883,13.0,5.6,25.7,4.0,2.2,68,2.02,504,2,1.54,Recipe,at-risk
13504009,F010165,"Kebab wrap, meat, with salad, takeaway",804,11.4,8.7,16.3,4.3,1.7,26,1.23,391,2,1.72,Recipe,moderate
13504010,F010422,"Kebab wrap, meat, with salad & cheese, takeaway",859,12.1,10.3,15.2,4.1,1.6,73,1.15,416,2,1.81,Recipe,at-risk
13503001,F010425,"Kebab wrap, meat, with salad, homemade",804,11.4,8.7,16.3,4.3,1.7,26,1.23,391,2,1.72,Recipe,moderate
13504011,F004803,"Kebab wrap, chicken, with salad, takeaway",673,12.5,4.8,16.0,4.0,1.7,26,0.67,365,2,0.76,Recipe,moderate
13504012,F004802,"Kebab wrap, chicken, with salad & cheese, takeaway",738,13.2,6.7,14.9,3.8,1.6,74,0.63,391,2,0.92,Recipe,moderate
13503002,F010424,"Kebab wrap, chicken, with salad, homemade",673,12.5,4.8,16.0,4.0,1.7,26,0.67,365,2,0.76,Recipe,moderate
13504013,F004804,"Kebab wrap, falafel, with salad, takeaway",785,6.1,7.5,21.0,4.7,6.1,48,1.82,453,2,0.65,Recipe,at-risk
13503003,F010421,"Kebab wrap, falafel, with salad, homemade",785,6.1,7.5,21.0,4.7,6.1,48,1.82,453,2,0.65,Recipe,at-risk
13506028,F005902,"Muffin, English style, bacon, with cheese & egg, fast food chain",938,13.5,10.5,17.8,1.0,1.4,141,1.48,474,0,1.18,Recipe,at-risk
13506029,F005903,"Muffin, English style, beef sausage patty, with cheese & egg, fast food chain",949,13.7,11.1,17.1,1.0,1.4,134,1.42,527,0,1.67,Recipe,at-risk
13506030,F010934,"Muffin, English-style, vegetable patty, non-dairy cheese, with salad & sauce, fast food chain",967,7.3,9.4,26.9,2.7,3.9,110,1.08,450,2,0.66,Recipe,at-risk
13503004,F007887,"Sandwich or roll, canned spaghetti, toasted",606,5.3,2.8,23.2,3.9,2.1,44,0.76,400,0,0.48,Recipe,moderate
13503005,F007888,"Sandwich or roll, cheese",1268,12.6,13.6,30.5,2.2,3.0,250,1.1,514,0,1.42,Recipe,at-risk
13503006,F007889,"Sandwich or roll, cheese, toasted",1378,13.6,14.8,33.2,2.4,3.3,271,1.2,559,0,1.54,Recipe,at-risk
13503007,F010162,"Sandwich or roll, cheese & salad",868,8.6,9.2,20.9,2.2,2.6,177,0.95,352,7,1.02,Recipe,moderate
13503008,F007890,"Sandwich or roll, chicken",957,15.7,6.0,26.2,1.8,2.6,65,1.1,302,0,1.09,Recipe,moderate
13503009,F007891,"Sandwich or roll, chicken & salad",692,11.2,4.4,18.8,1.9,2.4,58,0.97,221,7,0.83,Recipe,moderate
13503010,F007892,"Sandwich or roll, egg",999,10.1,11.2,23.0,2.0,2.2,70,1.43,314,0,0.99,Recipe,moderate
13503011,F007893,"Sandwich or roll, ham",958,11.6,6.0,29.3,2.2,3.4,71,1.19,680,0,0.93,Recipe,at-risk
13503012,F007894,"Sandwich or roll, ham & cheese",1076,13.6,10.9,23.7,1.9,2.7,192,0.99,690,0,1.32,Recipe,at-risk
13503013,F007895,"Sandwich or roll, ham & cheese, toasted",1170,14.8,11.9,25.8,2.0,2.9,209,1.08,750,0,1.44,Recipe,at-risk
13503014,F010976,"Sandwich or roll, ham, cheese & tomato",888,11.2,8.9,19.8,2.0,2.4,158,0.86,561,3,1.11,Recipe,at-risk
13503015,F010975,"Sandwich or roll, ham, cheese & tomato, toasted",965,12.2,9.6,21.5,2.2,2.6,172,0.94,610,3,1.2,Recipe,at-risk
13503016,F007896,"Sandwich or roll, ham & salad",674,8.1,4.2,20.4,2.2,2.9,61,1.02,468,7,0.71,Recipe,at-risk
13503017,F010148,"Sandwich or roll, honey",1166,8.1,6.6,44.8,11.4,3.6,87,1.27,385,0,0.8,Recipe,moderate
13503018,F010149,"Sandwich or roll, jam",1146,7.2,5.8,46.4,16.7,3.4,78,1.17,344,1,0.71,Recipe,at-risk
13503019,F007898,"Sandwich or roll, peanut butter",1339,11.0,13.0,37.3,3.3,4.3,92,1.47,414,1,1.13,Recipe,at-risk
13503020,F010977,"Sandwich or roll, peanut butter & jam",1286,8.8,10.4,43.0,15.7,3.7,75,1.23,334,1,0.92,Recipe,at-risk
13503021,F007899,"Sandwich or roll, roast meat",977,17.6,8.7,19.9,1.4,2.0,50,1.74,238,0,2.6,Recipe,moderate
13503022,F007900,"Sandwich or roll, roast meat & salad",753,13.4,6.6,15.4,1.6,1.9,48,1.46,188,6,2.0,Recipe,moderate
13503023,F007901,"Sandwich or roll, salad",543,4.5,3.5,18.4,2.5,2.8,64,0.98,206,12,0.53,Recipe,moderate
13503024,F010979,"Sandwich or roll, salami & cheese",1302,14.4,16.4,24.7,1.8,2.5,205,1.22,706,0,1.71,Recipe,at-risk
13503025,F007902,"Sandwich or roll, tuna",965,15.7,8.3,21.9,1.8,2.2,56,1.24,434,0,0.85,Recipe,at-risk
13503026,F007903,"Sandwich or roll, tuna & salad",732,11.8,6.2,16.6,1.9,2.1,51,1.09,328,6,0.7,Recipe,moderate
13503027,F007904,"Sandwich or roll, vegemite",1134,10.2,7.0,39.0,2.7,4.2,96,1.6,607,0,1.12,Recipe,at-risk
13503028,F007905,"Sandwich or roll, vegemite & cheese",1238,13.1,13.0,29.6,2.2,3.2,241,1.25,638,0,1.56,Recipe,at-risk
13504014,F010497,"Sandwich, steak, takeaway",691,14.6,6.6,10.9,2.6,1.2,71,1.53,339,2,2.35,Recipe,moderate
13503029,F010496,"Sandwick, steak, homemade",687,14.6,6.7,10.5,2.6,1.4,71,1.58,194,2,2.36,Recipe,moderate
13506024,F009444,"Vegetable burger, vegetable patty & salad, fast food chain",991,6.6,12.2,23.8,4.0,2.6,98,0.88,477,2,0.72,Recipe,at-risk
13506025,F010502,"Vegetable burger, soy based patty, with salad, fast food chain",987,10.3,12.4,19.0,3.5,3.0,69,1.95,359,2,0.83,Recipe,moderate
13506026,F010500,"Vegetable or lentil burger, vegetable patty, with salad, takeaway",713,6.7,3.4,26.1,5.2,3.8,66,1.26,282,1,0.66,Recipe,moderate
13505009,F010501,"Vegetable or lentil burger, vegetable patty, with salad, homemade",716,6.7,3.4,26.2,5.3,3.9,66,1.27,284,1,0.66,Recipe,moderate
13506027,F010498,"Vegan burger, vegetable patty, with non-dairy cheese & salad, fast food chain",830,5.7,7.4,25.6,4.1,2.9,66,0.94,464,3,0.54,Recipe,at-risk
13504015,F010779,"Wrap, salad, takeaway",533,5.4,4.9,13.9,2.0,2.6,113,0.97,244,4,0.67,Recipe,moderate
13503030,F010778,"Wrap, salad, homemade",525,5.0,4.7,14.4,2.5,2.4,97,0.81,241,14,0.58,Recipe,moderate
13507004,F010547,Burrito bowl,527,7.9,4.4,12.5,1.4,2.1,51,0.7,294,3,0.96,Recipe,moderate
13507005,F005530,"Nachos, with cheese & salsa",1098,7.6,14.8,23.1,2.6,2.6,196,0.77,494,4,1.22,Recipe,at-risk
13507006,F005528,"Nachos, with meat",1127,19.9,13.6,15.6,1.8,1.7,130,1.63,476,1,2.32,Recipe,at-risk
13507007,F005524,"Nachos, with beans",887,7.3,10.7,19.7,1.1,3.3,137,1.14,433,4,1.07,Recipe,at-risk
13507008,F005546,"Mexican wrap, beans",571,5.3,4.9,16.3,3.2,2.3,82,0.95,541,16,0.6,Recipe,at-risk
13507010,F005563,"Mexican wrap, chicken",635,11.9,5.4,13.1,3.1,1.2,76,0.67,450,14,0.85,Recipe,at-risk
13507011,F010549,"Mexican wrap, fish/seafood",636,11.4,5.6,13.1,3.1,1.2,87,0.65,460,15,0.61,Recipe,at-risk
13507009,F010557,"Mexican wrap, meat",732,12.1,7.9,13.1,3.1,1.2,76,0.94,448,15,1.46,Recipe,at-risk
13507012,F010548,"Mexican wrap, meat alternative",738,6.6,6.5,20.9,4.9,3.3,88,1.05,524,14,0.69,Recipe,at-risk
13507013,F005535,"Taco, hard shell, beans",618,5.7,6.9,14.0,2.4,3.0,109,1.06,468,7,0.86,Recipe,at-risk
13507014,F005539,"Taco, hard shell, beef",783,15.0,9.2,10.0,2.2,1.7,102,1.29,352,4,1.78,Recipe,moderate
13507015,F005542,"Taco, hard shell, chicken",695,13.7,7.4,10.0,2.2,1.7,102,0.73,356,4,1.16,Recipe,moderate
13507016,F010554,"Taco, soft, beans",606,5.9,5.7,16.0,3.0,2.3,101,0.97,567,6,0.69,Recipe,at-risk
13507017,F010553,"Taco, soft, beef",755,14.3,7.8,12.4,2.8,1.1,94,1.18,462,4,1.52,Recipe,at-risk
13507018,F010552,"Taco, soft, chicken",676,13.1,6.2,12.4,2.8,1.1,94,0.67,467,4,0.97,Recipe,at-risk
13507019,F010551,"Taco, soft, fish",678,12.6,6.5,12.4,2.8,1.1,106,0.64,478,4,0.71,Recipe,at-risk
13513001,F008991,"Sushi, beef",612,7.3,1.9,23.7,2.2,1.2,7,0.74,101,4,1.28,Recipe,moderate
13513002,F008992,"Sushi, california roll",550,5.9,2.7,19.7,3.1,1.0,24,0.37,402,3,0.5,Recipe,at-risk
13513003,F008997,"Sushi, chicken",638,7.3,2.5,24.0,2.4,1.1,8,0.38,127,3,0.6,Recipe,moderate
13513004,F009000,"Sushi, fish",607,7.0,2.2,23.0,1.6,1.2,12,0.5,22,3,0.55,Recipe,moderate
13513005,F009002,"Sushi, fried bean curd (inari)",688,7.1,4.3,23.1,1.5,0.9,84,1.0,9,0,0.94,Recipe,moderate
13513006,F009006,"Sushi, prawn & other seafood",607,7.0,1.8,23.9,1.7,1.2,22,0.37,102,4,0.73,Recipe,moderate
13513007,F009009,"Sushi, salmon",647,7.2,3.2,23.0,1.6,1.2,7,0.42,112,3,0.49,Recipe,moderate
13513008,F009013,"Sushi, tuna",651,7.2,3.3,23.2,1.8,1.2,7,0.58,48,3,0.57,Recipe,moderate
13513009,F009015,"Sushi, vegetable",570,2.6,2.7,24.0,2.4,1.7,10,0.32,21,4,0.46,Recipe,moderate
13513010,F009001,"Sushi, nigiri or aburi, fish",628,8.8,2.1,23.1,1.5,0.5,10,0.38,24,0,0.55,Recipe,moderate
13513011,F010664,"Sushi, nigiri or aburi, meat",618,9.6,1.1,23.8,2.1,0.5,4,0.22,104,0,0.77,Recipe,moderate
13513012,F009007,"Sushi, nigiri or aburi, prawn & other seafood",594,8.6,1.2,23.3,1.6,0.5,19,0.5,109,1,0.87,Recipe,moderate
13513013,F009010,"Sushi, nigiri or aburi, salmon",688,8.9,3.7,23.1,1.5,0.5,4,0.27,159,0,0.46,Recipe,moderate
13513014,F009014,"Sushi, nigiri or aburi, tuna",593,9.8,0.7,23.1,1.5,0.5,3,0.69,15,0,0.59,Recipe,moderate
13513015,F010683,"Sushi, nigiri or aburi, vegetable",562,2.2,2.6,24.2,2.3,1.4,6,0.14,16,1,0.44,Recipe,moderate
13508001,F002213,"Cannelloni, homemade, spinach & cheese filling, tomato based sauce",544,7.8,6.4,9.2,3.6,1.9,144,0.72,263,1,0.79,Recipe,moderate
13508002,F002215,"Cannelloni, homemade, spinach & cheese filling, tomato based sauce, with added meat",584,13.0,6.6,6.2,2.0,1.5,120,1.12,115,2,1.21,Recipe,moderate
13512012,F004225,"Gnocchi dish, bolognese sauce",478,6.7,3.7,12.8,2.5,1.5,20,1.05,252,1,1.52,Recipe,moderate
13512013,F004224,"Gnocchi dish, dairy based sauce",515,2.7,2.6,21.1,1.2,1.4,17,0.33,392,2,0.29,Recipe,moderate
13512014,F010602,"Gnocchi dish, pesto based sauce",864,4.0,10.3,23.5,0.8,1.9,44,0.72,468,3,0.57,Recipe,at-risk
13512015,F004222,"Gnocchi dish, tomato based sauce",450,2.8,0.7,21.2,2.0,1.9,18,0.71,296,4,0.32,Recipe,moderate
13509001,F005145,"Lasagne (Lasagna), beef, purchased fresh or frozen, cooked",572,6.6,6.6,11.8,1.6,2.1,60,1.0,290,0,1.0,Analysed,moderate
13508003,F005146,"Lasagne (Lasagna), beef, homemade",625,8.6,7.4,11.4,3.2,1.4,88,0.95,109,5,1.37,Recipe,moderate
13508004,F005151,"Lasagne (Lasagna), vegetable",565,5.7,6.3,11.9,3.3,3.9,145,3.1,132,15,0.93,Recipe,balanced
13508005,F005259,"Macaroni & cheese, homemade",698,6.4,5.5,21.5,1.0,1.7,79,0.58,59,0,0.72,Recipe,moderate
13508006,F006409,"Pasta in cream based sauce, dry mix",1546,13.1,3.1,69.7,9.3,3.6,98,1.5,690,0,1.2,Analysed,at-risk
13508007,F009830,"Pasta in cream based sauce, made from dry mix",627,5.5,3.9,22.7,5.3,1.0,83,0.44,230,0,0.52,Recipe,moderate
13508008,F006418,"Pasta in tomato based sauce, dry mix",1532,11.1,4.1,68.7,9.3,4.1,38,0.75,885,3,0.92,Analysed,at-risk
13508009,F006419,"Pasta in tomato based sauce, made from dry mix",395,2.6,1.8,16.3,2.2,1.0,11,0.18,219,0,0.22,Recipe,moderate
13509002,F006346,"Pasta dish, commercial, bolognese sauce",594,10.1,4.1,15.0,1.1,1.7,15,1.1,72,1,1.03,Recipe,moderate
13508010,F006393,"Pasta dish, homemade, bolognese sauce",520,7.5,3.1,15.3,1.8,1.9,16,1.12,71,0,1.28,Recipe,moderate
13509003,F010780,"Pasta dish, commercial, vegan bolognese sauce",477,5.4,2.6,15.5,1.8,2.3,22,1.03,247,1,0.51,Recipe,moderate
13508011,F010787,"Pasta dish, homemade, vegan bolognese sauce",590,6.7,3.8,17.7,1.8,3.2,38,1.66,158,3,0.69,Recipe,balanced
13509004,F010931,"Pasta dish, commercial, carbonara sauce",1086,12.5,16.7,14.2,0.8,1.4,111,0.97,490,0,1.3,Recipe,at-risk
13508012,F010932,"Pasta dish, homemade, carbonara sauce",974,10.9,13.0,17.1,0.7,1.7,89,0.95,320,0,1.13,Recipe,moderate
13509005,F006350,"Pasta dish, commercial, dairy based sauce",905,5.9,13.7,16.4,2.0,1.8,94,0.61,165,1,0.68,Recipe,moderate
13509006,F006353,"Pasta dish, commercial, dairy based sauce, added fish/seafood",770,7.9,10.2,14.1,1.8,1.9,91,1.02,192,3,0.84,Recipe,moderate
13509007,F006351,"Pasta dish, commercial, dairy based sauce, added meat",844,7.6,11.8,15.2,2.0,2.0,85,0.97,294,3,0.82,Recipe,moderate
13509008,F006354,"Pasta dish, commercial, dairy based sauce, added vegetables",784,5.5,10.9,15.6,2.2,2.5,96,1.31,143,5,0.74,Recipe,balanced
13508013,F006395,"Pasta dish, homemade, dairy based sauce",704,4.7,7.8,18.7,1.5,1.8,41,0.66,125,0,0.49,Recipe,moderate
13508014,F006397,"Pasta dish, homemade, dairy based sauce, added chicken",663,7.4,6.9,15.6,1.4,1.8,43,0.91,115,2,0.64,Recipe,moderate
13508015,F006399,"Pasta dish, homemade, dairy based sauce, added fish/seafood",646,6.7,6.8,15.7,1.5,1.8,54,0.98,165,2,0.67,Recipe,moderate
13508016,F006398,"Pasta dish, homemade, dairy based sauce, added meat",696,7.7,7.7,15.6,1.4,1.8,43,1.11,114,2,0.87,Recipe,moderate
13508017,F006396,"Pasta dish, homemade, dairy based sauce, added processed meat",694,5.8,7.9,16.7,1.6,2.0,46,0.95,219,2,0.61,Recipe,moderate
13508018,F006400,"Pasta dish, homemade, dairy based sauce, added vegetables",649,4.5,7.1,17.0,1.8,2.4,55,1.23,121,4,0.57,Recipe,balanced
13509009,F006355,"Pasta dish, commercial, tomato based sauce",557,4.1,4.3,18.1,1.4,2.3,26,1.15,86,2,0.44,Recipe,balanced
13509010,F006358,"Pasta dish, commercial, tomato based sauce, added fish/seafood",523,6.4,3.8,14.8,1.4,2.2,44,1.41,140,4,0.66,Recipe,balanced
13509011,F010680,"Pasta dish, commercial, tomato based sauce, added meat",579,7.6,4.9,14.7,1.4,2.2,32,1.56,82,3,0.89,Recipe,balanced
13509012,F006356,"Pasta dish, commercial, tomato based sauce, added processed meat",568,5.4,4.9,15.9,1.5,2.5,34,1.41,199,4,0.59,Recipe,balanced
13509013,F006359,"Pasta dish, commercial, tomato based sauce, added vegetables",517,4.0,4.0,16.3,1.8,2.9,44,1.73,88,6,0.54,Recipe,balanced
13508019,F006401,"Pasta dish, homemade, tomato based sauce",504,4.2,2.4,18.9,1.7,2.3,24,1.07,52,1,0.45,Recipe,balanced
13508020,F006403,"Pasta dish, homemade, tomato based sauce, added chicken",501,7.2,2.6,15.6,1.6,2.2,30,1.25,57,3,0.62,Recipe,balanced
13508021,F006405,"Pasta dish, homemade, tomato based sauce, added fish/seafood",483,6.3,2.4,15.7,1.6,2.2,41,1.33,108,3,0.64,Recipe,balanced
13508022,F010681,"Pasta dish, homemade, tomato based sauce, added meat",535,7.4,3.3,15.6,1.6,2.2,30,1.46,56,3,0.86,Recipe,balanced
13508023,F006402,"Pasta dish, homemade, tomato based sauce, added processed meat",522,5.4,3.3,16.8,1.8,2.5,32,1.32,160,3,0.58,Recipe,balanced
13508024,F006407,"Pasta dish, homemade, tomato based sauce, added vegetables",475,4.1,2.4,17.1,2.0,2.8,41,1.61,59,5,0.54,Recipe,balanced
13508025,F006374,"Pasta dish, oil based sauce",886,5.3,10.3,23.2,0.5,2.4,23,0.91,97,0,0.55,Recipe,balanced
13508026,F006376,"Pasta dish, oil based sauce, added chicken",756,8.4,8.1,17.5,0.9,2.1,20,0.8,82,6,0.69,Recipe,balanced
13508027,F006377,"Pasta dish, oil based sauce, added fish/seafood",734,7.4,7.8,17.7,1.0,2.1,33,0.89,144,6,0.72,Recipe,balanced
13508028,F010675,"Pasta dish, oil based sauce, added meat",796,8.7,9.0,17.5,0.9,2.1,20,1.05,81,6,0.97,Recipe,balanced
13508029,F006375,"Pasta dish, oil based sauce, added processed meat",803,6.4,9.4,19.1,1.1,2.3,21,0.84,210,6,0.65,Recipe,moderate
13508030,F006378,"Pasta dish, oil based sauce, added vegetables",761,4.8,8.5,20.1,1.3,2.5,22,0.83,83,8,0.56,Recipe,balanced
13509014,F004049,"Ready meal, beef lasagne, energy controlled portion",430,6.8,2.9,11.6,3.1,1.1,22,0.6,224,2,0.73,Recipe,moderate
13509015,F004057,"Ready meal, pasta with bolognese sauce",461,5.7,3.2,13.7,2.7,1.6,25,1.08,276,0,1.65,Recipe,moderate
13509016,F010913,"Ready meal, pasta with creamy sauce",629,8.1,6.8,13.4,1.2,1.0,60,0.38,276,0,0.63,Recipe,moderate
13509017,F010914,"Ready meal, pasta with tomato sauce",554,6.3,3.4,17.8,3.5,1.8,37,0.7,291,0,0.59,Recipe,moderate
13509018,F010916,"Ready meal, pasta with tomato sauce, added plant based meat",497,6.1,2.3,16.1,2.8,3.5,43,1.78,290,3,0.62,Recipe,moderate
13508031,F007791,"Salad, noodle, with chicken, vegetables & nuts, no added dressing",470,12.8,3.2,7.2,1.0,1.2,23,0.71,44,10,0.88,Recipe,moderate
13508032,F007792,"Salad, noodle, with vegetables, no added dressing",391,3.2,3.1,12.0,1.6,2.0,33,0.84,32,17,0.5,Recipe,balanced
13508033,F007795,"Salad, pasta, with vegetables, added dressing",776,3.7,10.2,18.4,2.3,1.9,18,0.51,228,16,0.41,Recipe,moderate
13509019,F008737,"Spaghetti in sauce, canned",227,2.5,0.0,10.7,4.0,0.8,9,0.3,330,0,0.2,Analysed,moderate
13509020,F008738,"Spaghetti in sauce, canned, reduced salt",227,2.5,0.0,10.7,4.0,0.8,9,0.3,287,0,0.2,Imputed,moderate
13514001,F003237,"Cous cous, with meat",660,12.0,5.4,14.5,2.1,1.4,17,1.14,23,4,1.21,Recipe,moderate
13514002,F003238,"Cous cous, with vegetables",588,4.0,4.1,20.7,3.0,2.1,22,0.74,12,6,0.39,Recipe,balanced
13511001,F007666,"Fried rice, commercial",827,5.5,5.2,31.0,1.0,1.2,10,0.57,490,0,0.87,Analysed,at-risk
13511002,F007669,"Special fried rice, commercial",816,11.5,6.2,22.0,1.9,1.6,27,0.65,324,22,1.02,Recipe,moderate
13510004,F007664,"Rice, white, fried with meat & vegetables",836,8.0,7.1,24.7,2.2,2.0,20,0.67,396,25,0.88,Recipe,moderate
13510005,F007674,"Rice, white, fried, with vegetables",839,3.8,6.1,31.1,2.7,2.3,15,0.4,195,31,0.65,Recipe,balanced
13510006,F007643,"Rice, brown, fried with meat & vegetables",858,8.6,7.6,23.9,2.3,2.6,22,0.97,397,25,0.57,Recipe,moderate
13510007,F007645,"Rice, brown, fried, with vegetables",866,4.6,6.8,30.1,2.8,3.1,19,0.78,196,31,0.26,Recipe,balanced
13510001,F006294,"Paella, with seafood",714,14.9,5.4,14.6,1.6,1.2,47,0.88,307,24,1.35,Recipe,moderate
13510002,F006292,"Paella, without seafood",748,13.8,5.9,16.4,1.8,1.4,13,0.62,197,27,1.1,Recipe,moderate
13510003,F007677,Pilaf,885,3.7,4.6,37.8,0.1,0.6,8,0.19,305,0,0.63,Recipe,moderate
24906001,F010658,"Poke bowl, with fish, vegetables & grains",536,8.7,3.0,15.4,0.9,1.7,12,0.85,118,2,0.48,Recipe,moderate
13511003,F010790,"Rice bowl, with meat, vegetables & egg",457,7.0,2.5,13.8,1.5,1.4,19,1.04,132,4,1.06,Recipe,moderate
13510008,F007694,"Risotto, plain",766,4.6,5.2,28.2,0.7,0.6,52,0.23,213,1,0.77,Recipe,moderate
13510009,F007685,"Risotto, bacon/ham & vegetable",762,9.3,7.4,18.5,1.3,1.0,41,0.65,469,4,1.19,Recipe,at-risk
13510010,F007688,"Risotto, chicken & vegetable",645,8.3,4.1,19.8,1.4,1.0,43,0.43,157,3,0.84,Recipe,moderate
13510011,F007687,"Risotto, meat & vegetable",637,7.9,4.1,19.8,1.4,1.0,42,0.61,154,3,1.32,Recipe,moderate
13510012,F010603,"Risotto, seafood",618,10.0,3.6,17.9,0.9,0.6,70,0.58,349,3,1.1,Recipe,moderate
13510013,F007691,"Risotto, vegetable",620,4.2,4.0,22.6,1.6,1.1,48,0.39,167,4,0.68,Recipe,moderate
13511004,F010604,"Ready meal, risotto with meat",478,5.8,3.7,13.6,1.1,0.7,23,0.23,190,18,0.56,Recipe,moderate
13511005,F010605,"Ready meal, risotto with vegetables",411,2.8,3.6,12.6,2.8,1.4,40,0.2,199,3,0.44,Recipe,moderate
13510014,F007800,"Salad, rice, with vegetables, added dressing",814,3.8,9.0,23.6,5.7,2.0,20,0.64,9,30,0.48,Recipe,balanced
23401001,F008956,"Stuffing, bread based, commercial",808,5.0,8.2,23.0,1.7,3.1,87,2.24,537,1,0.64,Recipe,at-risk
13602006,F000407,"Batter for coating food, uncooked",487,3.3,0.4,24.1,0.6,0.7,8,0.4,327,0,0.28,Recipe,moderate
13602007,F002971,"Coating, for purchased frozen fish & seafood",1258,3.2,16.0,35.7,0.6,0.7,8,0.37,300,0,0.27,Recipe,moderate
14101001,F001973,"Butter, plain, salted",3069,1.1,82.2,0.6,0.6,0.0,17,0.0,776,0,0.06,Analysed,at-risk
14101003,F001971,"Butter, plain, no added salt",3069,1.1,82.2,0.6,0.6,0.0,17,0.0,10,0,0.06,Analysed,at-risk
14101002,F001972,"Butter, plain, reduced salt (sodium <350 mg/100 g)",3085,1.1,82.6,0.6,0.6,0.0,17,0.0,350,0,0.06,Label Data,at-risk
14102001,F001968,"Butter &/or dairy blend, garlic or herb",2587,1.1,68.6,1.2,0.6,0.9,19,0.16,793,4,0.11,Recipe,at-risk
14101004,F001970,"Butter, not further defined",3071,1.1,82.2,0.6,0.6,0.0,17,0.0,610,0,0.06,Recipe,at-risk
14102002,F004205,"Ghee, clarified butter",3701,0.3,99.9,0.0,0.0,0.0,4,0.0,2,0,0.01,Analysed,at-risk
14201001,F003466,Dairy blend,2915,0.5,78.1,1.0,0.6,0.0,17,0.0,611,0,0.04,Analysed,at-risk
14201002,F003464,"Dairy blend, reduced salt",2915,0.5,78.1,1.0,0.6,0.0,12,0.0,410,0,0.03,Analysed,at-risk
14202001,F003474,"Dairy blend, reduced fat",2186,0.5,58.4,1.0,0.6,0.0,17,0.0,481,0,0.04,Label Data,at-risk
14202002,F003481,"Dairy blend, reduced fat & salt",2245,0.5,60.0,1.0,0.6,0.0,12,0.0,354,0,0.03,Label Data,at-risk
14203001,F003472,"Dairy blend, not further defined",2471,0.5,66.1,1.0,0.6,0.0,15,0.0,486,0,0.04,Recipe,at-risk
14301001,F005370,"Margarine spread, polyunsaturated",2552,0.0,69.0,0.0,0.0,0.0,7,0.0,562,0,0.02,Analysed,at-risk
14301002,F005373,"Margarine spread, polyunsaturated, reduced salt",2636,1.0,70.8,0.0,0.0,0.0,3,0.01,283,0,0.04,Analysed,at-risk
14302001,F005395,"Margarine spread, polyunsaturated, reduced fat",1746,0.0,47.2,0.0,0.0,0.0,7,0.0,562,0,0.02,Imputed,at-risk
14302002,F005369,"Margarine spread, polyunsaturated, added phytosterols",2095,0.7,56.3,0.0,0.0,0.0,3,0.01,360,0,0.04,Label Data,at-risk
14303001,F005309,"Margarine spread, monounsaturated",2500,0.5,67.3,0.0,0.0,0.0,7,0.0,358,0,0.04,Analysed,at-risk
14303002,F005310,"Margarine spread, monounsaturated, reduced salt",2565,1.0,68.9,0.0,0.0,0.0,3,0.01,362,0,0.04,Analysed,at-risk
14304001,F005345,"Margarine spread, monounsaturated, reduced fat",1793,1.0,48.0,0.0,0.0,0.0,3,0.01,340,0,0.04,Label Data,at-risk
14303004,F005362,"Margarine spread, monounsaturated, olive oil",2376,1.0,63.8,0.0,0.0,0.0,3,0.01,350,0,0.04,Label Data,at-risk
14304003,F005359,"Margarine spread, monounsaturated, olive oil, reduced fat",2056,1.0,55.1,0.0,0.0,0.0,3,0.01,350,0,0.04,Label Data,at-risk
14303003,F005312,"Margarine spread, monounsaturated, dairy free",2351,0.5,63.3,0.0,0.0,0.0,0,0.0,367,0,0.04,Imputed,at-risk
14304002,F005350,"Margarine spread, monounsaturated, dairy free, reduced fat",1864,0.5,50.2,0.0,0.0,0.0,0,0.0,480,0,0.04,Imputed,at-risk
14305001,F005404,"Margarine spread, regular fat & salt",2334,0.6,62.8,0.0,0.0,0.0,3,0.0,379,0,0.03,Recipe,at-risk
14305002,F005403,"Margarine spread, reduced salt",2612,1.0,70.1,0.0,0.0,0.0,3,0.01,310,0,0.04,Recipe,at-risk
14305003,F005402,"Margarine spread, reduced fat",1897,0.6,51.0,0.0,0.0,0.0,2,0.0,448,0,0.03,Recipe,at-risk
14305004,F005323,"Margarine spread, not further defined",2278,0.6,61.3,0.0,0.0,0.0,3,0.01,386,0,0.03,Recipe,at-risk
14305005,F005408,"Margarine, cooking",3044,0.5,81.7,0.8,0.8,0.0,11,0.0,1130,0,0.0,Analysed,at-risk
14601001,F003812,"Fat, butter, dairy blend or margarine spread, not further defined",2807,0.9,75.2,0.4,0.4,0.0,13,0.0,538,0,0.05,Recipe,at-risk
14402001,F006154,"Oil, almond",3700,0.0,100.0,0.0,0.0,0.0,0,0.0,0,0,0.0,Borrowed,at-risk
14402002,F010968,"Oil, avocado",3700,0.0,100.0,0.0,0.0,0.0,0,0.0,0,0,0.0,Borrowed,at-risk
14402003,F006155,"Oil, blend of monounsaturated vegetable oils",3700,0.0,100.0,0.0,0.0,0.0,0,0.01,0,0,0.01,Analysed,at-risk
14401001,F006156,"Oil, blend of polyunsaturated vegetable oils",3700,0.0,100.0,0.0,0.0,0.0,0,0.01,0,0,0.01,Analysed,at-risk
14402004,F006159,"Oil, canola",3700,0.0,100.0,0.0,0.0,0.0,1,0.0,0,0,0.04,Analysed,at-risk
14502003,F006163,"Oil, coconut",3689,0.0,99.7,0.0,0.0,0.0,0,0.0,0,0,0.0,Borrowed,at-risk
14401002,F006166,"Oil, cottonseed",3700,0.0,100.0,0.0,0.0,0.0,0,0.0,0,0,0.0,Borrowed,at-risk
14401003,F006167,"Oil, grapeseed",3700,0.0,100.0,0.0,0.0,0.0,0,0.0,0,0,0.01,Analysed,at-risk
14401004,F009855,"Oil, hemp",3696,0.0,99.9,0.0,0.0,0.0,1,0.0,0,0,0.0,Borrowed,at-risk
14401005,F006168,"Oil, linseed or flaxseed",3699,0.0,100.0,0.0,0.0,0.0,1,0.0,0,0,0.07,Borrowed,at-risk
14402005,F006172,"Oil, mustard seed",3700,0.0,100.0,0.0,0.0,0.0,0,0.0,0,0,0.0,Borrowed,at-risk
14402006,F006169,"Oil, macadamia",3700,0.0,100.0,0.0,0.0,0.0,0,0.0,0,0,0.0,Imputed,at-risk
14401006,F006170,"Oil, maize (corn)",3700,0.0,100.0,0.0,0.0,0.0,0,0.01,0,0,0.01,Analysed,at-risk
14402007,F006177,"Oil, olive",3695,0.0,99.9,0.0,0.0,0.0,0,0.0,0,0,0.01,Analysed,at-risk
14502005,F006181,"Oil, palm",3700,0.0,100.0,0.0,0.0,0.0,0,0.01,0,0,0.0,Borrowed,at-risk
14402008,F006183,"Oil, peanut",3700,0.0,100.0,0.0,0.0,0.0,0,0.1,0,0,0.1,Analysed,at-risk
14402009,F006185,"Oil, rice bran",3700,0.0,100.0,0.0,0.0,0.0,0,0.01,0,0,0.01,Analysed,at-risk
14401007,F006186,"Oil, safflower",3700,0.0,100.0,0.0,0.0,0.0,0,0.0,0,0,0.0,Analysed,at-risk
14401008,F006187,"Oil, sesame",3700,0.0,100.0,0.0,0.0,0.0,0,0.0,0,0,0.01,Analysed,at-risk
14401009,F006188,"Oil, soybean",3700,0.0,100.0,0.0,0.0,0.0,0,0.0,0,0,0.0,Analysed,at-risk
14401010,F006189,"Oil, sunflower",3700,0.0,100.0,0.0,0.0,0.0,0,0.0,0,0,0.01,Analysed,at-risk
14401011,F006191,"Oil, vegetable",3700,0.0,100.0,0.0,0.0,0.0,0,0.01,0,0,0.01,Recipe,at-risk
14602002,F006173,"Oil, not further defined",3696,0.0,99.9,0.0,0.0,0.0,0,0.0,0,0,0.01,Recipe,at-risk
14602001,F006174,"Oil, for use in baked product recipes & deep fried takeaway foods",3700,0.0,100.0,0.0,0.0,0.0,0,0.01,0,0,0.01,Recipe,at-risk
14502001,F010947,"Fat, cocoa butter",3693,0.0,99.8,0.0,0.0,0.0,0,0.0,0,0,0.0,Imputed,at-risk
14501001,F009878,"Fat, duck",3693,0.0,99.8,0.0,0.0,0.0,0,0.0,0,0,0.0,Borrowed,at-risk
14501002,F009877,"Fat, solid, animal based",3681,0.2,99.4,0.0,0.0,0.0,0,0.0,0,0,0.01,Imputed,at-risk
14502002,F003817,"Fat, solid, vegetable oil based",3702,0.2,100.0,0.0,0.0,0.0,0,0.0,0,0,0.0,Analysed,at-risk
14502004,F006165,"Oil, copha",3700,0.2,99.9,0.0,0.0,0.0,0,0.0,1,0,0.0,Analysed,at-risk
14602003,F003806,"Fat or oil, not further defined, for use in meat, fish, poultry & mixed dish recipes",3682,0.0,99.5,0.0,0.0,0.0,1,0.0,10,0,0.01,Recipe,at-risk
14501003,F008252,"Shortening, animal fat (for short pastry, pie bases, tarts & flans), commercial",3681,0.2,99.4,0.0,0.0,0.0,0,0.0,0,0,0.01,Imputed,at-risk
14503001,F008253,"Shortening, blend of animal & vegetable fat (for cakes, muffins, shortbreads & biscuits), commercial",2983,0.6,80.0,0.8,0.8,0.0,11,0.0,1070,0,0.0,Imputed,at-risk
14502006,F008254,"Shortening, vegetable fat (for bread, buns & yeast doughs), commercial",3700,0.0,100.0,0.0,0.0,0.0,1,0.0,0,0,0.04,Imputed,at-risk
14502007,F008255,"Shortening, vegetable fat (for coatings, creams, icings, confectionery & fillings), commercial",3700,0.2,99.9,0.0,0.0,0.0,0,0.0,1,0,0.0,Imputed,at-risk
14502008,F008256,"Shortening, vegetable fat (for flaky pastry, pie tops, sausage rolls & danishes), commercial",2960,0.0,80.0,0.0,0.0,0.0,0,0.0,1400,0,0.0,Imputed,at-risk
15505001,F000005,"Abalone, raw",345,17.1,0.8,1.6,0.4,0.0,58,2.6,792,0,1.48,Analysed,at-risk
15101001,F010950,"Anchovy, fresh, raw",526,20.4,4.8,0.0,0.0,0.0,147,3.25,104,0,1.72,Borrowed,moderate
15101002,F000386,"Barramundi, raw",523,19.2,5.3,0.0,0.0,0.0,18,0.32,56,0,0.36,Analysed,moderate
15101003,F000385,"Barramundi, baked, roasted, fried, grilled or BBQ'd, no added fat",717,26.4,7.3,0.0,0.0,0.0,25,0.43,76,0,0.49,Recipe,moderate
15101004,F000390,"Barramundi, baked, roasted, fried, grilled, BBQ'd or deep fried, added fat",933,25.0,13.7,0.0,0.0,0.0,24,0.41,73,0,0.47,Recipe,moderate
15101005,F000387,"Barramundi, boiled, microwaved, steamed or poached",623,22.9,6.3,0.0,0.0,0.0,22,0.38,56,0,0.43,Recipe,moderate
15101006,F000402,"Bassa (basa), raw",332,15.7,1.8,0.0,0.0,0.0,18,0.4,84,0,0.24,Analysed,moderate
15101007,F000401,"Bassa (basa), baked, roasted, fried, grilled or BBQ'd, no added fat",455,21.5,2.4,0.0,0.0,0.0,25,0.55,115,0,0.33,Recipe,moderate
15101008,F000397,"Bassa (basa), baked, roasted, fried, grilled, BBQ'd or deep fried, added fat",684,20.4,9.1,0.0,0.0,0.0,24,0.52,110,0,0.31,Recipe,moderate
15101009,F000403,"Bassa (basa), boiled, microwaved, steamed or poached",396,18.7,2.1,0.0,0.0,0.0,22,0.48,85,0,0.28,Recipe,moderate
15101010,F001277,"Blue grenadier (hoki), raw",307,15.2,1.2,0.2,0.2,0.0,8,0.88,53,0,0.23,Borrowed,moderate
15101011,F001276,"Blue grenadier (hoki), cooked",420,20.8,1.6,0.3,0.3,0.0,11,1.2,73,0,0.32,Recipe,moderate
15101012,F001884,"Bream, raw",521,19.6,5.1,0.0,0.0,0.0,23,0.4,84,3,0.6,Analysed,moderate
15101013,F001881,"Bream, cooked",714,26.8,7.0,0.0,0.0,0.0,32,0.55,115,3,0.82,Recipe,moderate
15101014,F003002,"Cod or hake, raw",328,17.8,0.7,0.0,0.0,0.0,16,0.38,54,1,0.45,Borrowed,moderate
15101015,F002996,"Cod or hake, cooked",449,24.4,0.9,0.0,0.0,0.0,22,0.52,74,1,0.62,Recipe,moderate
15102001,F003009,"Cod, smoked, raw",356,18.8,1.0,0.0,0.0,0.0,20,0.2,655,2,0.3,Analysed,at-risk
15102002,F003003,"Cod, smoked, cooked",396,20.1,1.5,0.0,0.0,0.0,20,0.2,548,1,0.5,Analysed,at-risk
15101016,F003973,"Flathead, raw",395,21.1,1.0,0.0,0.0,0.0,63,0.2,97,1,0.6,Analysed,moderate
15101017,F003970,"Flathead, cooked",541,28.8,1.4,0.0,0.0,0.0,86,0.27,133,1,0.82,Recipe,moderate
15101018,F003979,"Flounder or sole, raw",282,12.4,1.9,0.0,0.0,0.0,21,0.18,78,0,0.32,Borrowed,moderate
15101019,F003977,"Flounder or sole, cooked",387,17.0,2.6,0.0,0.0,0.0,29,0.25,107,0,0.44,Recipe,moderate
15101020,F004285,"Grouper, raw",367,19.4,1.0,0.0,0.0,0.0,27,0.89,53,0,0.48,Borrowed,moderate
15101021,F004283,"Grouper, cooked",503,26.5,1.4,0.0,0.0,0.0,37,1.22,73,0,0.66,Recipe,moderate
15101022,F004626,"John dory, raw",384,20.6,0.8,0.2,0.2,0.0,19,0.7,82,0,0.42,Borrowed,moderate
15101023,F004623,"John dory, cooked",526,28.3,1.1,0.3,0.3,0.0,26,0.96,112,0,0.58,Recipe,moderate
15101024,F004811,"Kingfish, raw",858,22.9,12.7,0.0,0.0,0.0,117,0.47,36,0,0.73,Analysed,moderate
15101025,F004810,"Kingfish, cooked",1175,31.3,17.4,0.0,0.0,0.0,160,0.64,49,0,0.99,Recipe,moderate
15101026,F005203,"Ling, raw",346,19.0,0.6,0.0,0.0,0.0,34,0.65,135,0,0.78,Borrowed,moderate
15101027,F005200,"Ling, cooked",475,26.0,0.9,0.0,0.0,0.0,46,0.89,185,0,1.07,Recipe,moderate
15101028,F005268,"Mackerel, raw",561,19.3,6.3,0.0,0.0,0.0,11,0.44,59,2,0.49,Borrowed,moderate
15101029,F005267,"Mackerel, cooked",768,26.4,8.6,0.0,0.0,0.0,15,0.6,81,2,0.67,Recipe,moderate
15401003,F005262,"Mackerel, canned, drained",902,18.4,14.9,2.2,2.1,0.1,12,0.48,325,1,0.48,Recipe,moderate
15101030,F005922,"Mullet, raw",549,19.2,6.0,0.0,0.0,0.0,53,0.4,131,0,1.1,Analysed,moderate
15101031,F005921,"Mullet, cooked",752,26.4,8.2,0.0,0.0,0.0,73,0.55,179,0,1.51,Recipe,moderate
15101032,F006271,"Orange roughy, raw",460,16.4,4.9,0.0,0.0,0.0,9,1.01,72,0,0.23,Borrowed,moderate
15101033,F006267,"Orange roughy, cooked",630,22.5,6.7,0.0,0.0,0.0,12,1.38,99,0,0.32,Recipe,moderate
15101034,F007827,"Salmon, Atlantic, raw",965,20.5,16.7,0.0,0.0,0.0,48,0.31,32,0,0.42,Analysed,moderate
15101035,F007849,"Salmon, Pacific king, raw",1149,18.1,22.8,0.0,0.0,0.0,9,0.23,30,2,0.42,Analysed,at-risk
15101036,F007857,"Salmon, raw",974,20.4,17.0,0.0,0.0,0.0,46,0.31,32,0,0.42,Recipe,moderate
15101037,F007834,"Salmon, baked, roasted, fried, grilled or BBQ'd, no added fat",1088,22.8,19.0,0.0,0.0,0.0,52,0.34,36,0,0.47,Recipe,moderate
15101038,F007836,"Salmon, baked, roasted, fried, grilled, BBQ'd or deep fried, added fat",1179,22.1,21.7,0.0,0.0,0.0,50,0.33,35,0,0.45,Recipe,at-risk
15101039,F007839,"Salmon, boiled, microwaved, steamed or poached",1176,24.1,20.7,0.0,0.0,0.0,55,0.36,32,0,0.49,Recipe,at-risk
15501002,F007844,"Salmon, coated, baked, roasted, fried, grilled or BBQ'd, no added fat",1243,24.0,19.2,7.0,0.4,0.4,63,0.54,102,0,0.58,Recipe,moderate
15501003,F007843,"Salmon, coated, baked, roasted, fried, grilled, BBQ'd or deep fried, added fat",1339,23.3,22.3,6.8,0.4,0.4,62,0.52,100,0,0.56,Recipe,at-risk
15101040,F007863,"Salmon, sashimi style, raw",879,22.3,13.5,0.0,0.0,0.0,7,1.1,42,0,0.3,Analysed,moderate
15102003,F007864,"Salmon, smoked, sliced",787,24.3,10.1,0.0,0.0,0.0,8,0.31,1015,0,0.38,Analysed,at-risk
15401004,F007853,"Salmon, pink, unflavoured, canned, drained",579,20.7,6.2,0.0,0.0,0.0,191,1.14,382,0,1.05,Analysed,moderate
15401005,F007860,"Salmon, red, unflavoured, canned, drained",617,24.4,5.5,0.0,0.0,0.0,130,0.46,350,0,0.63,Analysed,moderate
15401006,F007868,"Salmon, unflavoured, canned, drained",626,21.9,6.9,0.0,0.0,0.0,301,1.02,350,0,1.08,Recipe,moderate
15401007,F007866,"Salmon, unflavoured, canned in oil",745,21.0,10.5,0.0,0.0,0.0,289,0.98,336,0,1.04,Recipe,moderate
15401008,F007867,"Salmon, unflavoured, canned in water, drained",622,21.9,6.7,0.0,0.0,0.0,302,1.02,350,0,1.08,Imputed,moderate
15401009,F007846,"Salmon, flavoured, canned, drained",538,15.5,5.0,5.5,4.1,0.0,102,1.07,420,0,0.66,Analysed,at-risk
15101041,F007973,"Sardine, raw",442,19.7,2.9,0.0,0.0,0.0,725,3.95,665,0,3.1,Analysed,at-risk
15101042,F007972,"Sardine, cooked",520,23.2,3.4,0.0,0.0,0.0,853,4.65,782,0,3.65,Recipe,at-risk
15401010,F007975,"Sardine, canned in oil, drained",952,21.8,15.7,0.0,0.0,0.0,381,2.0,608,0,1.8,Analysed,at-risk
15401011,F007976,"Sardine, canned in oil, undrained",1283,17.6,26.6,0.0,0.0,0.0,302,2.2,350,0,1.6,Analysed,at-risk
15401012,F007977,"Sardine, canned in tomato sauce, undrained",728,18.5,10.8,0.9,0.9,0.0,455,2.69,315,0,2.0,Borrowed,moderate
15401013,F007979,"Sardine, canned in water, drained",712,22.1,9.1,0.0,0.0,0.0,679,2.73,210,0,2.2,Borrowed,moderate
15101043,F008237,"Shark (flake), raw",434,24.6,0.4,0.0,0.0,0.0,10,0.16,180,0,0.34,Analysed,moderate
15101044,F008236,"Shark (flake), cooked",595,33.8,0.6,0.0,0.0,0.0,13,0.22,246,0,0.46,Recipe,moderate
15501004,F008234,"Shark (flake), coated, baked, roasted, fried, grilled, BBQ'd or deep fried, added fat",783,25.0,7.9,3.8,0.1,0.1,12,0.26,232,0,0.4,Recipe,moderate
15502011,F008235,"Shark (flake), coated, purchased frozen, cooked",1147,14.5,12.0,26.5,0.4,0.5,10,0.36,311,0,0.36,Recipe,moderate
15502012,F008233,"Shark (flake), coated, takeaway outlet, deep fried",1008,21.1,12.8,9.9,0.2,0.9,17,0.42,300,0,0.4,Analysed,moderate
15101045,F008263,"Silver perch, raw",924,19.5,16.0,0.0,0.0,0.0,18,0.4,70,0,0.86,Analysed,moderate
15101046,F008258,"Silver perch, cooked",1266,26.7,22.0,0.0,0.0,0.0,25,0.55,96,0,1.18,Recipe,at-risk
15101047,F008359,"Snapper, raw",404,20.3,1.6,0.0,0.0,0.0,123,0.3,85,1,0.7,Analysed,moderate
15101048,F008358,"Snapper, cooked",554,27.8,2.2,0.0,0.0,0.0,168,0.41,116,1,0.96,Recipe,moderate
15701003,F008842,"Stingray, cooked",595,33.8,0.6,0.0,0.0,0.0,13,0.22,246,0,0.46,Recipe,moderate
15101049,F009046,"Swordfish, raw",546,19.7,5.7,0.0,0.0,0.0,5,0.38,81,0,0.66,Borrowed,moderate
15101050,F009044,"Swordfish, cooked",748,26.9,7.8,0.0,0.0,0.0,7,0.52,111,0,0.9,Recipe,moderate
15101051,F009271,"Trout, raw",645,19.6,8.4,0.0,0.0,0.0,48,0.31,70,0,0.79,Analysed,moderate
15101052,F009270,"Trout, cooked",883,26.8,11.6,0.0,0.0,0.0,66,0.43,96,0,1.08,Recipe,moderate
15101053,F009303,"Tuna, raw",435,23.4,1.0,0.0,0.0,0.0,16,0.73,37,1,0.52,Borrowed,moderate
15101054,F009302,"Tuna, cooked",596,32.0,1.4,0.0,0.0,0.0,22,1.0,51,1,0.71,Recipe,moderate
15101055,F009296,"Tuna, sashimi style, raw",514,26.3,1.8,0.0,0.0,0.0,6,2.1,50,0,0.76,Analysed,moderate
15401014,F009285,"Tuna, unflavoured, canned in brine, drained",540,26.1,2.6,0.0,0.0,0.0,5,1.16,400,0,0.76,Analysed,moderate
15401015,F009300,"Tuna, unflavoured, canned in water, drained",518,24.8,2.6,0.0,0.0,0.0,12,1.3,447,0,1.04,Label Data,at-risk
15401016,F009299,"Tuna, unflavoured, canned in vegetable oil, drained",922,24.4,13.7,0.0,0.0,0.0,7,0.8,441,0,0.9,Analysed,at-risk
15401017,F010013,"Tuna, unflavoured, canned in vegetable oil, undrained",1200,22.0,22.3,0.0,0.0,0.0,6,0.72,397,0,0.81,Recipe,at-risk
15401018,F009293,"Tuna, flavoured, canned, drained",577,18.0,5.8,3.3,2.5,0.3,13,1.2,430,0,0.53,Analysed,at-risk
15401019,F010100,"Tuna, with legumes or grains, canned",597,11.3,6.2,8.9,1.1,2.5,15,1.01,360,9,0.45,Recipe,moderate
15401020,F009289,"Tuna, canned, not further defined",743,22.8,9.2,0.8,0.6,0.1,9,1.03,430,0,0.81,Recipe,at-risk
15101056,F009540,"Whitebait, floured, fried",1876,15.4,42.2,3.1,0.1,0.1,28,0.32,62,0,0.42,Recipe,at-risk
15101057,F009560,"Whiting, raw",362,19.8,0.7,0.0,0.0,0.0,37,0.2,70,1,0.8,Analysed,moderate
15101058,F009557,"Whiting, cooked",517,28.2,1.0,0.0,0.0,0.0,53,0.28,100,1,1.14,Recipe,moderate
15101059,F003945,"Fish, sashimi, raw, not further defined",632,22.8,6.6,0.0,0.0,0.0,30,1.09,81,0,0.63,Recipe,moderate
15101060,F003956,"Fish, white flesh, raw, not further defined",451,19.2,3.3,0.0,0.0,0.0,34,0.34,75,0,0.48,Recipe,moderate
15101061,F003948,"Fish, white flesh, baked, roasted, fried, grilled or BBQ'd, no added fat",593,25.3,4.4,0.0,0.0,0.0,45,0.44,98,0,0.63,Recipe,moderate
15101062,F003949,"Fish, white flesh, baked, roasted, fried, grilled, BBQ'd or deep fried, added fat",839,25.0,11.1,0.0,0.0,0.0,45,0.44,98,0,0.63,Recipe,moderate
15101063,F003952,"Fish, white flesh, boiled, microwaved, steamed or poached",556,22.8,4.5,0.0,0.0,0.0,41,0.4,75,0,0.57,Recipe,moderate
15501001,F003953,"Fish, white flesh, coated, cooked, added fat",799,19.7,10.8,3.8,0.1,0.1,36,0.44,129,0,0.54,Recipe,moderate
15502002,F003950,"Fish, white flesh, battered, purchased frozen, cooked",820,12.2,7.0,20.6,1.6,0.5,21,0.5,383,0,0.4,Analysed,moderate
15502004,F003954,"Fish, white flesh, crumbed, purchased frozen, cooked",932,13.6,10.0,18.8,0.8,1.5,19,0.53,310,0,0.51,Analysed,moderate
15502001,F003951,"Fish, white flesh, battered, takeaway outlet, deep fried",1025,15.8,14.0,13.7,0.4,0.4,30,0.47,295,0,0.51,Recipe,moderate
15502003,F003955,"Fish, white flesh, crumbed, takeaway outlet, deep fried",953,15.8,10.3,17.2,1.1,1.1,52,0.73,369,0,0.62,Recipe,moderate
15102004,F008314,"Fish (including eel & trout), smoked",631,27.8,4.3,0.0,0.0,0.0,24,2.4,1509,1,0.64,Analysed,at-risk
15701001,F010919,"Fish, flesh & organs, raw",433,19.8,2.6,0.0,0.0,0.0,35,0.52,112,1,0.58,Imputed,moderate
15701002,F010920,"Fish, flesh & organs, cooked",585,26.8,3.5,0.0,0.0,0.0,47,0.7,151,1,0.78,Recipe,moderate
15302001,F003920,"Fish, eel, raw",745,18.4,11.7,0.0,0.0,0.0,20,0.5,51,2,1.62,Borrowed,moderate
15302002,F003919,"Fish, eel, cooked",1020,25.3,16.0,0.0,0.0,0.0,27,0.68,70,2,2.22,Recipe,moderate
15301001,F010021,Fish roe (caviar),508,15.1,6.8,0.0,0.0,0.0,20,0.7,1990,1,1.25,Analysed,at-risk
15401001,F000074,"Anchovy, canned",762,25.4,8.9,0.0,0.0,0.0,167,2.5,5480,0,2.9,Analysed,at-risk
15505002,F003004,"Cod, Atlantic, dried, salted",1157,62.8,2.4,0.0,0.0,0.0,160,2.5,7030,4,1.59,Borrowed,at-risk
15702001,F010545,"Crab, flesh, raw",370,20.2,0.7,0.0,0.0,0.0,57,0.0,283,0,2.0,Imputed,moderate
15201002,F003242,"Crab, flesh, cooked, added fat",403,20.0,1.7,0.0,0.0,0.0,119,2.7,416,1,6.36,Recipe,at-risk
15201001,F003243,"Crab, flesh, purchased cooked",370,20.2,0.7,0.0,0.0,0.0,120,2.72,420,1,6.42,Analysed,at-risk
15503001,F003241,"Crab, flesh, coated, fried or deep fried, added fat",817,21.0,8.3,8.5,0.6,0.6,129,2.86,481,0,6.21,Recipe,at-risk
15402001,F003245,"Crab, flesh, canned in brine, undrained",225,11.1,0.5,1.1,1.1,0.0,136,0.9,668,0,1.94,Analysed,at-risk
15401002,F004367,"Herring, Atlantic, pickled",1031,14.2,18.0,7.7,7.7,0.0,77,1.2,870,0,0.5,Borrowed,at-risk
15503002,F004621,"Jellyfish, coated, cooked, added fat",777,17.8,8.8,8.5,0.6,0.6,26,1.52,353,1,1.4,Recipe,moderate
15201003,F005228,"Lobster or crayfish, flesh, raw",370,20.2,0.7,0.0,0.0,0.0,57,0.0,283,0,2.0,Analysed,moderate
15201004,F005227,"Lobster or crayfish, flesh, purchased cooked",411,22.5,0.8,0.0,0.0,0.0,63,0.0,283,0,2.22,Recipe,moderate
15503003,F005226,"Lobster or crayfish, flesh, coated, cooked, added fat",1308,18.0,14.2,27.2,1.7,1.8,82,0.82,436,0,1.7,Recipe,at-risk
15702002,F009134,Mangrove worm,111,4.4,0.7,0.6,0.0,0.0,153,55.0,229,3,0.4,Borrowed,moderate
15201005,F005817,"Moreton bay bug, flesh, raw",370,20.2,0.7,0.0,0.0,0.0,57,0.0,283,0,2.0,Imputed,moderate
15201006,F005818,"Moreton bay bug, flesh, cooked",462,25.3,0.9,0.0,0.0,0.0,71,0.0,318,0,2.5,Recipe,moderate
15202001,F005968,"Mussel, cooked",438,16.0,2.3,4.7,0.0,0.0,173,2.97,353,5,3.12,Analysed,moderate
15606004,F010708,"Mussel, cooked, in tomato based sauce",358,9.1,3.2,4.6,2.1,1.1,109,2.0,220,12,1.76,Recipe,moderate
15402002,F005971,"Mussel, smoked, canned in oil, drained",807,20.8,10.4,4.1,0.0,0.0,55,13.1,457,0,3.41,Analysed,at-risk
15202002,F006150,"Octopus, raw",292,14.9,1.0,0.0,0.0,0.0,53,5.3,230,5,1.6,Borrowed,moderate
15202003,F006148,"Octopus, cooked",324,16.6,1.2,0.0,0.0,0.0,59,5.89,256,5,1.78,Recipe,moderate
15202004,F006149,"Octopus, marinated, cooked",388,14.7,3.1,0.9,0.8,0.5,53,5.14,639,11,1.57,Recipe,at-risk
15202005,F006288,"Oyster, native, aquacultured, raw",198,7.3,1.7,0.6,0.0,0.0,139,3.75,585,0,11.05,Analysed,at-risk
15202006,F006289,"Oyster, pacific, aquacultured, raw",278,10.8,2.2,0.6,0.0,0.0,229,4.43,541,1,18.04,Analysed,at-risk
15202007,F006291,"Oyster, sydney rock, aquacultured, raw",293,10.6,2.8,0.6,0.0,0.0,148,3.47,491,0,20.25,Analysed,at-risk
15202008,F006285,"Oyster, raw",267,10.1,2.3,0.6,0.0,0.0,190,4.04,535,1,17.37,Recipe,at-risk
15202009,F006287,"Oyster, cooked",318,12.0,2.7,0.8,0.0,0.0,227,4.33,574,1,20.68,Recipe,at-risk
15402003,F006290,"Oyster, smoked, canned in oil, drained",858,17.4,12.0,7.0,0.0,0.0,42,16.8,391,0,14.7,Analysed,moderate
15702003,F009132,Periwinkle (sea snail),245,12.7,0.5,0.6,0.0,0.0,430,5.0,800,21,1.1,Borrowed,at-risk
15702004,F006718,"Pipi, cooked",318,12.0,2.7,0.8,0.0,0.0,227,4.33,574,1,20.68,Recipe,at-risk
15201007,F007422,"Prawn, banana, wild, flesh, raw",247,13.2,0.6,0.0,0.0,0.0,20,0.14,509,0,0.91,Analysed,at-risk
15201008,F007421,"Prawn, banana, aquacultured, flesh, purchased cooked",429,23.2,1.0,0.0,0.0,0.0,56,0.21,805,0,1.55,Analysed,at-risk
15201009,F007424,"Prawn, brown tiger, wild, flesh, raw",432,23.4,0.9,0.0,0.0,0.0,163,0.27,273,0,1.69,Analysed,moderate
15201010,F007423,"Prawn, black tiger, aquacultured, flesh, purchased cooked",382,20.2,1.0,0.0,0.0,0.0,239,1.28,918,0,1.95,Analysed,at-risk
15201011,F007431,"Prawn, endeavour, wild, flesh, raw",408,22.4,0.7,0.0,0.0,0.0,59,0.2,330,0,1.62,Analysed,moderate
15201012,F007454,"Prawn, Western king, wild, flesh, raw",437,23.9,0.8,0.0,0.0,0.0,45,0.03,268,0,1.49,Analysed,moderate
15201013,F007433,"Prawn, king or medium, flesh, raw (green)",381,20.7,0.8,0.0,0.0,0.0,72,0.16,345,0,1.43,Recipe,moderate
15201014,F007432,"Prawn, king or medium, flesh, baked, roasted, fried, grilled or BBQ'd, no added fat",406,21.7,1.0,0.0,0.0,0.0,148,0.75,862,0,1.75,Recipe,at-risk
15201015,F007441,"Prawn, king or medium, flesh, baked, roasted, fried, grilled, BBQ'd or deep fried, added fat",518,25.7,2.2,0.0,0.0,0.0,89,0.2,427,0,1.76,Recipe,at-risk
15201016,F007443,"Prawn, king or medium, flesh, boiled, microwaved, steamed or poached",438,23.7,1.0,0.0,0.0,0.0,80,0.42,552,4,1.56,Analysed,at-risk
15201017,F007449,"Prawn, school, flesh, boiled, microwaved, steamed or poached",320,17.1,0.8,0.0,0.0,0.0,74,0.51,524,0,1.46,Analysed,at-risk
15503004,F007426,"Prawn, coated, fried or deep fried, homemade",827,21.6,8.4,8.5,0.6,0.6,84,0.45,411,0,1.52,Recipe,at-risk
15504001,F007427,"Prawn, coated, purchased frozen, cooked",1346,10.4,19.6,25.8,0.4,0.5,34,0.33,352,0,0.75,Recipe,moderate
15504002,F007428,"Prawn, coated, deep fried, takeaway outlet",1096,10.6,15.0,20.4,1.2,1.8,52,1.0,650,0,1.5,Analysed,at-risk
15202010,F008166,"Scallop, raw",351,15.6,0.8,3.4,0.8,0.0,26,0.76,150,0,1.2,Analysed,moderate
15202011,F008165,"Scallop, cooked",439,19.5,1.0,4.2,1.1,0.0,32,0.95,188,0,1.5,Recipe,moderate
15503005,F008160,"Scallop, coated, baked, roasted, fried, grilled, BBQ'd or deep fried, added fat",792,16.8,7.3,13.7,1.5,0.7,44,1.05,244,0,1.31,Recipe,moderate
15504005,F008161,"Scallop, coated, deep fried, takeaway outlet",1117,15.2,14.1,19.2,1.7,1.1,50,1.09,275,0,1.21,Recipe,moderate
15202012,F008828,"Squid or calamari, raw",328,16.7,1.2,0.0,0.0,0.0,11,1.3,284,1,1.3,Analysed,moderate
15202013,F008825,"Squid or calamari, cooked",410,20.9,1.5,0.0,0.0,0.0,14,1.62,355,1,1.62,Recipe,moderate
15503006,F008821,"Squid or calamari, coated, baked, roasted, fried, grilled, BBQ'd or deep fried, added fat",716,17.0,8.5,6.4,0.3,0.3,19,1.41,339,1,1.34,Recipe,moderate
15504006,F008822,"Squid or calamari, coated, purchased frozen, cooked",937,11.7,10.2,21.1,0.3,0.4,11,0.99,706,0,0.93,Recipe,at-risk
15504007,F008824,"Squid or calamari, crumbed, takeaway outlet, deep fried",1239,18.3,17.1,16.3,0.0,1.9,28,0.59,561,1,1.67,Analysed,at-risk
15701004,F010921,"Stingray, flesh & organs, cooked",593,27.1,3.6,0.0,0.0,0.0,48,0.72,153,1,0.79,Recipe,moderate
15201018,F009602,"Yabby (yabbie), flesh, cooked, no added fat",417,22.5,0.9,0.0,0.0,0.0,63,0.0,283,0,2.22,Imputed,moderate
15303001,F005768,"Mixed seafood, contains fish & shellfish, raw",503,20.8,3.8,0.5,0.0,0.1,49,0.71,217,4,1.0,Recipe,moderate
15303002,F005767,"Mixed seafood, contains fish & shellfish, cooked",662,27.3,5.0,0.7,0.0,0.1,64,0.93,286,4,1.32,Recipe,moderate
15303003,F005766,"Mixed seafood, coated, cooked, added fat",1005,21.8,10.4,14.1,0.9,1.0,69,1.08,331,3,1.17,Recipe,moderate
15505004,F005770,"Mixed seafood, coated, takeaway outlet, deep fried",976,18.1,15.2,6.2,0.2,0.2,43,0.68,259,3,0.9,Recipe,moderate
15702005,F005763,"Mixed seafood (except finfish), wild-harvested, raw",341,13.2,2.1,2.3,0.1,0.0,167,3.46,499,2,10.04,Recipe,at-risk
15702006,F010577,"Mixed seafood (except finfish), wild-harvested, cooked",411,15.9,2.5,2.7,0.1,0.0,202,3.75,541,2,12.1,Recipe,at-risk
15303004,F010661,"Mixed seafood, cooked, for use in mixed dishes",447,20.8,2.0,1.1,0.1,0.0,89,1.12,456,1,1.6,Recipe,at-risk
15602001,F010686,"Casserole, commercial, fish, gravy sauce",673,10.6,10.9,4.5,2.9,1.6,38,0.53,142,6,0.41,Recipe,moderate
15601001,F002355,"Casserole, homemade, fish, dairy based sauce",640,11.5,8.6,6.7,3.4,1.4,131,0.67,220,5,0.82,Recipe,moderate
15601002,F002301,"Casserole, homemade, fish, gravy sauce",572,13.0,6.3,6.0,2.5,1.9,69,0.74,135,7,0.61,Recipe,moderate
15601003,F010702,"Casserole, homemade, fish, tomato based sauce",496,13.3,4.4,5.3,3.2,2.1,36,0.69,58,8,0.49,Recipe,balanced
15605001,F010713,"Casserole, homemade, seafood, dairy based sauce",636,10.8,8.1,8.2,3.8,1.5,114,0.74,192,6,1.24,Recipe,moderate
15605002,F010711,"Casserole, homemade, seafood, gravy sauce",495,10.9,4.6,7.2,2.6,1.9,54,0.89,130,7,1.18,Recipe,moderate
15605003,F010712,"Casserole, homemade, seafood, tomato based sauce",420,11.4,2.7,6.5,3.3,2.1,60,1.07,145,8,1.24,Recipe,balanced
15606001,F010687,"Casserole, commercial, shell fish",614,9.1,9.6,5.4,3.0,1.6,57,0.82,209,6,0.99,Recipe,moderate
15603001,F003382,"Curry, rice with fish",694,10.1,4.4,20.5,2.7,1.6,29,0.6,71,2,0.61,Recipe,moderate
15602002,F003346,"Curry, commercial, fish, coconut based sauce",546,10.7,8.0,3.3,2.6,1.6,32,0.74,289,13,0.46,Recipe,moderate
15602003,F010714,"Curry, commercial, fish, tomato based sauce",473,10.6,5.4,4.6,2.8,1.8,33,0.73,295,7,0.42,Recipe,moderate
15601004,F003387,"Curry, homemade, fish",476,12.6,4.2,5.2,2.5,2.2,35,0.64,46,7,0.48,Recipe,balanced
15601005,F003386,"Curry, homemade, fish, coconut based sauce",601,13.1,7.9,4.1,3.1,2.0,39,0.9,123,16,0.56,Recipe,balanced
15601006,F003384,"Curry, homemade, fish, tomato based sauce",462,11.7,4.3,5.1,3.1,2.0,36,0.8,117,8,0.46,Recipe,balanced
15606002,F010717,"Curry, commercial, seafood, coconut based sauce",498,9.6,6.6,4.4,2.7,1.6,52,1.06,362,13,1.08,Recipe,moderate
15606003,F010716,"Curry, commercial, seafood, tomato based sauce",413,9.1,3.9,5.8,3.2,1.9,53,1.11,356,8,1.01,Recipe,moderate
15605004,F010740,"Curry, homemade, seafood",418,11.3,2.7,6.5,2.6,2.2,58,1.02,134,8,1.24,Recipe,balanced
15605005,F010741,"Curry, homemade, seafood, coconut based sauce",542,11.8,6.3,5.4,3.3,2.0,63,1.29,212,16,1.32,Recipe,moderate
15605006,F010747,"Curry, homemade, seafood, tomato based sauce",408,10.5,2.9,6.3,3.2,2.0,58,1.16,198,8,1.16,Recipe,balanced
15502005,F003897,"Fish finger, crumbed, purchased frozen, raw",924,12.1,11.6,16.6,1.5,1.1,13,0.45,300,0,0.4,Analysed,moderate
15502006,F003896,"Fish finger, crumbed, purchased frozen, cooked",1050,13.8,13.2,18.9,1.7,1.2,15,0.51,341,0,0.45,Recipe,moderate
15505003,F003898,Fish paste or spread,652,14.9,6.9,7.8,0.0,1.4,440,8.9,1200,0,1.3,Analysed,at-risk
15502009,F003899,"Fish patty or cake, fried, added fat",748,11.7,8.1,14.0,1.4,1.3,36,0.75,117,6,0.54,Recipe,moderate
15502007,F003901,"Fish patty or cake, purchased frozen, cooked",971,12.2,13.1,15.7,1.3,1.7,37,1.0,462,0,0.6,Analysed,at-risk
15502008,F003902,"Fish patty or cake, takeaway outlet, deep fried",1155,11.7,14.6,24.6,8.0,0.7,160,1.5,980,0,0.8,Analysed,at-risk
15504003,F010757,"Prawn, battered, commercial, with honey & lemon sauce",850,17.4,10.8,9.0,5.2,0.3,35,0.09,581,2,1.11,Recipe,at-risk
15605007,F007417,Prawn cocktail,550,9.2,8.2,4.6,3.9,1.4,44,0.41,421,4,0.84,Recipe,at-risk
15606005,F007805,"Salad, seafood, commercial, creamy dressing",701,9.6,11.0,7.1,4.9,0.4,58,0.19,544,1,0.45,Recipe,at-risk
15502010,F007820,"Salmon patty or cake, fried, added fat",821,12.8,9.6,13.9,1.3,1.2,148,1.03,232,6,0.79,Recipe,moderate
15505005,F008198,"Seafood or fish stick (surimi), purchased frozen, raw",414,8.2,2.6,9.8,6.3,0.4,55,0.15,642,0,0.21,Analysed,at-risk
15505006,F008196,"Seafood or fish stick (surimi), purchased frozen, cooked",470,9.4,2.9,11.1,7.2,0.4,62,0.17,730,0,0.24,Recipe,at-risk
15505007,F008195,"Seafood or fish stick (surimi), coated, takeaway outlet, deep fried",1203,9.2,16.3,25.0,5.4,1.5,69,0.62,610,0,0.45,Recipe,at-risk
15504004,F010758,Salt & peppered squid,1185,15.7,17.4,15.6,0.4,1.0,22,1.49,744,1,1.25,Recipe,at-risk
15602004,F008858,"Stir-fry, commercial, fish",487,11.1,5.3,4.9,4.0,2.0,37,0.72,606,22,0.54,Recipe,at-risk
15601007,F008897,"Stir-fry, homemade, fish",489,11.1,5.3,5.0,4.0,2.0,37,0.72,386,22,0.54,Recipe,moderate
15606006,F010748,"Stir-fry, commercial, crab",486,10.8,3.8,8.7,7.7,2.1,73,1.7,669,23,3.19,Recipe,at-risk
15605008,F008894,"Stir-fry, homemade, crab",488,10.8,3.8,8.8,7.8,2.1,73,1.7,462,23,3.21,Recipe,at-risk
15606007,F010752,"Stir-fry, commercial, prawn",516,12.5,3.8,8.7,7.7,2.1,39,0.47,599,22,0.95,Recipe,at-risk
15605009,F008908,"Stir-fry, homemade, prawn",483,13.4,4.1,5.0,4.0,2.0,42,0.57,480,22,1.03,Recipe,at-risk
15606008,F008871,"Stir-fry, commercial, seafood",512,11.8,5.5,5.2,4.0,2.1,44,0.89,675,23,0.79,Recipe,at-risk
15605010,F008911,"Stir-fry, homemade, seafood",515,11.9,5.6,5.2,4.0,2.1,44,0.9,455,23,0.79,Recipe,at-risk
15608001,F010755,"Stir-fry, commercial, seafood with noodles",542,9.1,3.8,13.4,2.5,1.9,31,0.74,431,14,0.64,Recipe,at-risk
15607001,F008912,"Stir-fry, homemade, seafood with noodles",544,9.1,3.9,13.4,2.5,1.9,31,0.75,300,14,0.64,Recipe,moderate
15606009,F009086,Tandoori prawn,859,19.3,11.7,4.6,3.1,1.2,111,1.08,524,3,1.44,Recipe,at-risk
15602005,F010684,"Tuna mornay, commercial",795,12.1,7.6,17.2,2.0,1.4,72,0.77,239,1,0.85,Recipe,moderate
15601008,F009282,"Tuna mornay, homemade",795,12.1,7.6,17.2,2.0,1.4,72,0.77,216,1,0.85,Recipe,moderate
15502013,F010759,"Ready meal, fish or seafood, with rice, pasta or noodles",691,11.7,6.8,13.4,1.4,1.5,60,1.19,168,5,0.85,Recipe,moderate
16201001,F010965,"Acai, frozen",298,1.2,6.0,1.7,0.0,2.8,39,0.49,15,2,0.07,Label Data,balanced
16101001,F000086,"Apple, bonza, unpeeled, raw",244,0.3,0.3,11.5,11.5,3.2,6,0.22,0,2,0.1,Analysed,moderate
16101002,F000091,"Apple, fuji, unpeeled, raw",245,0.3,0.3,12.1,12.1,2.4,6,0.0,2,5,0.05,Analysed,moderate
16101003,F000092,"Apple, golden delicious, unpeeled, raw",217,0.3,0.0,11.6,11.6,2.4,3,0.14,1,5,0.05,Analysed,moderate
16101004,F000095,"Apple, granny smith, unpeeled, raw",208,0.3,0.0,10.7,10.6,2.5,4,0.13,1,4,0.06,Analysed,moderate
16101005,F000098,"Apple, green skin, unpeeled, raw",212,0.3,0.0,11.2,11.1,2.5,4,0.14,1,4,0.05,Recipe,moderate
16101006,F000096,"Apple, green skin, peeled, raw",204,0.3,0.0,10.7,10.6,2.2,4,0.16,2,5,0.07,Imputed,moderate
16101007,F000099,"Apple, jonathon, unpeeled, raw",226,0.3,0.0,11.9,11.8,2.3,4,0.2,1,5,0.1,Analysed,moderate
16101008,F000105,"Apple, pink lady, unpeeled, raw",242,0.2,0.0,12.3,12.2,3.0,4,0.0,1,9,0.02,Analysed,moderate
16101009,F000107,"Apple, red delicious, unpeeled, raw",248,0.3,0.0,13.5,13.0,2.3,5,0.16,1,6,0.06,Analysed,moderate
16101010,F000108,"Apple, red skin, peeled, raw",242,0.2,0.0,13.0,12.7,1.8,4,0.09,0,2,0.03,Analysed,moderate
16101011,F000110,"Apple, red skin, unpeeled, raw",242,0.2,0.0,12.7,12.4,2.5,4,0.09,1,7,0.02,Analysed,moderate
16101012,F000111,"Apple, royal gala, unpeeled, raw",222,0.4,0.0,12.1,11.1,2.1,5,0.05,1,2,0.03,Analysed,moderate
16101013,F000101,"Apple, peeled, raw, not further defined",235,0.2,0.0,12.6,12.3,1.9,4,0.11,0,2,0.04,Recipe,moderate
16101014,F000114,"Apple, unpeeled, raw, not further defined",225,0.3,0.0,11.8,11.6,2.5,4,0.12,1,6,0.04,Recipe,moderate
16101015,F000106,"Apple, raw, not further defined",227,0.3,0.0,11.9,11.7,2.4,4,0.12,1,5,0.04,Recipe,moderate
16101016,F000085,"Apple, baked, no added fat",234,0.3,0.0,12.3,12.2,2.5,4,0.18,2,4,0.08,Recipe,moderate
16101017,F000104,"Apple, stewed, sugar sweetened, no added fat",408,0.2,0.0,23.5,23.2,1.8,4,0.1,0,2,0.04,Recipe,at-risk
16104001,F000088,"Apple, canned or puree",227,0.3,0.0,11.9,11.7,2.4,4,0.12,1,3,0.04,Recipe,moderate
16802002,F000089,"Apple, dried",1078,1.2,0.0,59.8,59.4,8.5,22,0.71,260,0,0.07,Analysed,at-risk
16403001,F000134,"Apricot, raw",166,0.2,0.4,7.3,7.2,1.8,12,0.25,1,2,0.15,Analysed,moderate
16403002,F000135,"Apricot, stewed, sugar sweetened, no added fat",343,0.2,0.4,18.6,18.5,1.6,11,0.23,1,2,0.14,Recipe,at-risk
16404001,F000122,"Apricot, canned in pear juice",192,0.8,0.0,8.2,8.2,1.8,12,0.46,4,5,0.26,Recipe,moderate
16404002,F000123,"Apricot, canned in pear juice, drained",196,1.0,0.0,7.8,7.8,3.1,15,0.5,3,5,0.3,Analysed,moderate
16404003,F000124,"Apricot, canned in pear juice, juice only",187,0.5,0.0,8.7,8.7,0.0,7,0.4,5,5,0.2,Analysed,moderate
16404004,F000125,"Apricot, canned in syrup",255,0.7,0.0,12.9,12.9,1.7,12,0.47,2,4,0.2,Recipe,moderate
16404005,F000126,"Apricot, canned in syrup, drained",258,0.9,0.0,12.3,12.3,3.1,18,0.6,2,4,0.2,Analysed,moderate
16404006,F000127,"Apricot, canned in syrup, syrup only",251,0.4,0.0,13.7,13.7,0.0,4,0.3,2,4,0.2,Analysed,moderate
16802003,F000130,"Apricot, dried",972,4.2,0.4,43.0,42.3,8.3,62,2.98,22,0,0.76,Analysed,at-risk
16501001,F000163,"Babaco, peeled, raw",89,1.3,0.1,3.1,3.1,0.9,11,0.4,2,23,0.1,Analysed,moderate
16502001,F000262,"Banana, cavendish, peeled, raw",399,1.4,0.2,19.9,13.4,2.2,5,0.29,0,5,0.16,Analysed,moderate
16502002,F000267,"Banana, lady finger or sugar, peeled, raw",489,1.0,0.0,26.9,16.9,3.0,5,0.25,0,19,0.13,Analysed,at-risk
16502004,F000265,"Banana, cooked",532,1.4,3.4,20.8,14.0,2.3,5,0.3,0,4,0.17,Recipe,moderate
16502003,F009884,"Banana, frozen",410,1.4,0.2,20.5,13.7,2.3,5,0.3,0,4,0.16,Recipe,moderate
16802004,F000257,Banana chip,2171,2.3,33.6,50.7,35.3,7.7,18,1.25,5,6,0.75,Borrowed,at-risk
16201002,F001267,"Blackberry, raw",192,1.2,0.3,7.4,7.4,4.5,28,0.44,1,24,0.35,Analysed,balanced
16201003,F001266,"Blackberry, frozen",197,1.2,0.3,7.6,7.6,4.6,27,0.45,1,17,0.36,Recipe,balanced
16201004,F001290,"Blueberry, raw",203,0.5,0.0,10.4,10.0,3.0,11,0.35,2,2,0.07,Analysed,moderate
16201005,F001289,"Blueberry, frozen",208,0.5,0.0,10.7,10.3,3.0,11,0.36,2,2,0.08,Recipe,moderate
16202001,F001282,"Blueberry, canned in syrup, drained",323,0.8,0.1,16.9,16.6,4.0,7,1.3,5,2,0.0,Analysed,at-risk
16802005,F001286,"Blueberry, dried, sugar sweetened",1178,1.2,0.0,68.2,67.3,7.2,27,0.85,5,1,0.18,Recipe,at-risk
16501002,F002400,"Cheese fruit, raw",205,0.8,0.3,9.8,7.0,2.6,23,1.1,30,56,0.2,Borrowed,moderate
16403003,F002522,"Cherry, raw",308,1.1,0.0,15.2,15.2,1.4,12,0.21,0,8,0.09,Analysed,at-risk
16403004,F009883,"Cherry, frozen",316,1.1,0.0,15.6,15.6,1.4,12,0.22,0,6,0.09,Recipe,at-risk
16404007,F002514,"Cherry, black, canned in syrup, drained",310,0.9,0.1,16.0,15.7,1.7,10,1.6,5,0,0.1,Analysed,at-risk
16802006,F002520,"Cherry, dried",1399,5.0,0.0,69.1,69.1,6.4,54,0.95,0,7,0.4,Recipe,at-risk
16804001,F002521,"Cherry, glace or maraschino",1078,0.4,0.0,66.5,66.5,0.9,56,0.9,27,0,0.1,Borrowed,at-risk
16303001,F003328,"Cumquat (kumquat), raw",266,1.9,0.9,9.4,9.4,6.5,62,0.86,10,44,0.17,Borrowed,moderate
16201006,F003249,"Cranberry, raw",131,0.5,0.1,4.3,4.3,3.6,8,0.23,2,14,0.09,Borrowed,moderate
16802007,F003248,"Cranberry, dried, sugar sweetened",1330,0.2,1.1,77.5,72.6,5.3,9,0.39,5,0,0.1,Borrowed,at-risk
16802008,F009906,"Cranberry, dried, sugar & intense sweetened",1177,0.2,1.1,57.0,35.0,25.0,9,0.39,5,0,0.1,Label Data,at-risk
16201007,F009880,"Currant, fresh",191,1.4,0.3,7.6,7.4,4.3,44,1.27,2,111,0.25,Borrowed,balanced
16801001,F003331,"Currant, dried",1218,2.7,0.5,69.0,67.1,4.8,82,2.3,25,0,0.35,Analysed,at-risk
16502005,F003423,"Custard apple, peeled, raw",335,1.4,0.5,16.3,13.1,3.2,26,0.28,10,21,0.18,Analysed,moderate
16802009,F003496,"Date, dried",1212,2.0,0.2,67.2,65.9,9.7,47,2.6,14,5,0.6,Analysed,at-risk
16502006,F009872,"Dragon fruit, peeled, raw",230,1.3,0.8,9.7,8.6,2.4,4,0.28,3,5,0.45,Borrowed,moderate
16502007,F009873,"Dragon fruit, peeled, frozen",236,1.3,0.9,10.0,8.9,2.5,4,0.28,3,4,0.46,Recipe,moderate
16502008,F009867,"Durian, peeled, raw",601,2.1,5.3,20.9,14.1,3.7,6,0.59,10,23,0.32,Borrowed,moderate
16502009,F003818,"Feijoa, raw",176,0.6,0.4,8.0,7.7,3.0,6,0.11,2,30,0.06,Borrowed,moderate
16501003,F003834,"Fig, fresh, raw",195,1.4,0.3,8.1,8.1,3.3,38,0.3,3,3,0.3,Analysed,moderate
16501004,F003833,"Fig, fresh, baked",224,1.6,0.3,9.3,9.3,3.8,41,0.34,3,3,0.34,Recipe,moderate
16802010,F003832,"Fig, dried",1082,3.6,0.7,54.5,52.6,14.3,200,1.4,39,0,0.5,Analysed,at-risk
16701001,F004154,"Fruit salad, fresh, commercial",164,0.6,0.1,8.3,8.1,1.2,9,0.22,5,17,0.09,Recipe,moderate
16701002,F004162,"Fruit salad, fresh, homemade",261,0.9,0.1,12.9,10.6,2.2,10,0.22,1,14,0.11,Recipe,moderate
16701003,F004155,"Fruit salad, fresh & dried fruit",439,1.1,0.2,23.6,21.3,2.4,18,0.46,3,11,0.14,Recipe,at-risk
16702001,F004142,"Fruit salad, canned in fruit juice, drained",207,0.8,0.2,9.5,9.5,2.3,6,0.4,4,4,0.3,Analysed,moderate
16702002,F004143,"Fruit salad, canned in fruit juice, juice only",191,0.4,0.0,10.2,10.2,0.2,6,0.3,4,4,0.25,Analysed,moderate
16702003,F004153,"Fruit salad, canned, not further defined",200,0.7,0.1,9.8,9.8,1.4,6,0.36,4,4,0.28,Recipe,moderate
16802011,F006614,"Fruit peel, dried",1114,1.4,0.3,62.5,62.5,9.9,126,0.75,6,24,0.24,Recipe,at-risk
16802012,F004244,"Goji berry, dried",1244,11.9,3.7,49.1,47.7,11.2,53,3.7,450,6,0.81,Analysed,at-risk
16601001,F004253,"Grape, black muscatel (muscat), raw",349,1.1,0.1,18.8,18.8,2.7,9,0.3,8,7,0.1,Analysed,at-risk
16601002,F004260,"Grape, green, seedless, raw",277,0.8,0.0,15.8,15.4,1.0,10,0.36,0,0,0.04,Analysed,at-risk
16601003,F004259,"Grape, red, raw",314,0.8,0.1,17.1,17.1,2.2,9,0.36,2,1,0.13,Analysed,at-risk
16601004,F004258,"Grape, raw",296,0.8,0.0,16.4,16.2,1.6,9,0.36,1,1,0.08,Recipe,at-risk
16303002,F004262,"Grapefruit, peeled, raw",125,0.9,0.2,4.8,4.8,1.7,21,0.2,4,36,0.1,Analysed,moderate
16502010,F004286,"Guava, hawaiian, raw",144,0.7,0.5,3.5,3.4,5.4,10,0.2,4,243,0.1,Analysed,moderate
16502011,F004594,"Jackfruit, peeled, raw",347,2.2,0.3,16.7,16.3,3.0,18,0.8,3,6,0.8,Analysed,at-risk
16001002,F009140,Kakadu plum,118,0.9,0.2,2.3,2.3,7.1,62,2.4,17,2907,0.7,Analysed,moderate
16601005,F004816,"Kiwifruit, green (hayward), peeled, raw",230,1.2,0.7,9.1,8.8,3.0,28,0.26,2,85,0.1,Analysed,moderate
16601006,F004815,"Kiwifruit, gold, peeled, raw",244,1.2,0.5,11.1,10.9,1.8,18,0.21,3,110,0.11,Analysed,moderate
16302001,F005174,"Lemon, peeled, raw",111,0.6,0.1,1.8,1.8,2.0,20,0.15,3,37,0.1,Analysed,moderate
16804002,F005175,"Lemon, preserved",99,0.7,0.1,1.3,1.3,3.2,38,0.24,4449,33,0.12,Recipe,at-risk
16302002,F005172,"Lemon peel, raw",121,1.5,0.3,0.0,0.0,10.6,134,0.8,6,129,0.25,Borrowed,balanced
16001003,F005197,Lilly pilly,80,0.5,0.3,2.6,2.2,2.2,22,0.44,20,2,0.18,Analysed,moderate
16302004,F005199,"Lime, peeled, raw",117,0.8,0.1,1.2,1.2,3.6,23,0.15,2,33,0.08,Analysed,moderate
16302003,F005198,"Lime, native, fruit",137,0.1,2.7,0.4,0.4,3.6,32,0.0,4,347,0.0,Analysed,moderate
16103001,F005244,"Loquat, peeled, raw",122,1.0,0.2,4.9,4.9,1.7,13,0.5,2,4,0.4,Analysed,moderate
16502012,F005255,"Lychee, peeled, raw",298,0.8,0.0,16.8,16.8,1.2,3,0.34,0,33,0.38,Analysed,at-risk
16502013,F009886,"Lychee, peeled, frozen",307,0.9,0.0,17.3,17.3,1.3,3,0.35,0,24,0.4,Recipe,at-risk
16503001,F005254,"Lychee, peeled, canned",278,0.5,0.0,15.5,15.5,0.7,4,0.32,1,8,0.28,Recipe,at-risk
16303003,F005293,"Mandarin, peeled, raw",197,0.8,0.2,9.8,9.8,1.6,26,0.0,3,28,0.06,Analysed,moderate
16304001,F005289,"Mandarin, canned",254,0.5,0.2,13.8,13.6,1.1,9,0.4,6,11,0.1,Analysed,moderate
16502014,F005299,"Mango, peeled, raw",224,0.4,0.0,12.6,12.1,1.3,9,0.16,0,25,0.09,Analysed,moderate
16502015,F009887,"Mango, peeled, frozen",231,0.4,0.0,12.9,12.4,1.3,9,0.16,0,18,0.09,Recipe,moderate
16802013,F010084,"Mango, dried",1249,0.8,0.0,75.2,74.2,2.6,18,0.32,0,10,0.18,Recipe,at-risk
16503002,F005300,"Mango, pulp, canned",246,0.4,0.0,14.0,13.6,1.2,8,0.15,0,12,0.08,Recipe,moderate
16502016,F010967,"Mangosteen, peeled, raw",316,0.6,0.6,16.8,16.8,1.5,11,0.6,10,3,0.1,Imputed,at-risk
16601007,F005516,"Melon, honey dew, white skin, peeled, raw",149,0.7,0.3,7.1,7.1,1.0,39,0.3,44,20,0.2,Analysed,moderate
16601008,F005517,"Melon, honey dew, yellow skin, peeled, raw",107,0.8,0.3,4.4,4.4,0.9,38,0.4,40,12,0.1,Analysed,moderate
16601009,F005515,"Melon, honey dew, peeled, raw",126,0.4,0.0,6.9,6.9,0.8,10,0.72,24,11,0.07,Analysed,moderate
16601010,F005519,"Melon, rockmelon (cantaloupe), peeled, raw",100,0.6,0.0,4.8,4.8,1.0,9,0.25,16,15,0.13,Analysed,moderate
16601011,F005520,"Melon, watermelon, raw",130,0.6,0.0,7.1,6.8,0.4,5,0.1,3,4,0.06,Analysed,moderate
16601012,F009871,"Melon, watermelon, frozen",134,0.6,0.0,7.3,7.0,0.4,5,0.11,3,3,0.07,Recipe,moderate
16201008,F005706,"Mixed berry, raw",164,0.7,0.1,7.4,7.2,2.7,17,0.42,1,45,0.15,Recipe,moderate
16201009,F009881,"Mixed berry, frozen",201,0.6,0.1,9.6,9.3,3.3,14,0.4,2,10,0.13,Recipe,moderate
16201010,F005703,"Mixed berry, stewed, sugar sweetened, no added fat",226,0.6,0.1,11.5,11.3,2.5,15,0.38,1,29,0.14,Recipe,moderate
16202002,F009889,"Mixed berry, canned in syrup, drained",340,0.9,0.1,17.3,17.0,4.5,15,1.5,7,6,0.1,Recipe,at-risk
16802014,F005704,"Mixed berry, dried",1026,4.4,0.8,46.1,44.8,17.0,106,2.61,5,57,0.94,Recipe,at-risk
16802015,F005712,"Mixed fruit, dried",1273,2.2,0.7,73.6,71.2,3.3,55,1.59,12,1,0.25,Recipe,at-risk
16201011,F005916,"Mulberry, raw",139,2.2,0.2,4.3,4.3,2.2,20,0.3,6,10,0.2,Analysed,balanced
16401001,F006021,"Nectarine, yellow, unpeeled, raw",161,0.8,0.0,7.9,7.9,1.6,5,0.16,0,1,0.12,Analysed,moderate
16401003,F006017,"Nectarine, stewed, sugar sweetened, no added fat",338,0.7,0.0,19.1,19.1,1.5,4,0.14,0,1,0.12,Recipe,at-risk
16401002,F009882,"Nectarine, white, unpeeled, raw",150,0.8,0.0,6.7,6.7,2.8,7,0.23,0,2,0.15,Analysed,moderate
24001001,F006117,"Nutgrass (nut grass), peeled, raw",958,3.5,1.1,45.1,1.1,11.2,17,3.38,50,32,0.55,Imputed,balanced
16301001,F006276,"Orange, navel, peeled, raw",173,1.0,0.0,8.2,8.2,2.2,25,0.0,1,50,0.06,Analysed,moderate
16301002,F006279,"Orange, valencia, peeled, raw",175,1.0,0.0,8.2,8.2,2.4,23,0.0,0,52,0.07,Analysed,moderate
16301003,F006277,"Orange, peeled, raw",174,1.0,0.0,8.2,8.2,2.3,24,0.0,0,50,0.06,Recipe,moderate
16502017,F006333,"Passionfruit, raw",331,2.8,1.4,6.9,6.9,11.0,9,0.6,13,14,0.7,Analysed,balanced
16502018,F009888,"Passionfruit, pulp, frozen",340,2.9,1.5,7.1,7.1,11.2,8,0.62,14,10,0.72,Recipe,balanced
16503003,F006332,"Passionfruit, pulp, canned",486,1.5,0.8,22.8,22.8,6.0,5,0.33,8,4,0.39,Recipe,at-risk
27201007,F010063,"Paste, fruit",1065,0.6,0.1,63.7,63.7,2.4,11,0.16,6,2,0.1,Recipe,at-risk
27201008,F006474,"Paste, quince",1017,0.2,0.1,61.1,61.1,3.3,5,0.08,12,10,0.22,Recipe,at-risk
16502019,F006528,"Pawpaw (papaya), peeled, raw",167,0.4,0.0,8.4,8.4,2.1,22,0.25,4,67,0.16,Analysed,moderate
16401005,F006571,"Peach, white, unpeeled, raw",145,0.7,0.0,7.5,7.2,1.6,5,0.2,0,3,0.12,Analysed,moderate
16401004,F006573,"Peach, yellow, unpeeled, raw",161,0.7,0.0,7.7,7.4,1.6,5,0.18,0,2,0.11,Analysed,moderate
16401006,F006568,"Peach, stewed, sugar sweetened, no added fat",338,0.6,0.0,18.9,18.6,1.5,5,0.17,0,1,0.11,Recipe,at-risk
16402001,F006553,"Peach, canned in pear juice",184,0.6,0.0,8.3,8.3,1.3,4,0.32,8,10,0.18,Recipe,moderate
16402002,F006554,"Peach, canned in pear juice, drained",191,0.8,0.1,8.2,8.2,2.0,4,0.27,7,9,0.17,Analysed,moderate
16402003,F006555,"Peach, canned in pear juice, juice only",174,0.4,0.0,8.5,8.5,0.3,4,0.4,10,12,0.2,Analysed,moderate
16402004,F006550,"Peach, canned in syrup",232,0.6,0.0,12.2,12.2,1.4,2,0.34,3,3,0.2,Recipe,moderate
16402005,F006551,"Peach, canned in syrup, drained",229,0.8,0.0,11.5,11.5,2.2,2,0.3,2,3,0.2,Analysed,moderate
16402006,F006552,"Peach, canned in syrup, syrup only",236,0.3,0.0,13.3,13.3,0.2,2,0.4,4,3,0.2,Analysed,moderate
16402007,F006560,"Peach, canned, not further defined",193,0.7,0.0,8.8,8.8,1.5,4,0.31,7,8,0.18,Recipe,moderate
16802016,F006562,"Peach, dried",806,3.5,0.0,38.5,37.0,8.0,26,0.9,0,2,0.57,Recipe,at-risk
16102001,F006585,"Pear, brown skin, unpeeled, raw",234,0.4,0.0,9.6,9.6,3.8,9,0.0,0,3,0.11,Analysed,moderate
16102002,F006601,"Pear, green skin, unpeeled, raw",248,0.4,0.0,10.8,10.8,3.0,8,0.0,0,3,0.09,Analysed,moderate
16102003,F006604,"Pear, nashi, unpeeled, raw",206,0.2,0.0,9.6,9.3,2.1,4,0.0,3,1,0.11,Analysed,moderate
16102005,F006608,"Pear, peeled, raw, not further defined",279,0.4,0.0,12.5,12.5,2.7,8,0.02,0,2,0.09,Imputed,moderate
16102004,F006611,"Pear, unpeeled, raw, not further defined",246,0.4,0.0,10.6,10.6,3.1,8,0.0,0,3,0.09,Recipe,moderate
16102006,F006609,"Pear, raw, not further defined",253,0.4,0.0,11.0,11.0,3.0,8,0.0,0,3,0.09,Recipe,moderate
16102007,F006610,"Pear, stewed, sugar sweetened, no added fat",449,0.4,0.0,23.4,23.4,2.6,7,0.02,0,2,0.08,Recipe,at-risk
16104002,F006593,"Pear, canned in pear juice",194,0.5,0.0,8.7,8.7,1.7,6,0.33,6,1,0.23,Recipe,moderate
16104003,F006594,"Pear, canned in pear juice, drained",200,0.6,0.0,8.6,8.6,2.8,5,0.35,6,1,0.25,Analysed,moderate
16104004,F006595,"Pear, canned in pear juice, juice only",185,0.2,0.0,8.8,8.8,0.2,6,0.3,6,1,0.2,Analysed,moderate
16104005,F006590,"Pear, canned in syrup",262,0.3,0.0,13.7,13.7,1.9,5,0.3,2,1,0.26,Recipe,moderate
16104006,F006591,"Pear, canned in syrup, drained",262,0.4,0.0,13.2,13.2,3.2,5,0.3,2,1,0.3,Analysed,moderate
16104007,F006592,"Pear, canned in syrup, syrup only",261,0.2,0.0,14.5,14.5,0.2,5,0.3,2,1,0.2,Analysed,moderate
16104008,F006599,"Pear, canned",202,0.5,0.0,9.1,9.1,2.1,5,0.33,5,1,0.24,Recipe,moderate
16802017,F006600,"Pear, dried",1231,2.0,0.0,53.2,53.2,15.4,42,0.0,0,3,0.45,Recipe,at-risk
16501005,F006628,"Persimmon, peeled, raw",294,0.6,0.1,16.0,16.0,2.7,20,0.35,4,43,0.07,Analysed,at-risk
16502020,F006702,"Pineapple, peeled, raw",165,0.5,0.0,8.6,8.6,1.3,6,0.1,0,50,0.13,Analysed,moderate
16502022,F006716,"Pineapple, peeled, stewed, sugar sweetened, no added fat",208,0.5,0.0,11.3,11.3,1.3,6,0.09,0,34,0.13,Recipe,moderate
16502021,F009885,"Pineapple, peeled, frozen",169,0.5,0.0,8.8,8.8,1.3,6,0.1,0,36,0.13,Recipe,moderate
16503004,F006707,"Pineapple, canned in pineapple juice",236,0.5,0.6,12.0,12.0,0.8,4,0.4,5,6,0.0,Analysed,moderate
16503005,F006708,"Pineapple, canned in pineapple juice, drained",190,0.0,0.0,10.9,10.9,1.1,9,0.18,1,23,0.09,Analysed,moderate
16503006,F006710,"Pineapple, canned in pineapple juice, juice only",187,0.3,0.0,10.6,10.6,0.0,6,0.3,1,9,0.3,Analysed,moderate
16503007,F006711,"Pineapple, canned in syrup",360,0.3,0.6,19.8,19.8,0.7,4,0.4,6,8,0.0,Analysed,at-risk
16503008,F006712,"Pineapple, canned in syrup, drained",296,0.0,0.0,17.5,17.5,1.2,9,0.18,1,5,0.09,Analysed,at-risk
16503009,F006713,"Pineapple, canned in syrup, syrup only",370,0.3,0.0,22.0,22.0,0.0,5,0.3,1,9,0.2,Analysed,at-risk
16802018,F006715,"Pineapple, dried",1309,0.9,0.0,78.5,78.5,2.4,12,0.18,0,19,0.24,Recipe,at-risk
16502023,F006820,"Plantain, peeled, raw",577,1.3,0.2,31.9,9.9,2.0,2,0.7,3,19,0.18,Borrowed,moderate
16502024,F009875,"Plantain, peeled, cooked",621,1.4,0.2,34.3,10.6,2.1,2,0.75,3,14,0.2,Recipe,moderate
16403005,F006832,"Plum, raw",209,0.6,0.0,9.0,9.0,2.0,5,0.18,1,4,0.09,Analysed,moderate
16403006,F006831,"Plum, stewed, sugar sweetened, no added fat",384,0.6,0.0,20.1,20.1,1.9,5,0.17,1,3,0.08,Recipe,at-risk
16404008,F006826,"Plum, canned",386,0.5,0.1,21.3,21.0,2.0,4,0.2,4,0,0.1,Analysed,at-risk
16804003,F006830,"Plum, salted",857,3.7,0.0,34.4,33.6,9.3,130,13.0,8400,0,0.35,Analysed,at-risk
16601013,F006828,"Plum, davidson",280,1.0,0.2,14.3,3.9,2.0,16,0.0,45,30,0.0,Analysed,moderate
16502025,F006842,"Pomegranate, peeled, raw",329,1.9,0.2,13.5,13.5,6.4,14,0.5,4,14,0.4,Analysed,moderate
16502026,F007457,"Prickly pear, peeled, raw",204,0.4,0.3,8.8,8.8,4.6,48,0.4,1,18,0.6,Analysed,moderate
16802019,F007494,Prune (dried plum),865,2.6,0.4,32.3,31.0,7.7,49,1.35,4,1,1.25,Analysed,at-risk
16601014,F007571,"Quandong, raw",213,2.5,0.0,8.1,8.1,4.2,7,0.0,116,20,0.0,Analysed,moderate
16103002,F007591,"Quince, peeled, raw",242,0.5,0.2,11.0,11.0,5.2,8,0.1,16,39,0.5,Analysed,moderate
16103003,F007590,"Quince, peeled, stewed, sugar sweetened, no added fat",290,0.4,0.1,15.2,15.2,3.8,6,0.07,12,20,0.36,Recipe,at-risk
16801002,F007610,Raisin,1282,2.1,0.9,74.4,74.1,2.2,48,1.75,5,0,0.17,Analysed,at-risk
16502027,F007612,"Rambutan, raw",312,1.0,0.4,15.7,15.7,2.8,8,0.1,2,70,0.6,Analysed,at-risk
16201012,F007619,"Raspberry, raw",201,1.1,0.3,6.9,6.7,4.8,24,0.53,1,28,0.29,Analysed,balanced
16201013,F007618,"Raspberry, frozen",207,1.1,0.3,7.1,6.8,4.9,23,0.55,1,20,0.3,Recipe,balanced
16202003,F007615,"Raspberry, canned in syrup, drained",343,1.0,0.2,16.2,15.9,6.0,18,1.3,6,5,0.2,Analysed,at-risk
16601015,F007628,"Rhubarb, stalk, raw",94,1.5,0.2,1.7,1.7,2.2,26,0.3,12,8,0.3,Analysed,balanced
16601016,F007630,"Rhubarb, stalk, stewed, sugar sweetened, no added fat",275,1.4,0.2,13.3,13.3,2.1,23,0.28,11,5,0.28,Recipe,moderate
16001004,F007883,"Saltbush, ruby, fruit",442,5.7,0.4,11.0,11.0,12.5,80,3.8,210,36,0.3,Borrowed,moderate
16501006,F002254,"Star fruit, raw",144,0.8,0.2,6.2,6.2,2.8,4,0.24,6,30,0.16,Borrowed,moderate
16201014,F008952,"Strawberry, raw",132,0.7,0.2,5.6,5.5,2.1,19,0.44,0,76,0.16,Analysed,moderate
16201015,F008951,"Strawberry, frozen",136,0.7,0.2,5.8,5.7,2.2,18,0.45,0,55,0.16,Recipe,moderate
16202004,F008946,"Strawberry, canned in syrup, drained",353,0.9,0.1,18.7,18.5,3.5,19,1.9,10,12,0.1,Analysed,at-risk
16801003,F008983,Sultana,1308,2.6,0.3,75.8,74.0,3.3,53,1.6,6,0,0.3,Analysed,at-risk
16501007,F009080,"Tamarillo, peeled, raw",150,2.0,0.1,3.4,3.4,4.7,8,0.7,1,15,0.2,Analysed,balanced
16303004,F009087,"Tangelo, peeled, raw",172,0.6,0.1,7.8,7.8,2.0,22,0.3,4,28,0.3,Analysed,moderate
16303005,F009088,"Tangerine or tangor, peeled, raw",180,1.0,0.2,8.1,8.1,1.5,26,0.2,2,44,0.1,Analysed,moderate
16802020,F009261,"Tropical fruit, dried",1037,0.9,0.0,61.3,60.8,3.1,23,0.33,2,18,0.25,Recipe,at-risk
16501008,F009534,"Wax jambu, raw",109,0.7,0.2,4.5,4.5,1.9,13,0.8,1,8,0.1,Analysed,moderate
16701004,F004168,"Fruit, fresh, not further defined",261,0.8,0.1,13.0,10.9,2.1,10,0.22,1,18,0.11,Recipe,moderate
16701005,F004171,"Fruit, puree or stewed, not further defined",384,0.6,0.3,20.4,19.7,2.0,9,0.16,2,3,0.11,Recipe,at-risk
16001005,F004178,"Fruit, wild harvested, raw",374,2.4,2.0,13.4,13.4,5.7,37,3.25,32,8,0.83,Borrowed,moderate
16901001,F010972,Acai bowl,342,1.5,3.6,9.5,5.9,2.7,27,0.46,17,6,0.19,Recipe,balanced
16901002,F000112,"Apple, toffee coated",389,0.3,0.0,22.5,21.8,2.1,12,0.13,34,4,0.09,Recipe,at-risk
16901003,F000258,Banana split,824,2.9,8.9,26.6,23.0,0.9,44,0.18,31,1,0.27,Recipe,at-risk
16901006,F008948,"Strawberry, chocolate coated",927,2.9,12.1,25.4,24.0,1.9,87,0.96,26,48,0.61,Recipe,at-risk
17101001,F003729,"Egg, chicken, whole, raw",533,12.6,8.5,0.3,0.3,0.0,47,1.9,150,0,1.13,Analysed,moderate
17101002,F003709,"Egg, chicken, whole, baked, no added fat",580,13.7,9.2,0.3,0.3,0.0,51,2.06,163,0,1.23,Recipe,moderate
17101004,F003718,"Egg, chicken, whole, fried, no fat added",606,14.3,9.6,0.3,0.3,0.0,53,2.16,170,0,1.29,Recipe,moderate
17101005,F003716,"Egg, chicken, whole, fried, added fat",785,13.6,14.8,0.3,0.3,0.0,51,2.05,162,0,1.22,Recipe,moderate
17101003,F003721,"Egg, chicken, whole, hard-boiled",569,12.4,9.4,0.7,0.3,0.0,39,1.61,127,0,1.24,Analysed,moderate
17101006,F003725,"Egg, chicken, whole, poached, no added fat",555,13.1,8.8,0.3,0.3,0.0,49,1.98,156,0,1.18,Recipe,moderate
17101007,F003706,"Egg, chicken, white (albumen) only, raw",196,11.2,0.0,0.4,0.4,0.0,5,0.2,175,0,0.0,Analysed,moderate
17101008,F003705,"Egg, chicken, white (albumen) only, cooked",204,11.6,0.0,0.4,0.4,0.0,6,0.2,175,0,0.0,Analysed,moderate
17101009,F003737,"Egg, chicken, yolk, raw",1311,15.6,28.2,0.2,0.2,0.0,100,4.0,58,0,2.5,Analysed,at-risk
17101010,F003736,"Egg, chicken, yolk, cooked",1450,16.1,31.7,0.2,0.2,0.0,115,4.8,47,0,2.7,Analysed,at-risk
17102001,F003744,"Egg, duck, whole, raw",742,12.8,13.8,0.9,0.9,0.0,64,3.85,146,0,1.41,Borrowed,moderate
17102002,F003743,"Egg, duck, whole, cooked",843,14.6,15.6,1.0,1.0,0.0,73,4.38,166,0,1.6,Recipe,moderate
17102003,F003746,"Egg, emu, whole, raw",743,13.3,13.8,0.3,0.3,0.0,52,2.06,118,0,1.22,Recipe,moderate
17102004,F009870,"Egg, emu, whole, cooked",844,15.1,15.7,0.3,0.3,0.0,58,2.34,134,0,1.39,Recipe,moderate
17102005,F003749,"Egg, quail, whole, raw",639,13.0,11.1,0.4,0.4,0.0,64,3.65,141,0,1.47,Borrowed,moderate
17102006,F009869,"Egg, quail, whole, cooked",726,14.8,12.6,0.5,0.5,0.0,73,4.15,160,0,1.67,Recipe,moderate
17102007,F003751,"Egg, whole, preserved",834,14.4,15.5,1.0,1.0,0.0,72,4.33,616,0,1.59,Recipe,at-risk
17201001,F003712,"Egg, chicken, whole, curried",988,10.1,20.9,2.3,1.8,0.6,38,1.47,196,0,1.04,Recipe,at-risk
17201002,F003722,"Egg, chicken, whole, hard-boiled, mashed with mayonnaise",798,11.1,15.7,1.6,1.1,0.0,36,1.44,166,0,1.11,Recipe,moderate
17201003,F003732,"Egg, chicken, scrambled, with cow's milk, no fat added",494,10.8,7.4,2.1,2.0,0.0,74,1.48,128,0,0.99,Recipe,moderate
17201004,F003679,"Egg, chicken, scrambled or omelette, with bacon",696,12.6,12.4,1.4,1.4,0.0,56,1.38,355,0,1.01,Recipe,moderate
17201005,F003686,"Egg, chicken, scrambled or omelette, with cheese",609,12.6,9.9,1.6,1.6,0.0,122,1.51,180,0,1.24,Recipe,moderate
17201006,F010205,"Egg, chicken, scrambled or omelette, with meat/chicken & vegetables",600,13.0,9.5,1.5,1.5,0.2,105,1.42,192,7,1.24,Recipe,moderate
17201007,F003693,"Egg, chicken, scrambled or omelette, with salmon or tuna",567,13.8,8.3,1.5,1.4,0.0,59,1.48,241,0,0.99,Recipe,moderate
17201008,F003694,"Egg, chicken, scrambled or omelette, with vegetables",439,9.8,6.5,1.8,1.7,0.3,62,1.45,116,12,0.92,Recipe,moderate
17201009,F003739,"Egg, chicken, yolk, scrambled, with cow's milk",1093,13.1,22.6,2.0,1.9,0.0,114,3.1,57,0,2.04,Recipe,at-risk
17201021,F003741,"Egg, duck, scrambled, with cow's milk",654,11.0,11.5,2.5,2.5,0.0,87,2.98,124,0,1.2,Recipe,moderate
17201010,F009897,"Egg, chicken, scotch",928,15.2,13.7,9.2,1.0,0.7,40,1.27,176,1,1.54,Recipe,moderate
17201011,F003762,"Eggs benedict, poached chicken egg, bacon or ham & hollandaise sauce, with bread or English muffin",1015,10.4,16.4,12.3,1.1,2.2,95,1.47,416,1,1.08,Recipe,at-risk
17201012,F003766,"Eggs benedict, poached chicken egg, with smoked salmon, spinach & hollandaise sauce, with bread or English muffin",1045,9.7,17.4,12.8,1.0,2.2,99,1.48,284,1,0.92,Recipe,moderate
17201013,F004037,"Frittata, cheese/plain, homemade",783,13.2,13.0,4.0,3.9,1.0,174,1.44,210,2,1.41,Recipe,moderate
17201014,F004031,"Frittata, cheese & mixed vegetable, homemade",524,9.0,8.1,3.6,3.5,1.4,127,1.3,144,42,1.08,Recipe,moderate
17201015,F004032,"Frittata, cheese & salmon or tuna, homemade",868,21.5,13.0,1.2,1.1,0.1,210,1.66,358,0,1.6,Recipe,moderate
17201016,F004034,"Frittata, cheese, bacon & mixed vegetable, homemade",640,11.0,10.3,3.5,3.4,1.3,127,1.28,291,30,1.16,Recipe,moderate
17201017,F009899,"Frittata, cheese, chicken/meat & mixed vegetable, homemade",696,13.4,11.0,3.2,3.1,1.1,117,1.25,253,28,1.29,Recipe,moderate
17201018,F006211,"Omelette, chicken egg, no added fat",541,12.7,8.6,0.4,0.3,0.0,48,1.94,152,0,1.15,Recipe,moderate
17201019,F009905,"Omelette, chicken egg, white only, fried",201,11.3,0.0,0.5,0.4,0.0,6,0.22,177,0,0.0,Recipe,moderate
17202001,F009900,"Souffle, sweet, all flavours",711,4.4,3.3,30.6,23.9,1.6,27,0.36,70,13,0.22,Recipe,at-risk
17201020,F009901,"Souffle, savoury, all flavours",868,10.6,13.7,10.4,3.2,0.2,184,0.78,201,0,1.14,Recipe,moderate
18101001,F000473,"Beef, all cuts, separable fat, raw",2478,12.1,61.4,0.0,0.0,0.0,6,1.3,25,0,0.94,Analysed,at-risk
18101002,F000472,"Beef, all cuts, separable fat, cooked",2317,15.3,55.6,0.0,0.0,0.0,8,0.96,29,0,1.3,Analysed,at-risk
18101003,F010935,"Beef, cheek, cooked",939,33.0,10.2,0.0,0.0,0.0,8,3.22,79,1,5.76,Recipe,moderate
18101004,F000561,"Beef, diced, lean, raw",574,27.9,2.7,0.0,0.0,0.0,4,1.7,38,1,5.7,Analysed,moderate
18101005,F000560,"Beef, diced, lean, fried, no added fat",653,32.1,2.9,0.0,0.0,0.0,4,2.8,47,0,7.2,Analysed,moderate
18101006,F000504,"Beef, diced/stir-fry strips, lean, raw",555,27.6,2.4,0.0,0.0,0.0,4,1.7,38,1,5.7,Recipe,moderate
18101007,F000505,"Beef, diced/stir-fry strips, lean, cooked",648,31.5,3.0,0.0,0.0,0.0,4,2.8,47,0,7.2,Recipe,moderate
18101008,F000614,"Beef, kebab, marinated, cooked, added fat",826,23.3,9.7,4.3,3.6,0.1,6,2.18,414,1,4.04,Recipe,at-risk
18101009,F000666,"Beef, mince, <5% fat, raw",541,22.9,4.1,0.0,0.0,0.0,7,1.56,68,0,2.34,Analysed,moderate
18101010,F000678,"Beef, mince, ~5-10% fat, raw",710,22.4,8.9,0.0,0.0,0.0,7,1.5,68,0,2.27,Analysed,moderate
18101011,F000655,"Beef, mince, >10% fat, raw",767,22.5,10.4,0.0,0.0,0.0,4,1.45,51,0,2.09,Analysed,moderate
18101012,F000677,"Beef, mince, raw",614,22.7,6.2,0.0,0.0,0.0,7,1.53,67,0,2.31,Recipe,moderate
18101013,F000637,"Beef, mince, cooked, no added fat",829,30.6,8.3,0.0,0.0,0.0,8,2.07,50,0,3.12,Recipe,moderate
18101014,F000792,"Beef, roast, silverside, lean, raw",495,24.1,2.3,0.0,0.0,0.0,4,1.24,44,1,3.0,Analysed,moderate
18101015,F000798,"Beef, roast, silverside, no fat removed, raw",710,22.8,8.7,0.0,0.0,0.0,4,1.25,42,1,2.78,Recipe,moderate
18101016,F000961,"Beef, roast, topside, lean, raw",490,22.3,3.0,0.0,0.0,0.0,4,1.24,44,1,3.0,Analysed,moderate
18101017,F000966,"Beef, roast, topsidet, no fat removed, raw",681,21.3,8.6,0.0,0.0,0.0,4,1.24,42,1,2.8,Recipe,moderate
18101018,F000699,"Beef, roast, lean, raw",492,23.2,2.6,0.0,0.0,0.0,4,1.24,44,1,3.0,Recipe,moderate
18101019,F010336,"Beef, roast, lean, baked or roasted, added fat",678,27.7,5.6,0.0,0.0,0.0,4,1.48,45,1,3.58,Recipe,moderate
18101020,F000703,"Beef, roast, no fat removed, raw",696,22.0,8.7,0.0,0.0,0.0,4,1.25,42,1,2.79,Recipe,moderate
18101021,F010345,"Beef, roast, no fat removed, baked or roasted, added fat",921,26.4,12.8,0.0,0.0,0.0,4,1.49,43,1,3.33,Recipe,moderate
18101022,F010346,"Beef, roast, marinated, raw",692,20.0,7.9,3.5,3.0,0.0,5,1.16,338,1,2.53,Recipe,moderate
18101023,F010347,"Beef, roast, marinated, baked or roasted, no added fat",844,24.5,9.6,4.3,3.6,0.1,5,1.42,351,1,3.08,Recipe,moderate
18101024,F000694,"Beef, rib cutlet or roast, lean, cooked, no added fat",576,27.0,3.1,0.0,0.0,0.0,5,2.62,55,1,4.82,Recipe,moderate
18101025,F000693,"Beef, rib cutlet or roast, lean, cooked, added fat",654,26.5,5.5,0.0,0.0,0.0,6,2.44,54,1,4.72,Recipe,moderate
18101026,F000696,"Beef, rib, marinated, cooked, added fat",826,23.3,9.7,4.3,3.6,0.1,6,2.29,414,1,4.04,Recipe,at-risk
18101027,F000739,"Beef, rump steak, lean, raw",450,20.4,2.8,0.0,0.0,0.0,4,2.1,50,1,4.1,Analysed,moderate
18101028,F000765,"Beef, rump steak, no fat removed, raw",546,20.0,5.6,0.0,0.0,0.0,4,2.06,49,1,3.95,Recipe,moderate
18101029,F000810,"Beef, sirloin steak, lean, raw",480,24.1,1.9,0.0,0.0,0.0,6,2.2,57,1,3.8,Analysed,moderate
18101030,F000825,"Beef, sirloin steak, no fat removed, raw",599,23.4,5.4,0.0,0.0,0.0,6,2.15,55,1,3.63,Recipe,moderate
18101031,F000847,"Beef, steak, boneless, scotch fillet, lean, raw",508,23.8,2.8,0.0,0.0,0.0,6,2.2,57,1,3.8,Analysed,moderate
18101032,F000851,"Beef, steak, boneless, scotch fillet, no fat removed, raw",751,22.4,10.0,0.0,0.0,0.0,6,2.09,53,1,3.45,Recipe,moderate
18101033,F000862,"Beef, steak, lean, raw",472,22.2,2.6,0.0,0.0,0.0,5,2.15,54,1,3.95,Recipe,moderate
18101034,F000855,"Beef, steak, lean, baked, roasted, fried, grilled or BBQ'd, no added fat",576,27.0,3.1,0.0,0.0,0.0,6,2.49,55,1,4.82,Recipe,moderate
18101035,F000854,"Beef, steak, lean, baked, roasted, fried, grilled or BBQ'd, added fat",654,26.5,5.5,0.0,0.0,0.0,6,2.44,54,1,4.72,Recipe,moderate
18101036,F000859,"Beef, steak, lean, boiled, casseroled, microwaved, poached, steamed or stewed, no added fat",590,27.7,3.2,0.0,0.0,0.0,5,2.69,37,1,4.94,Recipe,moderate
18101037,F000876,"Beef, steak, no fat removed, raw",610,21.4,6.6,0.0,0.0,0.0,5,2.09,51,1,3.74,Recipe,moderate
18101038,F000872,"Beef, steak, no fat removed, baked, roasted, fried, grilled or BBQ'd, no added fat",744,26.1,8.1,0.0,0.0,0.0,6,2.42,53,1,4.57,Recipe,moderate
18101039,F000871,"Beef, steak, no fat removed, baked, roasted, fried, grilled or BBQ'd, added fat",819,25.6,10.4,0.0,0.0,0.0,6,2.37,52,1,4.48,Recipe,moderate
18101040,F010957,"Beef, steak, no fat removed, boiled, casseroled, microwaved, poached, steamed or stewed, no added fat",802,26.5,9.5,0.0,0.0,0.0,5,2.59,35,1,4.63,Recipe,moderate
18705001,F000875,"Beef, steak, coated, cooked",1107,21.8,14.3,11.7,0.7,0.8,24,2.23,152,1,3.56,Recipe,moderate
18101041,F010349,"Beef, steak, marinated, cooked",675,24.2,5.2,4.3,3.6,0.1,6,2.26,416,1,4.24,Recipe,at-risk
18101042,F000931,"Beef, stir-fry strips, lean, raw",536,27.2,2.0,0.0,0.0,0.0,4,1.7,38,1,5.7,Analysed,moderate
18101043,F000929,"Beef, stir-fry strips, lean, fried, no added fat",644,30.9,3.2,0.0,0.0,0.0,4,2.8,47,0,7.2,Analysed,moderate
18101044,F010350,"Beef, wagyu, raw",1003,19.5,18.1,0.0,0.0,0.0,5,1.92,46,1,3.16,Recipe,moderate
18101045,F010351,"Beef, wagyu, cooked",1223,23.8,22.1,0.0,0.0,0.0,6,2.23,48,1,3.85,Recipe,at-risk
18705002,F000768,"Beef, schnitzel, breadcrumb coating, cooked",1163,22.5,13.6,15.8,0.9,0.9,28,2.24,153,1,3.64,Recipe,moderate
18706001,F010944,"Meatball or rissole, beef mince, commercial, raw",920,15.5,16.3,2.0,0.3,1.0,11,1.7,530,0,3.3,Analysed,at-risk
18706002,F005484,"Meatball or rissole, beef mince, commercial, cooked",1243,20.9,22.0,2.7,0.4,1.4,15,2.18,609,0,4.46,Recipe,at-risk
18705003,F005483,"Meatball or rissole, beef mince, homemade, raw",615,18.5,5.4,5.7,1.1,0.6,20,1.42,108,1,1.86,Recipe,moderate
18705005,F005481,"Meatball or rissole, beef mince, homemade, cooked",914,24.5,9.8,7.5,1.4,0.8,27,1.88,143,1,2.46,Recipe,moderate
18720007,F010676,"Meat, for use in pasta dishes",841,29.2,9.3,0.0,0.0,0.0,9,2.12,54,0,3.23,Recipe,moderate
18101046,F009360,"Veal, all cuts, separable fat, raw",1403,19.4,29.0,0.0,0.0,0.0,14,0.58,25,0,1.7,Analysed,at-risk
18101047,F009359,"Veal, all cuts, separable fat, cooked",1573,20.7,33.0,0.0,0.0,0.0,7,0.79,32,0,1.5,Analysed,at-risk
18101048,F009370,"Veal, cutlet, with bone, lean, raw",459,24.6,1.1,0.0,0.0,0.0,8,0.71,45,1,3.6,Analysed,moderate
18101049,F009369,"Veal, cutlet, with bone, lean, baked, roasted, fried, grilled or BBQ'd, no added fat",552,28.1,2.0,0.0,0.0,0.0,6,1.1,46,0,3.7,Analysed,moderate
18101050,F009374,"Veal, cutlet, with bone, no fat removed, raw",523,24.2,3.0,0.0,0.0,0.0,8,0.7,44,1,3.47,Recipe,moderate
18101051,F009373,"Veal, cutlet, with bone, no fat removed, baked, roasted, fried, grilled or BBQ'd, no added fat",632,27.5,4.4,0.0,0.0,0.0,6,1.08,45,0,3.53,Recipe,moderate
18101052,F009379,"Veal, diced/strips, lean, raw",448,23.1,1.5,0.0,0.0,0.0,6,0.88,46,1,3.6,Analysed,moderate
18101053,F009380,"Veal, diced/strips, lean, fried, no added fat",653,31.9,3.0,0.0,0.0,0.0,8,2.0,85,0,7.0,Analysed,moderate
18101054,F009390,"Veal, leg roast, lean, raw",465,24.5,1.3,0.0,0.0,0.0,7,1.06,50,1,4.15,Recipe,moderate
18101055,F009389,"Veal, leg roast, lean, baked, roasted, fried, grilled or BBQ'd, no added fat",603,31.2,2.0,0.0,0.0,0.0,6,1.4,48,0,4.3,Recipe,moderate
18101056,F009433,"Veal, steak, boneless, leg, lean, raw",470,24.4,1.5,0.0,0.0,0.0,6,1.4,56,1,4.7,Analysed,moderate
18101057,F009432,"Veal, steak, boneless, leg, lean, baked, roasted, fried, grilled or BBQ'd, no added fat",655,34.4,1.9,0.0,0.0,0.0,6,1.7,49,0,4.9,Analysed,moderate
18101058,F009435,"Veal, steak, boneless, leg, no fat removed, raw",482,24.3,1.8,0.0,0.0,0.0,6,1.39,56,1,4.66,Recipe,moderate
18101059,F009434,"Veal, steak, boneless, leg, no fat removed, baked, roasted, fried, grilled or BBQ'd, no added fat",675,34.1,2.6,0.0,0.0,0.0,6,1.68,49,0,4.82,Recipe,moderate
18101060,F010363,"Veal, steak/cutlet/chop, lean, raw",465,24.5,1.3,0.0,0.0,0.0,7,1.06,50,1,4.15,Recipe,moderate
18101061,F010366,"Veal, steak/cutlet/chop, lean, baked, roasted, fried, grilled or BBQ'd, no added fat",603,31.2,2.0,0.0,0.0,0.0,6,1.4,48,0,4.3,Recipe,moderate
18101062,F010368,"Veal, steak/cutlet/chop, no fat removed, raw",503,24.3,2.4,0.0,0.0,0.0,7,1.04,50,1,4.07,Recipe,moderate
18101063,F010369,"Veal, steak/cutlet/chop, no fat removed, baked, roasted, fried, grilled or BBQ'd, no added fat",654,30.8,3.5,0.0,0.0,0.0,6,1.38,47,0,4.18,Recipe,moderate
18705007,F010370,"Veal, steak/cutlet/chop, breadcrumb coating, cooked",975,24.5,8.7,13.4,0.7,0.7,26,1.27,136,1,3.89,Recipe,moderate
18101064,F009438,"Veal, stir-fry strips, lean, raw",536,27.2,2.0,0.0,0.0,0.0,7,1.5,56,1,4.7,Analysed,moderate
18101065,F009439,"Veal, stir-fry strips, lean, fried, no added fat",614,30.0,2.8,0.0,0.0,0.0,8,2.1,79,0,5.8,Analysed,moderate
18705006,F009425,"Veal, schnitzel, breadcrumb coating, cooked",1033,25.2,8.8,15.8,0.9,0.9,29,1.32,153,1,4.0,Recipe,moderate
18706003,F009430,"Veal, schnitzel, breadcrumb coating, cooked with tomato sauce & cheese (parmigiana)",922,20.3,9.1,13.5,2.4,1.2,80,1.16,260,1,3.17,Recipe,moderate
18102001,F004831,"Lamb, all cuts, separable fat, raw",2315,10.8,57.6,0.0,0.0,0.0,5,0.41,22,0,0.54,Analysed,at-risk
18102002,F004830,"Lamb, all cuts, separable fat, cooked",2251,16.2,53.4,0.0,0.0,0.0,6,0.67,28,0,1.0,Analysed,at-risk
18102007,F004899,"Lamb, chop, with bone, chump, lean, raw",542,22.5,4.3,0.0,0.0,0.0,6,3.1,65,0,3.6,Analysed,moderate
18102008,F004908,"Lamb, chop, with bone, chump, some fat removed, raw",753,21.1,10.6,0.0,0.0,0.0,6,2.78,60,0,3.24,Recipe,moderate
18102009,F004885,"Lamb, chop, with bone, forequarter, lean, raw",559,20.5,5.7,0.0,0.0,0.0,10,1.6,72,0,5.4,Analysed,moderate
18102011,F004888,"Lamb, chop, with bone, forequarter, no fat removed, raw",1126,17.4,22.4,0.0,0.0,0.0,8,1.22,56,0,3.83,Recipe,at-risk
18102010,F004887,"Lamb, chop, with bone, forequarter, some fat removed, raw",971,18.2,17.9,0.0,0.0,0.0,9,1.32,60,0,4.26,Recipe,moderate
18102012,F005027,"Lamb, chop, loin, lean, raw",671,28.6,5.0,0.0,0.0,0.0,8,1.9,71,0,2.8,Analysed,moderate
18102013,F005037,"Lamb, chop, loin, some fat removed, raw",856,26.6,10.9,0.0,0.0,0.0,8,1.73,65,0,2.54,Recipe,moderate
18102014,F004866,"Lamb, chop, lean, raw",583,23.0,5.2,0.0,0.0,0.0,9,2.05,70,0,4.3,Recipe,moderate
18102015,F004860,"Lamb, chop, lean, baked, roasted, fried, grilled or BBQ'd, no added fat",711,28.1,6.3,0.0,0.0,0.0,10,2.38,72,0,5.24,Recipe,moderate
18102016,F004859,"Lamb, chop, lean, baked, roasted, fried, grilled or BBQ'd, added fat",786,27.5,8.6,0.0,0.0,0.0,10,2.33,71,0,5.14,Recipe,moderate
18102017,F004864,"Lamb, chop, lean, boiled, casseroled, microwaved, poached, steamed or stewed, no added fat",729,28.8,6.5,0.0,0.0,0.0,11,2.43,48,0,5.11,Recipe,moderate
18102018,F004865,"Lamb, chop, lean, coated, cooked, added fat",1093,24.0,12.5,12.7,0.7,0.7,27,2.2,143,0,4.16,Recipe,moderate
18102019,F004875,"Lamb, chop, no fat removed, raw",888,21.0,14.3,0.0,0.0,0.0,8,1.79,61,0,3.58,Recipe,moderate
18102020,F004878,"Lamb, chop, no fat removed, baked, roasted, fried, grilled or BBQ'd, no added fat",1083,25.6,17.5,0.0,0.0,0.0,10,2.07,64,0,4.36,Recipe,moderate
18102021,F004877,"Lamb, chop, no fat removed, baked, roasted, fried, grilled or BBQ'd, added fat",1151,25.1,19.6,0.0,0.0,0.0,9,2.03,63,0,4.27,Recipe,moderate
18102022,F010335,"Lamb, chop, no fat removed, boiled, casseroled, microwaved, poached, steamed or stewed, no added fat",1110,26.3,17.9,0.0,0.0,0.0,10,2.12,42,0,4.24,Recipe,moderate
18102023,F004922,"Lamb, cutlet or frenched cutlet, with bone, no fat removed, cooked, no added fat",1163,27.2,18.9,0.0,0.0,0.0,9,2.16,57,0,3.54,Recipe,moderate
18102024,F004928,"Lamb, diced or stir-fry strips, raw",554,21.3,5.2,0.0,0.0,0.0,5,2.2,53,0,4.3,Analysed,moderate
18102025,F004929,"Lamb, diced or stir-fry strips, cooked",773,31.3,6.5,0.0,0.0,0.0,5,3.7,59,0,2.6,Analysed,moderate
18102003,F004948,"Lamb, eye of loin, lean, raw",498,20.8,3.9,0.0,0.0,0.0,5,1.9,69,0,2.2,Analysed,moderate
18102004,F004947,"Lamb, eye of loin, lean, boiled, casseroled, microwaved, poached, steamed or stewed, no added fat",663,26.8,5.6,0.0,0.0,0.0,9,2.3,63,0,2.9,Analysed,moderate
18102005,F004954,"Lamb, fillet, lean, raw",485,19.8,4.0,0.0,0.0,0.0,5,2.1,69,0,2.9,Analysed,moderate
18102006,F004953,"Lamb, fillet, lean, baked, roasted, fried, grilled or BBQ'd, no added fat",671,27.5,5.5,0.0,0.0,0.0,6,2.8,75,0,3.8,Analysed,moderate
18102026,F004919,"Lamb, frenched cutlet/rack, lean, raw",585,20.9,6.2,0.0,0.0,0.0,9,2.1,64,0,2.9,Analysed,moderate
18102027,F004918,"Lamb, frenched cutlet/rack, lean, cooked",837,30.5,8.6,0.0,0.0,0.0,10,2.6,66,0,4.3,Analysed,moderate
18102028,F005001,"Lamb, kebab, marinated, cooked, added fat",1123,22.8,17.9,4.3,3.6,0.1,10,1.87,423,0,3.86,Recipe,at-risk
18102029,F005049,"Lamb, mince, raw",602,20.4,6.9,0.0,0.0,0.0,13,1.77,57,0,3.72,Analysed,moderate
18102030,F005050,"Lamb, mince, cooked",729,24.4,8.5,0.0,0.0,0.0,11,5.0,74,0,4.8,Analysed,moderate
18102031,F005058,"Lamb, rib, cooked",1164,24.4,20.3,0.0,0.0,0.0,8,2.1,55,0,4.07,Recipe,at-risk
18102032,F010348,"Lamb, rib, marinated, cooked",1114,22.1,18.3,3.5,3.0,0.0,8,1.93,350,0,3.68,Recipe,moderate
18102033,F005013,"Lamb, roast, leg, lean, raw",477,21.1,3.2,0.0,0.0,0.0,6,2.1,68,0,4.1,Analysed,moderate
18102034,F005017,"Lamb, roast, leg, no fat removed, raw",786,19.4,12.3,0.0,0.0,0.0,6,1.82,60,0,3.5,Recipe,moderate
18102035,F005074,"Lamb, roast, shoulder, lean, raw",468,18.2,4.3,0.0,0.0,0.0,7,2.2,53,0,5.5,Analysed,moderate
18102036,F005077,"Lamb, roast, shoulder, no fat removed, raw",894,16.5,16.6,0.0,0.0,0.0,6,1.79,46,0,4.36,Recipe,moderate
18102037,F005061,"Lamb, roast, lean, raw",489,20.7,3.7,0.0,0.0,0.0,6,2.14,64,0,4.24,Recipe,moderate
18102038,F010340,"Lamb, roast, lean, baked or roasted, added fat",674,24.7,6.9,0.0,0.0,0.0,7,2.56,58,0,5.07,Recipe,moderate
18102039,F005066,"Lamb, roast, no fat removed, raw",839,18.2,14.3,0.0,0.0,0.0,6,1.84,52,0,3.81,Recipe,moderate
18102040,F010343,"Lamb, roast, no fat removed, baked or roasted, added fat",1092,21.7,19.5,0.0,0.0,0.0,7,2.2,47,0,4.55,Recipe,moderate
18102041,F010344,"Lamb, roast, marinated, baked or roasted, no added fat",810,21.6,10.0,4.3,3.6,0.1,8,2.23,415,0,4.44,Recipe,at-risk
18102042,F005139,"Lamb, shank/drumstick, lean, raw",477,23.9,1.9,0.0,0.0,0.0,15,1.9,110,0,5.7,Analysed,moderate
18102043,F005138,"Lamb, shank/drumstick, lean, cooked",755,34.6,4.5,0.0,0.0,0.0,20,3.6,83,0,10.0,Analysed,moderate
18102044,F005095,"Lamb, steak, boneless, lean, raw",546,21.9,4.7,0.0,0.0,0.0,4,2.2,63,0,3.4,Analysed,moderate
18102045,F005099,"Lamb, steak, boneless, no fat removed, raw",782,20.4,11.8,0.0,0.0,0.0,4,1.96,58,0,3.02,Recipe,moderate
18102046,F005121,"Lamb, stir-fry strips, lean, raw",528,21.9,4.2,0.0,0.0,0.0,5,2.2,53,0,4.3,Analysed,moderate
18102047,F005122,"Lamb, stir-fry strips, lean, fried, no added fat",763,28.1,7.7,0.0,0.0,0.0,5,3.7,59,0,2.6,Analysed,moderate
18711001,F005492,"Meatball or rissole, lamb mince, homemade, raw",607,16.8,5.9,5.7,1.1,0.6,25,1.6,100,1,2.88,Recipe,moderate
18711002,F005490,"Meatball or rissole, lamb mince, homemade, cooked",969,23.9,11.3,8.0,1.5,0.8,32,2.15,122,1,4.09,Recipe,moderate
18102048,F005977,"Mutton, all cuts, separable fat, raw",2522,8.2,64.4,0.0,0.0,0.0,10,0.77,33,0,0.99,Analysed,at-risk
18102049,F005976,"Mutton, all cuts, separable fat, cooked",2694,10.7,67.9,0.0,0.0,0.0,8,3.4,64,0,5.9,Analysed,at-risk
18102050,F005997,"Mutton, all cuts, lean, raw",509,21.6,3.8,0.0,0.0,0.0,8,4.3,80,0,4.9,Analysed,moderate
18102051,F005998,"Mutton, all cuts, lean, cooked",792,29.8,7.7,0.0,0.0,0.0,8,3.4,56,0,5.9,Analysed,moderate
18102052,F006001,"Mutton, all cuts, no fat removed, raw",811,19.6,12.9,0.0,0.0,0.0,8,3.77,73,0,4.31,Recipe,moderate
18102053,F006002,"Mutton, all cuts, no fat removed, cooked",1092,26.8,17.2,0.0,0.0,0.0,8,3.4,57,0,5.9,Recipe,moderate
18103001,F006906,"Pork, separable fat, forequarter (chop, roast, neck), raw",2042,9.6,50.8,0.0,0.0,0.0,26,0.9,47,0,0.9,Analysed,at-risk
18103002,F006965,"Pork, separable fat, leg steak (rump), raw",2603,8.6,66.4,0.0,0.0,0.0,3,0.6,23,0,0.46,Analysed,at-risk
18103003,F007016,"Pork, separable fat, loin chop, raw",2694,7.9,69.2,0.0,0.0,0.0,16,0.29,24,0,0.37,Analysed,at-risk
18103004,F007035,"Pork, separable fat, loin roast, raw",2941,5.2,77.1,0.0,0.0,0.0,4,0.16,27,0,0.22,Analysed,at-risk
18103005,F007046,"Pork, separable fat, medallion or loin steak, raw",2642,6.3,68.5,0.0,0.0,0.0,5,0.48,22,0,0.48,Analysed,at-risk
18103006,F007074,"Pork, separable fat, round mini roast, raw",1842,11.3,44.6,0.0,0.0,0.0,5,0.64,38,0,0.94,Analysed,at-risk
18103007,F007092,"Pork, separable fat, scotch roast, raw",2124,10.7,52.5,0.0,0.0,0.0,8,0.56,30,0,1.04,Analysed,at-risk
18103008,F010354,"Pork, separable fat, all cuts, raw",2413,8.5,61.3,0.0,0.0,0.0,10,0.52,30,0,0.63,Recipe,at-risk
18103009,F010355,"Pork, separable fat, all cuts, cooked",2681,9.4,68.1,0.0,0.0,0.0,8,0.46,30,0,0.7,Recipe,at-risk
18103010,F006862,"Pork, belly, raw",1286,18.6,26.2,0.0,0.0,0.0,6,0.45,58,0,1.4,Analysed,at-risk
18103011,F006860,"Pork, belly, cooked",1606,27.4,30.8,0.0,0.0,0.0,8,0.66,68,0,2.06,Estimated,at-risk
18103012,F007019,"Pork, chop, lean, raw",461,23.2,1.8,0.0,0.0,0.0,11,0.46,52,0,1.29,Analysed,moderate
18103013,F007017,"Pork, chop, lean, baked, roasted, fried, grilled or BBQ'd, no added fat",687,30.6,4.5,0.0,0.0,0.0,16,0.64,58,0,1.8,Analysed,moderate
18103014,F006996,"Pork, chop, lean, baked, roasted, fried, grilled or BBQ'd, added fat",761,33.0,5.4,0.0,0.0,0.0,11,0.52,67,0,1.83,Recipe,moderate
18103015,F006999,"Pork, chop, lean, boiled, casseroled, microwaved, poached, steamed or stewed, no added fat",732,36.8,2.8,0.0,0.0,0.0,13,0.72,58,0,2.05,Recipe,moderate
18103016,F007014,"Pork, chop, no fat removed, raw",573,22.4,5.2,0.0,0.0,0.0,11,0.45,51,0,1.24,Recipe,moderate
18103017,F006991,"Pork, chop, no fat removed, baked, roasted, fried, grilled or BBQ'd, no added fat",830,32.5,7.5,0.0,0.0,0.0,12,0.52,67,0,1.8,Recipe,moderate
18103018,F010371,"Pork, chop, no fat removed, baked, roasted, fried, grilled or BBQ'd, added fat",934,32.3,10.4,0.0,0.0,0.0,12,0.52,66,0,1.79,Recipe,moderate
18103019,F010373,"Pork, chop, no fat removed, boiled, casseroled, microwaved, poached, steamed or stewed, no added fat",909,35.6,8.2,0.0,0.0,0.0,14,0.71,57,0,1.97,Recipe,moderate
18103020,F006880,"Pork, crackling, roasted, salted",2568,9.0,65.2,0.0,0.0,0.0,9,0.44,1632,0,0.68,Recipe,at-risk
18103021,F006883,"Pork, diced/stir-fry strips, raw",502,22.8,3.1,0.0,0.0,0.0,6,0.84,59,0,2.4,Analysed,moderate
18103022,F006881,"Pork, diced/stir-fry strips, cooked",647,31.3,3.1,0.0,0.0,0.0,7,1.15,90,0,3.75,Analysed,moderate
18103023,F006946,"Pork, head, cooked",1148,31.1,16.8,0.0,0.0,0.0,12,1.47,65,0,3.7,Recipe,moderate
18103024,F006949,"Pork, kebab, marinated, cooked, added fat",773,25.2,7.0,5.1,4.3,0.1,12,1.18,522,0,3.47,Recipe,at-risk
18103025,F007057,"Pork, mince, raw",748,20.9,10.6,0.0,0.0,0.0,8,0.93,58,0,2.2,Analysed,moderate
18103026,F007055,"Pork, mince, cooked",929,25.9,13.2,0.0,0.0,0.0,12,1.22,59,0,3.02,Analysed,moderate
18103027,F007066,"Pork, pickled, cooked",1185,30.5,18.0,0.0,0.0,0.0,15,1.44,637,0,3.63,Recipe,at-risk
18103030,F007077,"Pork, roast, mini, lean, raw",444,23.7,1.1,0.0,0.0,0.0,4,0.83,50,0,2.6,Analysed,moderate
18103031,F006933,"Pork, roast, lean, raw",447,19.6,3.1,0.0,0.0,0.0,11,1.1,75,0,2.7,Analysed,moderate
18103032,F010358,"Pork, roast, lean, baked or roasted, added fat",753,28.2,7.4,0.0,0.0,0.0,15,1.58,87,0,3.89,Recipe,moderate
18103028,F006929,"Pork, roast, forequarter shoulder, no fat removed, raw",762,17.6,12.5,0.0,0.0,0.0,14,1.06,69,0,2.34,Recipe,moderate
18103029,F006953,"Pork, roast, leg, no fat removed, raw",685,21.6,8.6,0.0,0.0,0.0,4,0.8,48,0,2.31,Recipe,moderate
18103033,F010357,"Pork, roast, no fat removed, raw",723,19.6,10.6,0.0,0.0,0.0,9,0.93,59,0,2.33,Recipe,moderate
18103034,F010359,"Pork, roast, no fat removed, baked or roasted, added fat",1151,28.2,18.1,0.0,0.0,0.0,12,1.34,68,0,3.36,Recipe,moderate
18103035,F007049,"Pork, steak, medallion or loin, lean, raw",469,24.1,1.6,0.0,0.0,0.0,6,0.54,46,0,1.55,Analysed,moderate
18103036,F007080,"Pork, steak, round, lean, raw",416,22.1,1.1,0.0,0.0,0.0,4,0.88,48,0,2.0,Analysed,moderate
18103037,F007085,"Pork, steak, rump, lean, raw",508,25.3,2.1,0.0,0.0,0.0,5,0.84,50,0,1.7,Analysed,moderate
18103038,F010360,"Pork, steak, lean, raw",462,23.7,1.6,0.0,0.0,0.0,4,0.86,49,0,1.85,Recipe,moderate
18103039,F010361,"Pork, steak, lean, baked, roasted, fried, grilled or BBQ'd, no added fat",670,34.3,2.3,0.0,0.0,0.0,5,0.99,64,0,2.68,Recipe,moderate
18103040,F010362,"Pork, steak, lean, baked, roasted, fried, grilled or BBQ'd, added fat",763,33.7,5.2,0.0,0.0,0.0,5,0.97,63,0,2.63,Recipe,moderate
18103041,F010374,"Pork, steak, lean, boiled, casseroled, microwaved, poached, steamed or stewed, no added fat",733,37.6,2.5,0.0,0.0,0.0,6,1.36,55,0,2.94,Recipe,moderate
18103042,F007043,"Pork, steak, no fat removed, raw",615,22.9,6.1,0.0,0.0,0.0,6,0.54,44,0,1.48,Recipe,moderate
18103043,F007042,"Pork, steak, no fat removed, baked, roasted, fried, grilled or BBQ'd, no added fat",891,33.2,8.8,0.0,0.0,0.0,6,0.62,58,0,2.14,Recipe,moderate
18103044,F010364,"Pork, steak, no fat removed, baked, roasted, fried, grilled or BBQ'd, added fat",980,32.5,11.5,0.0,0.0,0.0,6,0.61,57,0,2.1,Recipe,moderate
18103045,F010365,"Pork, steak, no fat removed, boiled, casseroled, microwaved, poached, steamed or stewed, no added fat",976,36.4,9.7,0.0,0.0,0.0,7,0.85,49,0,2.35,Recipe,moderate
18717003,F006877,"Pork, coated, cooked",1121,27.9,10.5,14.8,1.0,1.0,31,1.19,193,0,2.2,Recipe,moderate
18717004,F010682,"Pork, schnitzel, breadcrumb coating, cooked",1112,26.5,9.8,17.0,1.0,1.0,28,1.16,166,0,2.1,Recipe,moderate
18103046,F007108,"Pork, spare ribs, marinated, cooked, added fat",1480,23.4,27.0,5.1,4.3,0.1,13,0.47,487,0,1.28,Estimated,at-risk
18001008,F006697,"Pig (pork), wild caught, cooked",1052,28.4,15.4,0.0,0.0,0.0,12,1.25,76,0,3.22,Recipe,moderate
18103047,F010375,"Pork & beef, mince, raw",707,21.4,9.3,0.0,0.0,0.0,8,1.11,61,0,2.23,Recipe,moderate
18103048,F010376,"Pork & beef, mince, cooked",879,28.3,10.8,0.0,0.0,0.0,10,1.64,55,0,3.07,Recipe,moderate
18717001,F005495,"Meatball or rissole, pork mince, homemade, raw",712,17.2,8.6,5.7,1.1,0.6,21,0.99,101,1,1.78,Recipe,moderate
18717002,F005493,"Meatball or rissole, pork mince, homemade, cooked",1118,24.4,15.1,8.0,1.5,0.8,30,1.4,144,1,2.53,Recipe,moderate
18001001,F010542,"Bandicoot, cooked",691,24.1,7.6,0.0,0.0,0.0,13,3.2,41,0,2.0,Borrowed,moderate
18301001,F002769,"Chicken, separable fat, raw",2392,5.1,62.3,0.0,0.0,0.0,9,0.7,22,0,0.3,Analysed,at-risk
18301002,F002767,"Chicken, separable fat, baked, roasted, fried, grilled or BBQ'd, no added fat",1891,9.8,46.6,0.0,0.0,0.0,11,0.9,51,0,0.9,Analysed,at-risk
18301003,F002768,"Chicken, separable fat, boiled, casseroled, microwaved, poached, steamed or stewed, no added fat",2036,4.3,53.0,0.0,0.0,0.0,8,0.6,19,0,0.26,Recipe,at-risk
18301004,F002773,"Chicken, skin, raw",1515,12.7,35.1,0.0,0.0,0.0,13,0.7,43,0,0.7,Analysed,at-risk
18301005,F002771,"Chicken, skin, baked, roasted, fried, grilled or BBQ'd, no added fat",1818,22.3,38.9,0.0,0.0,0.0,54,1.2,78,0,1.5,Analysed,at-risk
18301006,F002772,"Chicken, skin, boiled, casseroled, microwaved, poached, steamed or stewed, no added fat",1742,18.0,38.8,0.0,0.0,0.0,13,0.9,51,0,1.1,Analysed,at-risk
18301007,F002568,"Chicken, barbecued, with skin, commercial",806,27.5,8.9,0.0,0.0,1.1,10,0.47,430,0,0.76,Analysed,at-risk
18301008,F002569,"Chicken, barbecued, without skin, commercial",616,26.7,4.4,0.0,0.0,0.0,8,0.51,253,0,1.42,Recipe,moderate
18301009,F002594,"Chicken, breast, lean, raw",412,22.5,0.8,0.0,0.0,0.0,4,0.26,48,0,0.52,Analysed,moderate
18301010,F002592,"Chicken, breast, lean, baked, roasted, fried, grilled or BBQ'd, no added fat",663,34.5,1.8,0.7,0.7,0.0,5,0.37,55,0,0.73,Analysed,moderate
18301011,F002575,"Chicken, breast, lean, baked, roasted, fried, grilled or BBQ'd, added fat",637,29.4,3.7,0.0,0.0,0.0,5,0.3,50,0,0.68,Recipe,moderate
18301012,F002591,"Chicken, breast, lean, boiled, casseroled, microwaved, poached, steamed or stewed, no added fat",596,27.0,3.7,0.0,0.0,0.0,11,0.4,41,0,0.9,Analysed,moderate
18301013,F002589,"Chicken, breast, lean, smoked, no added fat",538,29.4,1.0,0.0,0.0,0.0,6,0.3,1068,0,0.68,Recipe,at-risk
18301014,F002597,"Chicken, breast, lean, skin & fat, raw",666,20.2,8.7,0.0,0.0,0.0,6,0.34,46,0,0.53,Recipe,moderate
18301015,F002595,"Chicken, breast, lean, skin & fat, baked, roasted, fried, grilled or BBQ'd, no added fat",807,32.6,6.6,0.6,0.6,0.0,10,0.45,56,0,0.79,Recipe,moderate
18905001,F002580,"Chicken, breast, breadcrumb coating, cooked",799,26.6,1.8,16.0,0.8,0.9,26,0.7,150,0,0.82,Recipe,moderate
18906001,F002585,"Chicken, breast, breadcrumb coating, purchased frozen, cooked",988,14.0,12.7,16.2,2.9,0.8,23,0.49,444,0,0.49,Recipe,at-risk
18301016,F002647,"Chicken, drumstick, lean, raw",492,18.5,4.8,0.0,0.0,0.0,10,0.6,71,0,1.7,Analysed,moderate
18301017,F002645,"Chicken, drumstick, lean, baked, roasted, fried, grilled or BBQ'd, no added fat",830,29.9,8.5,0.4,0.4,0.0,24,1.6,120,0,2.8,Analysed,moderate
18301018,F002650,"Chicken, drumstick, lean, skin & fat, raw",645,17.6,9.3,0.0,0.0,0.0,10,0.61,67,0,1.56,Recipe,moderate
18301019,F002648,"Chicken, drumstick, lean, skin & fat, baked, roasted, fried, grilled or BBQ'd, no added fat",979,28.5,13.2,0.3,0.3,0.0,28,1.53,113,0,2.58,Recipe,moderate
18905002,F002641,"Chicken, drumstick, coated, cooked",1107,21.4,13.3,14.3,0.9,0.9,35,0.98,193,0,1.88,Recipe,moderate
18403009,F002670,"Chicken, feet, cooked",870,19.4,14.6,0.0,0.0,0.0,88,0.91,67,0,0.69,Borrowed,moderate
18301020,F002739,"Chicken, mince, raw",404,21.4,1.1,0.0,0.0,0.0,4,0.39,49,0,0.69,Analysed,moderate
18301021,F009831,"Chicken, mince, cooked",532,28.1,1.4,0.0,0.0,0.0,6,0.46,52,0,0.91,Recipe,moderate
18301022,F002806,"Chicken, thigh, lean, raw",436,19.1,3.0,0.0,0.0,0.0,6,0.56,64,0,1.4,Analysed,moderate
18301023,F002804,"Chicken, thigh, lean, baked, roasted, fried, grilled or BBQ'd, no added fat",733,24.2,8.7,0.0,0.0,0.0,18,0.9,76,0,2.0,Analysed,moderate
18301024,F002799,"Chicken, thigh, lean, baked, roasted, fried, grilled or BBQ'd, added fat",668,25.0,6.6,0.0,0.0,0.0,7,0.66,67,0,1.83,Recipe,moderate
18301025,F002805,"Chicken, thigh, lean, boiled, casseroled, microwaved, poached, steamed or stewed, no added fat",810,26.3,9.8,0.0,0.0,0.0,15,0.9,62,0,2.1,Analysed,moderate
18301026,F002809,"Chicken, thigh, lean, skin & fat, raw",898,16.0,16.9,0.0,0.0,0.0,7,0.6,54,0,1.12,Recipe,moderate
18301027,F002807,"Chicken, thigh, lean, skin & fat, baked, roasted, fried, grilled or BBQ'd, no added fat",947,23.0,15.0,0.0,0.0,0.0,22,0.93,74,0,1.85,Recipe,moderate
18301028,F002800,"Chicken, thigh, lean, coated, cooked",1308,18.5,22.0,10.2,0.5,0.6,21,0.82,156,0,1.33,Recipe,at-risk
18301029,F002849,"Chicken, wing, lean, raw",470,18.7,4.1,0.0,0.0,0.0,13,0.4,66,0,1.1,Analysed,moderate
18301030,F002847,"Chicken, wing, lean, baked, roasted, fried, grilled or BBQ'd, no added fat",810,30.9,7.7,0.0,0.0,0.0,13,0.7,84,0,1.9,Analysed,moderate
18301031,F002852,"Chicken, wing, lean, skin & fat, raw",917,16.1,17.4,0.0,0.0,0.0,13,0.52,56,0,0.93,Recipe,moderate
18301032,F002850,"Chicken, wing, lean, skin & fat, baked, roasted, fried, grilled or BBQ'd, no added fat",1100,28.1,16.8,0.0,0.0,0.0,24,0.83,81,0,1.76,Recipe,moderate
18905003,F002843,"Chicken, wing, coated, cooked",1394,19.8,21.8,14.3,0.9,0.9,38,0.9,184,0,1.22,Recipe,at-risk
18301033,F002870,"Chicken, wing, marinated, cooked",1204,19.2,20.5,7.3,6.2,0.1,16,0.63,670,0,1.12,Recipe,at-risk
18301034,F002829,"Chicken, whole, lean, skin & fat, raw",757,18.0,12.2,0.0,0.0,0.0,8,0.49,54,0,0.95,Recipe,moderate
18301035,F010209,"Chicken, whole, lean, skin & fat, baked, roasted, fried, grilled or BBQ'd, added fat",1087,23.6,18.5,0.0,0.0,0.0,10,0.58,56,0,1.24,Recipe,moderate
18301036,F002691,"Chicken, lean, raw",441,20.3,2.6,0.0,0.0,0.0,7,0.43,59,0,1.08,Recipe,moderate
18301037,F002688,"Chicken, lean, baked, roasted, fried, grilled or BBQ'd, no added fat",588,27.1,3.4,0.0,0.0,0.0,8,0.52,63,0,1.44,Recipe,moderate
18301038,F002689,"Chicken, lean, boiled, casseroled, microwaved, poached, steamed or stewed, no added fat",630,29.0,3.7,0.0,0.0,0.0,9,0.62,84,0,1.54,Recipe,moderate
18301039,F010202,"Chicken, lean, marinated, cooked",625,26.1,3.4,3.4,2.9,0.0,9,0.53,349,0,1.39,Recipe,moderate
18301040,F010332,"Chicken, lean, skin & fat marinated, cooked",1027,23.2,15.6,3.4,2.9,0.0,10,0.6,343,0,1.23,Recipe,moderate
18906002,F002571,"Chicken, bite-size pieces, coated, takeaway outlet, fried",1356,19.0,20.4,15.9,0.5,1.0,31,0.83,590,0,1.1,Label Data,at-risk
18906003,F002755,"Chicken, nugget, purchased frozen, cooked",1124,14.1,15.2,17.8,0.8,1.6,12,0.7,610,0,0.73,Analysed,at-risk
18906004,F002752,"Chicken, nugget, takeaway outlet, fried",1103,13.1,15.8,16.8,0.0,1.1,13,0.74,740,0,0.88,Analysed,at-risk
18906005,F002751,"Chicken, nugget, takeaway outlet, grilled",818,14.8,5.9,19.9,0.9,1.3,13,0.74,434,0,0.88,Analysed,at-risk
18906006,F002559,"Chicken, piece, flesh, skin & fat, coated, takeaway outlet, deep fried",1097,23.2,14.4,9.5,0.0,1.0,31,0.83,670,0,1.1,Analysed,at-risk
18905005,F009790,"Chicken, schnitzel, breadcrumb coating, cooked",868,16.5,9.6,13.1,2.1,1.7,8,0.5,529,0,0.59,Analysed,at-risk
18906007,F002763,"Chicken, schnitzel, breadcrumb coating, deep fried",1025,25.1,9.0,15.1,0.8,0.8,25,0.66,142,0,0.78,Recipe,moderate
18906010,F005485,"Meatball or rissole, chicken mince, commercial, cooked",719,20.1,7.0,6.6,0.8,0.8,32,1.07,694,1,0.82,Recipe,at-risk
18905006,F005486,"Meatball or rissole, chicken mince, homemade, raw",464,17.5,1.8,5.7,1.1,0.6,18,0.6,95,1,0.69,Recipe,moderate
18905007,F005487,"Meatball or rissole, chicken mince, homemade, cooked",724,23.6,5.1,7.6,1.4,0.8,24,0.73,102,1,0.93,Recipe,moderate
18302012,F009307,"Turkey, breast, lean, raw",490,21.6,3.3,0.0,0.0,0.0,7,0.4,240,0,1.3,Analysed,moderate
18302013,F009320,"Turkey, hindquarter, lean, raw",510,18.4,5.3,0.0,0.0,0.0,7,1.2,260,2,3.6,Analysed,moderate
18302014,F009306,"Turkey, lean, baked, roasted, fried, grilled or BBQ'd, no added fat",648,29.4,4.0,0.0,0.0,0.0,8,0.6,210,0,1.9,Analysed,moderate
18302015,F009310,"Turkey, lean, baked, roasted, fried, grilled or BBQ'd, added fat",738,28.2,7.0,0.0,0.0,0.0,9,0.5,235,0,1.7,Recipe,moderate
18302016,F010385,"Turkey, lean, boiled, casseroled, microwaved, poached, steamed or stewed, no added fat",714,28.6,6.1,0.0,0.0,0.0,10,1.14,357,1,3.5,Recipe,moderate
18302017,F009309,"Turkey, breast, lean, skin & fat, raw",663,20.4,8.5,0.0,0.0,0.0,7,0.56,217,0,1.3,Analysed,moderate
18302018,F009322,"Turkey, hindquarter, lean, skin & fat, raw",782,18.6,12.6,0.0,0.0,0.0,10,1.3,237,2,3.14,Analysed,moderate
18302019,F009308,"Turkey, lean, skin & fat, baked, roasted, fried, grilled or BBQ'd, no added fat",809,27.7,9.2,0.0,0.0,0.0,8,0.71,199,0,1.84,Analysed,moderate
18302020,F010386,"Turkey, mince, raw",618,19.7,7.7,0.0,0.0,0.0,19,1.09,58,0,2.35,Borrowed,moderate
18302021,F010387,"Turkey, mince, cooked",851,27.4,10.4,0.0,0.0,0.0,28,1.52,78,0,3.11,Borrowed,moderate
18302003,F003642,"Duck, skin & fat, raw",2352,9.5,59.2,0.0,0.0,0.0,3,0.45,34,0,0.45,Analysed,at-risk
18302004,F003641,"Duck, skin & fat, baked, roasted, fried, grilled or BBQ'd, no added fat",2016,13.4,48.3,0.0,0.0,0.0,3,1.3,60,0,1.3,Analysed,at-risk
18302001,F009805,"Duck, breast, lean, raw",383,21.2,0.6,0.0,0.0,0.0,4,3.2,60,0,1.1,Analysed,moderate
18302002,F009819,"Duck, breast, lean, baked, roasted, fried, grilled or BBQ'd, no added fat",504,28.0,0.8,0.0,0.0,0.0,5,3.79,63,0,1.45,Recipe,moderate
18302005,F003632,"Duck, lean, raw",506,17.8,5.5,0.0,0.0,0.0,7,1.8,91,0,2.0,Analysed,moderate
18302006,F003631,"Duck, lean, baked, roasted, fried, grilled or BBQ'd, no added fat",511,28.3,0.8,0.0,0.0,0.0,5,3.84,64,0,1.47,Recipe,moderate
18302007,F003635,"Duck, lean, baked, roasted, fried, grilled or BBQ'd, added fat",599,27.8,3.4,0.0,0.0,0.0,5,3.76,63,0,1.44,Recipe,moderate
18302008,F003634,"Duck, lean, skin & fat, raw",1579,13.0,36.7,0.0,0.0,0.0,5,1.02,58,0,1.1,Recipe,at-risk
18302009,F003633,"Duck, lean, skin & fat, baked, roasted, fried, grilled or BBQ'd, no added fat",1750,17.3,39.4,0.0,0.0,0.0,6,1.21,62,0,1.46,Imputed,at-risk
18302010,F003636,"Duck, lean, skin & fat, boiled, casseroled, microwaved, poached, steamed or stewed, no added fat",548,30.4,0.8,0.0,0.0,0.0,5,4.11,60,0,1.57,Recipe,moderate
18302011,F010391,"Duck, marinated, cooked",1674,16.2,36.7,2.5,2.1,0.0,6,1.16,268,0,1.37,Recipe,at-risk
18302022,F010395,"Duck, smoked",506,28.0,0.8,0.0,0.0,0.0,6,3.8,572,0,1.45,Recipe,at-risk
18303012,F007570,"Quail, lean & skin, raw",722,18.5,11.0,0.0,0.0,0.0,6,1.3,45,0,0.74,Analysed,moderate
18303013,F007569,"Quail, lean & skin, cooked",826,27.7,9.6,0.0,0.0,0.0,16,1.8,58,0,1.3,Analysed,moderate
18202005,F010273,"Buffalo, meat, raw",472,24.5,1.5,0.0,0.0,0.0,4,3.0,48,0,1.93,Recipe,moderate
18202006,F010274,"Buffalo, meat, cooked",654,29.3,4.2,0.0,0.0,0.0,5,3.41,49,0,2.31,Recipe,moderate
18202001,F001920,"Buffalo, riverine, cube roll, raw",650,23.9,6.6,0.0,0.0,0.0,6,2.3,56,0,1.93,Analysed,moderate
18202002,F001921,"Buffalo, riverine, topside, raw",496,24.4,2.2,0.0,0.0,0.0,5,2.7,56,0,1.93,Analysed,moderate
18202003,F001922,"Buffalo, swamp, cube roll, raw",507,24.4,2.5,0.0,0.0,0.0,3,2.4,45,0,1.93,Analysed,moderate
18202004,F001923,"Buffalo, swamp, topside, raw",448,24.6,0.8,0.0,0.0,0.0,4,3.3,41,0,1.93,Analysed,moderate
18202007,F009789,"Camel, meat, raw",514,20.8,4.3,0.0,0.0,0.0,4,2.07,53,0,3.4,Analysed,moderate
18202008,F009829,"Camel, meat, cooked",704,24.8,7.6,0.0,0.0,0.0,5,2.35,54,0,4.06,Recipe,moderate
33101001,F009793,"Crocodile, meat, raw",406,20.6,1.5,0.0,0.0,0.0,6,0.39,53,0,1.8,Analysed,moderate
33101002,F009817,"Crocodile, meat, cooked",677,34.4,2.5,0.0,0.0,0.0,10,0.65,88,0,3.0,Recipe,moderate
18001002,F003646,"Dugong, meat, raw",526,24.2,3.1,0.0,0.0,0.0,4,2.9,48,1,1.8,Borrowed,moderate
18001003,F003645,"Dugong, meat, cooked",650,29.9,3.8,0.0,0.0,0.0,4,3.58,50,1,2.22,Recipe,moderate
18001004,F003662,"Echidna, meat, raw",485,22.5,2.6,0.4,0.4,0.0,4,3.1,40,0,2.6,Imputed,moderate
18001005,F003661,"Echidna, meat, cooked",693,32.1,3.7,0.6,0.6,0.0,4,3.98,40,0,3.71,Recipe,moderate
18303001,F003779,"Emu, meat, raw",490,23.4,2.5,0.0,0.0,0.0,4,3.85,50,0,2.3,Analysed,moderate
18303002,F003778,"Emu, meat cooked",644,30.8,3.3,0.0,0.0,0.0,5,4.81,50,0,3.03,Recipe,moderate
18303003,F010556,"Emu, meat & organs, cooked",662,29.6,4.3,0.0,0.0,0.0,6,5.6,51,1,3.44,Recipe,moderate
18202009,F004230,"Goat, separable fat, raw",1855,12.2,44.6,0.0,0.0,0.0,13,2.0,45,0,1.2,Analysed,at-risk
18202010,F004233,"Goat, meat, raw",432,21.6,1.8,0.0,0.0,0.0,10,2.35,74,0,5.1,Analysed,moderate
18202011,F004232,"Goat, meat, cooked",676,30.8,4.2,0.0,0.0,0.0,10,3.4,74,0,7.55,Analysed,moderate
33101003,F004228,"Goanna, meat, cooked",695,31.3,4.4,0.0,0.0,0.0,68,0.24,190,2,2.6,Borrowed,moderate
18303004,F004246,"Goose, meat, raw",616,24.2,4.6,2.0,0.0,0.0,7,3.5,90,2,0.9,Borrowed,moderate
18303005,F004245,"Goose, meat, cooked",849,33.4,6.3,2.8,0.0,0.0,10,4.59,93,2,1.24,Recipe,moderate
18303006,F010393,"Guinea fowl, meat, raw",442,20.6,2.5,0.0,0.0,0.0,11,0.77,69,2,1.2,Borrowed,moderate
18303007,F010394,"Guinea fowl, meat, cooked",581,27.1,3.2,0.0,0.0,0.0,14,0.91,73,2,1.58,Recipe,moderate
33201001,F004571,"Insect, raw",1000,15.4,7.7,27.0,27.0,2.6,62,7.25,70,1,11.48,Borrowed,at-risk
18201001,F010271,"Kangaroo, mince, raw",426,22.5,1.0,0.4,0.4,0.0,4,3.1,40,0,2.6,Imputed,moderate
18201002,F010272,"Kangaroo, mince, cooked",599,26.9,3.6,0.5,0.5,0.0,5,3.7,48,0,3.11,Recipe,moderate
18201003,F009791,"Kangaroo, steak/fillet, raw",426,22.5,1.0,0.4,0.4,0.0,4,3.1,40,0,2.6,Analysed,moderate
18201004,F010269,"Kangaroo, steak/fillet, cooked",599,26.9,3.6,0.5,0.5,0.0,5,3.52,41,0,3.11,Recipe,moderate
18201005,F004793,"Kangaroo, tail, raw",381,20.0,1.1,0.0,0.0,0.0,13,1.7,140,0,5.6,Analysed,moderate
18201006,F004792,"Kangaroo, tail, cooked",464,24.4,1.3,0.0,0.0,0.0,16,1.97,145,0,6.83,Recipe,moderate
18001006,F004795,"Kangaroo, wild caught, meat, cooked",568,26.9,3.0,0.0,0.0,0.0,5,3.52,42,0,3.11,Imputed,moderate
18001007,F004794,"Kangaroo, wild caught, meat & organs, cooked",594,26.9,3.6,0.2,0.0,0.0,6,4.05,49,1,3.24,Recipe,moderate
18001011,F005475,"Meat, wild caught, cooked",652,29.8,3.8,0.2,0.1,0.0,12,2.94,88,1,3.03,Recipe,moderate
18303008,F006005,"Mutton-bird, meat, cooked",744,22.6,9.3,1.0,1.0,0.0,68,4.2,2160,0,2.4,Borrowed,at-risk
18303009,F010389,"Pheasant, meat, cooked",892,32.2,9.3,0.0,0.0,0.0,49,8.4,100,0,0.95,Borrowed,moderate
18303010,F006698,"Pigeon (squab), meat, raw",1219,16.2,25.5,0.0,0.0,0.0,13,2.4,68,5,2.2,Analysed,at-risk
18303011,F010381,"Pigeon (squab), meat, cooked",1681,22.3,35.2,0.0,0.0,0.0,17,2.98,75,6,3.03,Recipe,at-risk
18001009,F007180,"Possum, meat, cooked",701,33.6,3.5,0.0,0.0,0.0,25,10.3,147,0,4.2,Borrowed,moderate
18303014,F006282,"Ostrich, fan fillet, raw",424,23.4,0.7,0.0,0.0,0.0,3,2.3,53,0,3.71,Analysed,moderate
18303015,F006283,"Ostrich, moon steak, raw",455,23.7,1.4,0.0,0.0,0.0,3,2.8,52,0,3.8,Analysed,moderate
18303016,F010382,"Ostrich, meat, raw",439,23.6,1.0,0.0,0.0,0.0,3,2.55,52,0,3.76,Recipe,moderate
18303017,F010915,"Ostrich, meat, cooked",615,28.1,3.7,0.0,0.0,0.0,4,2.9,47,0,4.49,Recipe,moderate
18202012,F007601,"Rabbit, meat, raw",472,23.2,2.1,0.0,0.0,0.0,9,1.0,53,0,1.6,Analysed,moderate
18202013,F007602,"Rabbit, meat, cooked",712,29.3,5.7,0.2,0.2,0.0,17,1.3,56,0,2.1,Analysed,moderate
33101004,F010560,"Snake, flesh, cooked",446,23.0,1.5,0.0,0.0,0.0,31,1.3,70,13,3.8,Borrowed,moderate
33101005,F009343,"Turtle, meat, raw",563,26.8,2.9,0.0,0.0,0.0,10,1.8,93,2,1.2,Borrowed,moderate
33101006,F009342,"Turtle, meat, cooked",776,37.0,4.0,0.0,0.0,0.0,14,2.48,128,2,1.66,Recipe,moderate
33101007,F010564,"Turtle, meat & organs, cooked",742,32.9,5.0,0.0,0.0,0.0,24,3.24,127,2,1.85,Estimated,moderate
18202014,F009467,"Venison, mince, raw",465,21.0,2.9,0.0,0.0,0.0,4,2.9,71,0,5.5,Analysed,moderate
18202015,F009466,"Venison, mince, cooked",644,29.8,3.7,0.0,0.0,0.0,6,4.12,101,0,7.81,Analysed,moderate
18202016,F009465,"Venison, meat, raw",457,23.5,1.5,0.0,0.0,0.0,3,4.1,49,0,3.6,Analysed,moderate
18202017,F009463,"Venison, meat, cooked",636,28.1,4.2,0.0,0.0,0.0,3,4.66,50,0,4.3,Recipe,moderate
18001010,F010558,"Wallaby, meat, cooked",568,26.9,3.0,0.0,0.0,0.0,5,3.52,42,0,3.11,Imputed,moderate
33201002,F010539,"Witchetty grubs, raw",1043,16.2,19.4,3.1,3.1,0.0,9,3.1,12,3,5.2,Borrowed,moderate
18403001,F000606,"Beef, heart, raw",420,18.2,3.0,0.0,0.0,0.0,5,5.0,91,2,1.6,Analysed,moderate
18403002,F000607,"Beef, heart, cooked",627,31.2,2.6,0.0,0.0,0.0,7,8.2,89,0,3.7,Analysed,moderate
18402001,F000617,"Beef, kidney, raw",369,18.2,1.6,0.0,0.0,0.0,15,5.4,160,5,1.8,Analysed,moderate
18402002,F000618,"Beef, kidney, cooked",566,27.4,2.7,0.0,0.0,0.0,17,7.6,110,3,2.7,Analysed,moderate
18401001,F000619,"Beef, liver, raw",704,20.0,8.6,2.7,0.0,0.0,6,5.8,78,14,3.6,Analysed,moderate
18401002,F000620,"Beef, liver, cooked",922,26.2,11.7,2.6,0.0,0.0,9,6.5,70,14,5.3,Analysed,moderate
18403003,F000936,"Beef, tail, raw",1287,17.4,26.8,0.0,0.0,0.0,10,1.8,82,1,3.5,Analysed,at-risk
18403004,F000937,"Beef, tail, cooked",1453,21.7,29.3,0.0,0.0,0.0,15,2.5,53,1,4.8,Analysed,at-risk
18403005,F000955,"Beef, tongue, raw",833,17.2,14.6,0.0,0.0,0.0,6,3.2,79,0,2.6,Analysed,moderate
18403006,F000956,"Beef, tongue, cooked",1289,21.2,25.1,0.0,0.0,0.0,6,3.2,78,0,4.6,Analysed,at-risk
18403007,F000987,"Beef, tripe, raw",302,13.2,2.1,0.0,0.0,0.0,16,0.4,100,0,1.2,Analysed,moderate
18403008,F000988,"Beef, tripe, cooked",348,14.4,2.8,0.0,0.0,0.0,19,0.3,72,0,1.4,Analysed,moderate
18404001,F001265,"Black pudding, raw",1129,16.6,19.6,6.4,0.6,1.3,20,13.1,670,0,1.4,Analysed,at-risk
18404002,F001264,"Black pudding, cooked",1494,20.6,26.8,7.9,0.7,1.6,21,10.56,624,0,1.3,Recipe,at-risk
18403010,F010194,"Chicken, heart, cooked",742,26.4,7.9,0.0,0.0,0.0,19,9.03,48,2,7.3,Borrowed,moderate
18403011,F010198,"Chicken, giblets, cooked",763,23.2,9.9,0.0,0.0,0.0,12,10.04,58,9,5.79,Recipe,moderate
18401003,F002709,"Chicken, liver, raw",466,16.9,4.8,0.0,0.0,0.0,4,9.8,66,18,3.6,Analysed,moderate
18401004,F002708,"Chicken, liver, cooked",784,20.1,12.0,0.0,0.0,0.0,5,11.06,67,17,4.28,Recipe,moderate
18403012,F004847,"Lamb, brain, raw",505,12.3,8.0,0.0,0.0,0.0,5,1.7,120,12,1.1,Analysed,moderate
18403013,F004848,"Lamb, brain, cooked",565,12.8,9.4,0.0,0.0,0.0,9,1.9,110,8,1.2,Analysed,moderate
18403014,F004997,"Lamb, heart, raw",510,17.8,5.6,0.0,0.0,0.0,5,3.9,82,0,1.6,Analysed,moderate
18403015,F004996,"Lamb, heart, cooked",770,28.1,7.9,0.0,0.0,0.0,6,6.0,73,0,3.7,Analysed,moderate
18403016,F004998,"Lamb, intestine, cooked",348,14.4,2.8,0.0,0.0,0.0,19,0.3,72,0,1.4,Imputed,moderate
18402003,F005005,"Lamb, kidney, raw",383,17.1,2.5,0.0,0.0,0.0,11,9.8,190,16,2.6,Analysed,moderate
18402004,F005006,"Lamb, kidney, cooked",611,26.6,4.3,0.0,0.0,0.0,20,11.4,200,9,3.9,Analysed,moderate
18401005,F005022,"Lamb, liver, raw",680,21.4,7.5,2.3,0.0,0.0,6,9.5,67,21,4.3,Analysed,moderate
18401006,F005021,"Lamb, liver, cooked",788,21.5,10.2,2.6,0.0,0.0,6,11.0,73,23,5.0,Analysed,moderate
18403017,F005128,"Lamb, tongue, raw",834,15.3,15.5,0.0,0.0,0.0,7,1.9,82,0,1.7,Analysed,moderate
18403018,F005129,"Lamb, tongue, cooked",1158,23.7,20.4,0.0,0.0,0.0,9,3.0,88,0,2.9,Analysed,at-risk
18401007,F009407,"Veal, liver, raw",567,18.4,5.5,3.0,0.0,0.0,6,9.1,83,17,5.9,Analysed,moderate
18401008,F009406,"Veal, liver, cooked",786,27.0,8.1,1.6,0.0,0.0,7,11.1,100,13,7.6,Analysed,moderate
18404003,F006519,Pate de foie (chicken liver pate),1250,17.8,24.7,1.3,0.2,1.3,24,9.3,970,22,3.6,Analysed,at-risk
18404004,F006520,"Pate, liverwurst",1344,18.2,27.5,0.4,0.2,1.3,22,3.63,727,15,2.83,Analysed,at-risk
18401009,F010966,"Turtle, liver, raw",904,11.1,18.1,2.7,0.0,0.0,10,9.8,109,4,2.5,Borrowed,moderate
18601001,F000192,"Bacon, middle rasher, lean, raw",572,21.3,5.5,0.4,0.4,0.0,5,0.5,1450,0,1.11,Analysed,at-risk
18601002,F000224,"Bacon, middle rasher, lean, cooked",858,31.2,8.5,0.8,0.8,0.0,10,0.73,2200,0,2.6,Analysed,at-risk
18601004,F000228,"Bacon, middle rasher, no fat removed, raw",1310,15.4,28.2,0.2,0.2,0.0,4,0.43,1274,0,0.79,Analysed,at-risk
18601005,F000227,"Bacon, middle rasher, no fat removed, cooked",1747,20.6,37.6,0.3,0.3,0.0,4,0.46,1528,0,1.05,Recipe,at-risk
18601003,F000222,"Bacon, middle rasher, some fat removed, raw",982,18.0,18.1,0.3,0.3,0.0,5,0.46,1352,0,0.93,Analysed,at-risk
18601006,F000231,"Bacon, shortcut, cooked",1046,30.4,13.9,0.9,0.9,0.0,8,0.64,2000,0,2.1,Analysed,at-risk
18601007,F010254,"Bacon, streaky, cooked",1835,34.8,33.6,0.0,0.0,0.0,7,1.0,2300,0,3.39,Borrowed,at-risk
18603001,F000549,"Beef, corned, lean, cooked",425,18.4,3.0,0.2,0.2,0.0,12,1.8,1200,0,2.5,Analysed,at-risk
18606001,F000544,"Beef, corned, canned",957,21.5,15.7,0.3,0.3,0.7,6,2.0,750,0,3.4,Analysed,at-risk
18603002,F001019,"Berliner, processed meat",945,14.0,18.2,1.8,1.1,0.0,25,10.0,845,0,2.64,Analysed,at-risk
18604001,F001325,Brawn (braun),909,16.7,16.9,0.0,0.0,0.0,11,1.2,830,0,1.6,Analysed,at-risk
18606002,F001322,"Braised steak & onions, canned",264,7.2,1.6,4.5,1.0,0.8,12,0.55,380,0,0.89,Analysed,moderate
18606003,F002207,"Camp pie, canned",680,13.4,8.5,6.6,0.1,3.2,26,1.9,830,0,1.6,Analysed,at-risk
18605001,F002758,"Chicken, processed luncheon meat",566,15.2,4.6,6.9,1.2,0.2,8,0.39,863,0,0.46,Label Data,at-risk
18605002,F010212,"Chicken, roast, deli-sliced",521,18.7,3.8,3.7,0.0,0.0,9,0.5,751,0,0.83,Label Data,at-risk
18606004,F002581,"Chicken, breast, flesh, canned in water, drained",415,20.6,1.5,0.6,0.6,0.0,11,0.4,380,0,0.9,Label Data,moderate
18604002,F003504,"Devon, processed luncheon meat",1006,12.4,18.5,5.7,0.8,1.8,31,2.45,847,0,1.95,Analysed,at-risk
18502001,F004025,"Frankfurt, cooked",942,14.3,17.0,3.4,0.2,1.8,33,2.3,770,1,2.4,Analysed,at-risk
18606005,F004024,"Frankfurt, canned, heated, drained",911,14.1,16.5,2.9,0.3,1.5,120,1.4,860,0,2.3,Analysed,at-risk
18602001,F004299,"Ham, leg, lean",467,17.0,2.5,2.0,0.8,1.8,9,0.62,1250,0,1.02,Analysed,at-risk
18602002,F004300,"Ham, lean & fat, off the bone",598,17.9,7.6,0.0,0.0,1.7,9,0.74,1302,0,1.38,Analysed,at-risk
18602003,F004301,"Ham, leg, lean & fat, canned",711,16.5,10.2,2.4,0.6,1.7,14,1.3,855,0,3.4,Analysed,at-risk
18602004,F004298,"Ham, steak, raw",461,14.4,4.5,2.9,0.4,0.0,11,0.82,1148,0,1.9,Analysed,at-risk
18602005,F004297,"Ham, steak, cooked",680,19.4,7.8,3.7,0.8,0.0,17,1.6,1400,0,2.5,Analysed,at-risk
18607001,F004622,"Jerky, beef, all flavours",1203,35.6,4.1,27.3,19.2,0.0,11,3.51,1742,2,6.35,Recipe,at-risk
18603003,F004777,Kabana or cabanossi,1168,14.9,24.7,0.0,0.0,0.0,12,1.8,850,0,2.3,Analysed,at-risk
18606006,F005463,"Meat paste, commercial",861,12.2,13.9,8.2,1.1,0.0,200,2.6,870,0,1.9,Analysed,at-risk
18604003,F005822,"Mortadella, processed meat",1367,14.4,29.3,1.2,0.4,1.8,45,2.3,770,0,2.65,Analysed,at-risk
18604004,F010253,Pastrami,409,16.3,2.4,2.6,0.9,0.0,12,1.8,1022,0,2.5,Borrowed,at-risk
13405018,F006675,"Pie, steak & kidney, canned",693,10.0,7.7,13.6,0.6,0.9,7,1.4,230,0,1.4,Analysed,moderate
18604005,F010211,"Pork, processed, deli-sliced",733,24.2,8.7,0.0,0.0,0.0,6,1.35,1080,0,3.7,Label Data,at-risk
18602006,F007459,Prosciutto,1224,30.8,18.8,0.3,0.3,0.0,10,0.84,1700,0,2.3,Analysed,at-risk
18603004,F007818,Salami,1445,21.9,28.3,0.4,0.0,0.5,21,1.7,1500,0,2.9,Analysed,at-risk
18501001,F008112,"Sausage, beef, raw",987,14.5,18.7,2.9,0.4,0.0,12,1.3,740,0,2.6,Analysed,at-risk
18501002,F008106,"Sausage, beef, cooked",1031,16.4,18.4,4.0,0.4,0.4,11,1.37,788,1,3.05,Analysed,at-risk
18501003,F008111,"Sausage, beef, reduced fat, raw",638,13.3,8.0,5.5,1.2,2.9,10,1.6,450,0,2.5,Label Data,at-risk
18501004,F008110,"Sausage, beef, reduced fat, cooked",750,15.6,9.4,6.5,1.4,3.4,10,1.22,397,0,2.2,Recipe,moderate
18501005,F008120,"Sausage, chicken, raw",650,16.8,7.0,6.0,0.0,0.4,13,0.59,611,0,0.62,Recipe,at-risk
18501006,F008119,"Sausage, chicken, cooked",841,18.2,12.0,4.9,0.8,0.6,19,0.89,736,0,1.44,Analysed,at-risk
18603005,F010985,"Sausage, Chinese style",2251,20.9,43.6,17.4,17.4,0.0,13,1.04,1437,0,2.05,Recipe,at-risk
18603006,F010989,"Sausage, Chinese style, cooked",2297,21.4,44.5,17.7,17.7,0.0,14,1.06,1393,0,2.09,Recipe,at-risk
18603007,F008126,"Sausage, chorizo, raw",1183,20.1,22.1,1.2,0.8,0.5,12,1.5,1100,0,2.7,Analysed,at-risk
18603008,F008125,"Sausage, chorizo, cooked",1245,21.2,23.3,1.3,0.8,0.5,11,1.03,868,0,2.13,Recipe,at-risk
18501013,F008128,"Sausage, deep fried, commercial",1323,15.3,25.2,6.9,2.7,2.0,13,2.3,860,0,4.3,Analysed,at-risk
18501007,F008135,"Sausage, kangaroo, cooked",641,21.2,1.5,12.8,0.8,1.3,38,3.69,739,0,2.57,Recipe,at-risk
18501008,F010955,"Sausage, lamb, raw",802,15.0,11.9,5.9,1.1,1.0,47,2.53,456,1,3.12,Recipe,at-risk
18501009,F008136,"Sausage, lamb, cooked",946,15.6,16.1,4.9,1.3,0.4,11,1.37,770,1,3.05,Imputed,at-risk
18501010,F008147,"Sausage, pork, raw",1090,12.0,22.2,3.2,0.0,1.3,9,1.0,690,0,1.7,Analysed,at-risk
18501011,F008143,"Sausage, pork, cooked",1083,16.5,19.4,4.5,0.7,1.4,14,1.6,763,0,2.3,Analysed,at-risk
18501012,F008134,"Sausage, cooked, not further defined",1029,16.6,18.2,4.1,0.5,0.6,12,1.37,777,1,2.79,Recipe,at-risk
18502002,F008157,"Saveloy, battered, deep fried",1293,11.9,20.8,18.4,3.3,1.5,35,2.0,1020,0,3.28,Analysed,at-risk
18606007,F008740,"Spam, canned",1238,14.2,26.1,1.9,1.2,0.0,5,0.51,920,29,1.3,Analysed,at-risk
18606008,F010248,"Spam, turkey, canned",614,16.1,8.0,1.8,1.8,0.0,8,1.2,1018,0,1.73,Label Data,at-risk
18604006,F010244,Speck,1262,28.3,20.9,0.5,0.5,0.0,10,0.84,1551,0,2.3,Imputed,at-risk
18604007,F008944,Strasburg,1038,13.9,19.2,4.5,0.6,1.8,31,2.9,870,0,2.04,Analysed,at-risk
18606010,F002306,"Stew, casserole or curry, meat & vegetables, canned",258,4.0,1.9,6.5,1.7,1.3,12,0.7,335,0,0.8,Analysed,moderate
18606009,F008841,"Stew, casserole or curry, chicken & vegetable, canned",270,2.3,2.6,7.4,2.7,1.5,21,0.2,290,0,0.8,Label Data,moderate
18720006,F010215,"Terrine, all meats",911,25.5,10.6,3.6,3.3,0.7,16,1.95,307,2,2.34,Recipe,moderate
18605003,F009327,"Turkey, processed luncheon meat",502,14.6,3.6,6.2,2.2,0.0,8,1.2,966,0,1.73,Label Data,at-risk
18605004,F009328,"Turkey, roast, deli-sliced",608,15.5,8.7,0.7,0.0,0.0,14,1.2,820,0,1.18,Analysed,at-risk
18606011,F009450,"Vegetables & sausages, canned",283,4.0,2.1,7.8,2.2,0.9,10,0.53,320,0,0.39,Analysed,moderate
18606012,F009452,"Vegetables & steak, canned",258,4.4,1.9,6.2,1.8,1.2,12,0.62,320,0,0.81,Analysed,moderate
18604008,F010671,"Processed meat, for use in mixed dishes",965,22.4,14.6,1.2,0.7,0.8,10,0.81,1545,0,1.71,Recipe,at-risk
18702001,F010689,"Casserole, commercial, beef, cream based sauce",716,15.6,9.1,6.2,3.4,1.2,46,1.46,171,3,3.35,Recipe,moderate
18702002,F010688,"Casserole, commercial, beef, gravy sauce",586,13.6,6.9,5.4,1.6,1.0,12,1.36,238,3,3.02,Recipe,moderate
18702003,F010693,"Casserole, commercial, beef, tomato based sauce",460,13.4,4.2,3.9,2.5,1.3,17,1.56,161,4,3.02,Recipe,moderate
18701001,F002317,"Casserole, homemade, beef, cream based sauce",718,15.6,9.2,6.3,3.4,1.2,46,1.46,72,3,3.35,Recipe,moderate
18701002,F002322,"Casserole, homemade, beef, gravy sauce",588,13.7,6.9,5.4,1.6,1.0,12,1.36,147,3,3.03,Recipe,moderate
18701003,F002320,"Casserole, homemade, beef, tomato based sauce",461,13.5,4.2,3.9,2.5,1.3,17,1.56,71,4,3.02,Recipe,moderate
18701004,F002327,"Casserole, homemade, beef & kidney",593,15.8,6.4,4.8,1.4,0.9,13,2.26,144,3,3.03,Recipe,moderate
18701005,F002315,"Casserole, homemade, beef & mushroom, cream based sauce",665,19.2,6.9,4.5,1.8,1.1,14,1.92,95,1,4.26,Recipe,moderate
18703001,F002321,"Casserole, beef, with rice or pasta",522,9.7,2.7,14.3,1.7,1.4,13,1.11,47,3,2.05,Recipe,moderate
18719001,F010700,"Casserole, commercial, goat",471,13.2,4.6,3.9,2.5,1.3,19,1.8,172,4,3.15,Recipe,moderate
18719002,F010701,"Casserole, homemade, goat",472,13.2,4.6,3.9,2.5,1.3,19,1.8,81,4,3.16,Recipe,moderate
18719003,F010705,"Casserole, commercial, kangaroo",441,11.6,4.4,4.1,2.7,1.3,17,1.84,159,4,1.39,Recipe,moderate
18719004,F002341,"Casserole, homemade, kangaroo",442,11.6,4.4,4.1,2.7,1.3,17,1.85,68,4,1.39,Recipe,moderate
18708001,F010698,"Casserole, commercial, lamb, gravy sauce",636,13.6,8.2,5.4,1.6,1.0,12,1.72,243,3,1.18,Recipe,moderate
18708002,F002312,"Casserole, commercial, lamb, tomato based sauce",510,13.4,5.5,3.9,2.5,1.3,17,1.92,166,4,1.19,Recipe,moderate
18707001,F010694,"Casserole, homemade, lamb, dairy based sauce",772,15.5,10.6,6.3,3.4,1.2,46,1.85,78,3,1.36,Recipe,moderate
18707002,F002344,"Casserole, homemade, lamb, gravy sauce",637,13.6,8.3,5.4,1.6,1.0,12,1.72,152,3,1.18,Recipe,moderate
18707003,F002345,"Casserole, homemade, lamb, tomato based sauce",511,13.4,5.5,3.9,2.5,1.3,17,1.92,75,4,1.19,Recipe,moderate
18714001,F010699,"Casserole, commercial, pork",460,13.4,4.2,3.9,2.5,1.3,18,0.9,178,4,1.64,Recipe,moderate
18713001,F002351,"Casserole, homemade, pork",461,13.4,4.2,3.9,2.5,1.3,18,0.9,88,4,1.65,Recipe,moderate
18719005,F010707,"Casserole, commercial, rabbit",486,12.6,5.2,4.0,2.6,1.3,22,0.96,165,4,0.99,Recipe,moderate
18719006,F002352,"Casserole, homemade, rabbit",487,12.6,5.2,4.0,2.6,1.3,22,0.96,74,4,0.99,Recipe,moderate
18802001,F010776,"Casserole, commercial, sausage",656,8.0,11.1,5.8,2.5,1.6,19,0.99,533,4,1.38,Recipe,at-risk
18801001,F002359,"Casserole, homemade, sausage",608,8.1,9.7,5.9,2.6,1.6,19,1.0,440,4,1.4,Recipe,at-risk
18719007,F010709,"Casserole, commercial, venison",581,12.3,7.4,5.4,1.6,1.0,12,2.1,240,3,1.86,Recipe,moderate
18719008,F002366,"Casserole, homemade, venison",582,12.3,7.4,5.4,1.6,1.0,12,2.11,148,3,1.87,Recipe,moderate
18720001,F002307,"Casserole, wild caught meat",884,15.3,12.7,8.6,1.9,1.1,16,1.61,50,4,1.59,Recipe,moderate
18702004,F003341,"Curry, commercial, beef, coconut based sauce",850,15.7,14.0,3.3,2.7,1.4,20,1.98,606,8,3.54,Recipe,at-risk
18702005,F010726,"Curry, commercial, beef, dairy based sauce",731,15.2,10.2,4.6,3.5,1.9,48,1.92,299,6,3.34,Recipe,moderate
18702006,F003342,"Curry, commercial, beef, tomato based sauce",694,15.7,9.2,4.3,3.1,1.7,24,2.0,328,6,3.54,Recipe,moderate
18701007,F003359,"Curry, homemade, beef, coconut based sauce",768,16.4,11.4,3.4,2.7,1.4,20,2.04,109,9,3.72,Recipe,moderate
18701006,F003363,"Curry, homemade, beef, curry powder base",611,18.3,5.8,4.1,2.1,1.9,19,1.95,37,5,4.15,Recipe,moderate
18701008,F010722,"Curry, homemade, beef, dairy based sauce",662,16.1,7.4,5.6,4.1,2.3,49,1.97,134,5,3.53,Recipe,balanced
18701009,F003361,"Curry, homemade, beef, tomato based sauce",642,16.8,6.6,5.6,3.8,2.3,26,2.1,143,5,3.78,Recipe,balanced
18704001,F010736,"Curry, commercial, rice with beef",754,13.0,4.7,20.3,2.5,1.4,17,1.28,174,1,2.88,Recipe,moderate
18703002,F010735,"Curry, homemade, rice with beef",756,13.1,4.8,20.4,2.6,1.4,16,1.29,19,1,2.89,Recipe,moderate
18719009,F010727,"Curry, commercial, goat",707,15.3,9.7,4.3,3.1,1.7,26,2.28,340,6,3.7,Recipe,moderate
18719010,F003389,"Curry, homemade, goat",616,15.5,6.7,5.2,3.6,2.1,27,2.25,146,5,3.72,Recipe,balanced
18719011,F010728,"Curry, commercial, kangaroo",671,13.5,9.4,4.6,3.3,1.7,24,2.34,325,6,1.65,Recipe,moderate
18719012,F010729,"Curry, homemade, kangaroo",618,14.6,6.8,5.8,4.1,2.3,27,2.46,140,5,1.78,Recipe,balanced
18708003,F010715,"Curry, commercial, lamb, coconut based sauce",906,15.6,15.5,3.3,2.7,1.4,20,2.38,611,8,1.47,Recipe,at-risk
18708004,F003347,"Curry, commercial, lamb, dairy based sauce",782,15.1,11.6,4.6,3.5,1.9,48,2.29,304,6,1.44,Recipe,moderate
18708005,F010720,"Curry, commercial, lamb, tomato based sauce",752,15.6,10.8,4.3,3.1,1.7,24,2.42,333,6,1.41,Recipe,moderate
18707004,F003392,"Curry, homemade, lamb, coconut based sauce",827,16.3,13.0,3.4,2.7,1.4,20,2.47,115,9,1.53,Recipe,moderate
18707005,F003393,"Curry, homemade, lamb, dairy based sauce",717,16.0,8.9,5.6,4.1,2.3,49,2.36,140,5,1.51,Recipe,balanced
18707006,F003395,"Curry, homemade, lamb, tomato based sauce",703,16.8,8.2,5.6,3.8,2.3,26,2.54,148,5,1.53,Recipe,balanced
18709001,F003391,"Curry, homemade, rice with lamb",799,13.0,5.9,20.4,2.6,1.4,17,1.59,23,1,1.33,Recipe,moderate
18714002,F003350,"Curry, commercial, pork",861,15.8,14.2,3.4,2.8,1.4,21,1.26,633,8,2.01,Recipe,at-risk
18713002,F003401,"Curry, homemade, pork",771,16.5,11.4,3.3,2.7,1.4,21,1.31,444,9,2.1,Recipe,at-risk
18802002,F010760,"Curry, commercial, sausage",822,8.9,15.0,5.9,2.3,2.0,22,1.1,619,4,1.58,Recipe,at-risk
18801002,F003408,"Curry, homemade, sausage",754,9.1,13.0,6.0,2.3,2.1,22,1.13,403,4,1.62,Recipe,at-risk
18705004,F005505,"Meatloaf, homemade, beef",860,23.0,9.2,6.8,3.3,1.6,30,1.77,125,2,2.35,Recipe,moderate
18720002,F005504,"Meatloaf, commercial, all meats",1064,25.6,13.1,7.4,2.6,2.2,62,2.64,453,2,2.64,Recipe,at-risk
18720003,F010992,"Mixed dish, Chinese-style, not further defined",714,14.4,7.8,9.9,3.6,1.6,21,1.03,338,12,1.77,Recipe,moderate
18707007,F002343,Moussaka,556,11.3,7.1,4.8,3.8,2.4,53,1.1,78,2,1.94,Recipe,balanced
18702007,F008844,"Stir-fry, commercial, beef",655,19.8,6.1,4.4,3.6,1.8,20,2.13,436,17,4.43,Recipe,at-risk
18702008,F008847,"Stir-fry, commercial, beef, satay sauce",690,18.3,7.7,4.7,3.5,1.9,20,1.96,242,15,4.07,Recipe,moderate
18704002,F008846,"Stir-fry, commercial, beef, with noodles",628,13.9,4.2,12.9,2.2,1.7,17,1.49,288,10,2.82,Recipe,moderate
18702009,F008848,"Stir-fry, commercial, beef, with nuts",754,19.8,8.6,4.8,3.7,2.1,24,2.16,414,16,4.36,Recipe,at-risk
18704003,F010739,"Stir-fry, commercial, beef, with rice",657,13.1,3.7,16.5,2.2,1.4,13,1.32,262,10,2.89,Recipe,moderate
18701010,F008874,"Stir-fry, homemade, beef",655,19.8,6.1,4.4,3.6,1.8,20,2.13,436,17,4.43,Recipe,at-risk
18701011,F008880,"Stir-fry, homemade, beef, satay sauce",688,18.2,7.5,5.1,3.7,1.9,20,2.0,260,15,4.08,Recipe,moderate
18703003,F008877,"Stir-fry, homemade, beef, with noodles",628,13.9,4.2,12.9,2.2,1.7,17,1.49,288,10,2.82,Recipe,moderate
18703004,F008879,"Stir-fry, homemade, beef, with rice",657,11.5,3.2,19.6,1.8,1.3,11,1.11,218,8,2.5,Recipe,moderate
18708006,F008859,"Stir-fry, commercial, lamb",727,19.7,8.1,4.4,3.6,1.8,21,2.66,443,17,1.77,Recipe,at-risk
18708007,F008861,"Stir-fry, commercial, lamb, satay sauce",755,18.2,9.5,4.7,3.5,1.9,20,2.42,248,15,1.67,Recipe,moderate
18707008,F008901,"Stir-fry, homemade, lamb",727,19.7,8.1,4.4,3.6,1.8,21,2.66,443,17,1.77,Recipe,at-risk
18707009,F010749,"Stir-fry, homemade, lamb, satay sauce",753,18.1,9.3,5.1,3.7,1.9,20,2.47,266,15,1.68,Recipe,moderate
18709002,F008902,"Stir-fry, homemade, lamb, with noodles",671,13.8,5.4,12.9,2.2,1.7,17,1.8,292,10,1.23,Recipe,moderate
18714003,F008864,"Stir-fry, commercial, pork",673,19.6,6.2,5.8,4.8,1.8,22,1.21,342,17,2.44,Recipe,moderate
18716001,F010738,"Stir-fry, commercial, pork, with noodles",639,13.7,4.2,13.7,2.9,1.7,18,0.93,232,10,1.63,Recipe,moderate
18714004,F008866,"Stir-fry, commercial, fried pork",613,17.2,5.5,6.3,5.2,1.6,18,0.99,110,15,2.15,Recipe,moderate
18713003,F008905,"Stir-fry, homemade, pork",673,19.6,6.2,5.8,4.8,1.8,22,1.21,342,17,2.44,Recipe,moderate
18715001,F008907,"Stir-fry, homemade, pork, with noodles",639,13.7,4.2,13.7,2.9,1.7,18,0.93,232,10,1.63,Recipe,moderate
18720004,F010788,"Stir-fry, commercial, mince",751,18.6,9.5,4.0,3.1,1.9,23,1.26,489,16,1.69,Recipe,at-risk
18720005,F010789,"Stir-fry, homemade, mince",751,18.6,9.5,4.0,3.1,1.9,23,1.26,489,16,1.69,Recipe,at-risk
18708008,F009085,Tandoori lamb,1115,22.8,19.2,0.0,0.0,2.1,17,1.6,130,8,3.4,Analysed,balanced
18704004,F004046,"Ready meal, beef & noodles or rice, energy controlled portion",375,7.8,1.5,10.5,1.5,1.1,17,0.79,219,5,1.53,Recipe,moderate
18704005,F010769,"Ready meal, curry, beef & rice, coconut milk sauce",578,9.0,4.4,14.8,1.3,1.4,8,1.09,217,3,1.82,Recipe,moderate
18704006,F010768,"Ready meal, curry, beef & rice, Indian style",556,8.5,4.2,14.6,1.2,1.1,18,1.27,191,2,1.9,Recipe,moderate
18702010,F004060,"Ready meal, roast beef & vegetables",390,7.1,2.8,8.7,1.7,2.1,11,0.88,229,8,1.52,Recipe,moderate
18702011,F004048,"Ready meal, roast beef & vegetables, energy controlled portion",385,10.0,3.0,5.6,2.0,1.2,19,0.99,216,7,2.18,Recipe,moderate
18708009,F010767,"Ready meal, roast lamb & vegetables",460,6.5,5.0,8.5,0.8,2.0,9,0.85,313,6,1.32,Recipe,moderate
18708010,F004055,"Ready meal, roast lamb & vegetables, energy controlled portion",353,5.5,2.6,8.6,1.2,1.8,19,0.71,187,9,1.03,Recipe,moderate
18716002,F004058,"Ready meal, pork & vegetables with rice",667,7.8,4.4,21.4,4.6,0.7,6,0.26,232,16,0.68,Recipe,moderate
18714005,F010754,"Ready meal, roast pork & vegetables",412,7.9,2.0,11.1,5.5,2.1,19,0.78,146,8,1.2,Recipe,balanced
18802003,F004062,"Ready meal, sausage & vegetables",765,6.7,13.5,8.2,2.4,1.6,26,0.67,424,1,1.12,Recipe,at-risk
18706004,F004064,"Ready meal, veal schnitzel with cheese & potato",694,7.8,8.0,14.9,3.2,1.5,79,0.58,350,2,1.18,Recipe,moderate
18902002,F010742,"Casserole, commercial, chicken, cream based sauce",659,13.4,8.8,5.8,3.1,1.1,45,0.48,203,3,0.84,Recipe,moderate
18902001,F002309,"Casserole, commercial, chicken, gravy sauce",638,12.7,8.4,6.1,1.6,1.1,14,0.5,213,3,0.77,Recipe,moderate
18902003,F010745,"Casserole, commercial, chicken, tomato based sauce",453,12.5,4.4,3.9,2.5,1.3,19,0.69,176,4,0.77,Recipe,moderate
18901001,F002330,"Casserole, homemade, chicken, cream based sauce",660,13.5,8.8,5.8,3.1,1.1,45,0.48,111,3,0.84,Recipe,moderate
18901002,F002332,"Casserole, homemade, chicken, fruit based sauce",599,13.0,6.4,7.6,5.4,1.5,20,0.59,189,6,0.81,Recipe,moderate
18901003,F002334,"Casserole, homemade, chicken, gravy based sauce",640,12.7,8.4,6.1,1.6,1.1,14,0.5,122,3,0.77,Recipe,moderate
18901004,F002336,"Casserole, homemade, chicken, tomato based sauce",454,12.5,4.4,3.9,2.5,1.3,19,0.69,86,4,0.77,Recipe,moderate
18903001,F002335,"Casserole, chicken, with rice or pasta",629,9.3,5.3,15.6,1.1,1.2,11,0.47,78,2,0.69,Recipe,moderate
18902004,F002570,"Chicken, battered, with honey & lemon sauce, commercial",832,16.4,10.8,9.0,5.2,0.3,6,0.24,418,2,0.42,Recipe,at-risk
18905004,F002704,"Chicken, kiev, homemade, cooked",1229,22.4,16.5,13.5,1.0,1.0,32,0.7,319,1,0.74,Recipe,moderate
18906009,F002706,"Chicken, kiev, purchased frozen, cooked",963,14.1,13.2,13.4,1.9,0.8,31,0.46,340,0,0.51,Recipe,moderate
18906008,F002607,"Chicken, schnitzel, breadcrumb coating, topped with tomato sauce & cheese (parmigiana)",917,20.2,9.2,13.0,2.3,1.1,77,0.69,252,0,0.85,Recipe,moderate
18902005,F003344,"Curry, commercial, chicken, coconut milk sauce",619,12.5,9.4,2.8,2.3,1.2,19,0.86,525,7,0.85,Recipe,at-risk
18902006,F003345,"Curry, commercial, chicken, dairy based sauce",577,11.4,8.3,3.9,3.0,1.3,41,0.74,262,5,0.75,Recipe,moderate
18902007,F010750,"Curry, commercial, chicken, tomato based sauce",452,12.1,4.7,3.6,2.6,1.4,22,0.83,287,5,0.77,Recipe,moderate
18901005,F003377,"Curry, homemade, chicken, coconut milk sauce",658,13.2,10.1,2.9,2.4,1.2,19,0.87,110,8,0.89,Recipe,moderate
18901006,F003379,"Curry, homemade, chicken, curry powder base",648,19.0,7.0,3.1,0.8,1.6,19,0.8,64,4,1.14,Recipe,moderate
18901007,F003371,"Curry, homemade, chicken, dairy based sauce",696,11.1,11.8,3.7,2.8,1.3,32,0.74,104,4,0.72,Recipe,moderate
18901008,F003373,"Curry, homemade, chicken, tomato based sauce",454,12.1,4.7,3.6,2.6,1.4,22,0.83,112,5,0.77,Recipe,moderate
18903002,F003365,"Curry, homemade, chicken & rice",750,12.2,5.0,20.4,2.6,1.4,18,0.54,32,1,0.96,Recipe,moderate
18903003,F010795,"Curry, chicken with rice or noodles",601,9.4,5.1,14.3,1.4,1.3,17,0.6,138,3,0.7,Recipe,moderate
18902008,F010774,"Curry, commercial, duck",587,13.0,8.3,2.8,2.3,1.2,17,2.2,516,7,0.86,Recipe,at-risk
18901009,F010775,"Curry, homemade, duck",624,13.8,9.0,2.9,2.4,1.2,17,2.31,100,8,0.9,Recipe,moderate
18905008,F005506,"Meatloaf, homemade, chicken",578,22.1,2.0,6.8,3.3,1.6,27,0.72,99,2,0.9,Recipe,moderate
18902009,F008850,"Stir-fry, commercial, chicken",646,17.9,6.6,4.9,4.1,1.7,22,0.81,462,15,1.12,Recipe,at-risk
18902011,F008853,"Stir-fry, commercial, chicken, satay sauce",892,15.9,13.9,5.5,4.6,2.2,24,0.75,119,15,1.13,Recipe,balanced
18902010,F008854,"Stir-fry, commercial, chicken, with nuts",745,18.0,9.0,5.2,4.2,2.0,25,0.9,439,15,1.22,Recipe,at-risk
18904002,F008856,"Stir-fry, commercial, chicken, with noodles",622,12.7,4.5,13.2,2.5,1.6,18,0.7,304,9,0.84,Recipe,moderate
18904003,F008857,"Stir-fry, commercial, chicken, with rice ",651,12.0,4.0,16.8,2.5,1.3,14,0.52,277,9,0.9,Recipe,moderate
18901010,F008884,"Stir-fry, homemade, chicken",655,17.8,6.6,5.3,4.4,1.8,22,0.86,369,16,1.12,Recipe,moderate
18901012,F008891,"Stir-fry, homemade, chicken, satay sauce",903,14.5,13.1,9.2,6.4,2.3,27,1.13,268,12,1.18,Recipe,moderate
18901011,F008892,"Stir-fry, homemade, chicken, with nuts",754,17.9,9.1,5.7,4.4,2.1,25,0.94,350,15,1.22,Recipe,moderate
18903004,F008889,"Stir-fry, homemade, chicken, with noodles",628,12.7,4.5,13.5,2.7,1.7,18,0.72,248,9,0.84,Recipe,moderate
18903005,F008890,"Stir-fry, homemade, chicken, with rice",657,11.9,4.1,17.1,2.7,1.4,14,0.55,221,9,0.91,Recipe,moderate
18902012,F010799,"Stir-fry, commercial, duck",596,18.4,5.0,4.9,4.1,1.7,20,2.78,462,15,1.12,Recipe,at-risk
18901013,F010798,"Stir-fry, homemade, duck",604,18.4,5.0,5.3,4.4,1.8,20,2.84,369,16,1.13,Recipe,moderate
18902013,F010796,"Stir-fry, commercial, turkey",736,18.6,8.7,4.9,4.1,1.7,23,0.8,566,15,1.28,Recipe,at-risk
18901014,F010797,"Stir-fry, homemade, turkey",746,18.6,8.8,5.3,4.4,1.8,23,0.84,473,16,1.28,Recipe,at-risk
18902014,F009083,"Tandoori chicken, commercial",740,28.1,7.0,0.0,0.0,0.4,25,0.8,115,0,1.6,Analysed,moderate
18901015,F009084,"Tandoori chicken, homemade",799,18.5,9.9,5.8,4.8,1.8,70,1.16,276,4,1.21,Recipe,moderate
18904004,F004052,"Ready meal, curry, chicken & rice, coconut milk sauce",598,6.4,3.6,20.4,0.9,0.9,8,0.37,187,2,0.64,Recipe,moderate
18904005,F004053,"Ready meal, curry, chicken & rice, energy controlled portion",471,6.3,2.3,15.9,1.2,1.0,25,0.42,164,1,0.67,Recipe,moderate
18904006,F004054,"Ready meal, curry, chicken & rice, Indian style",580,6.5,3.7,19.0,1.3,0.9,19,0.37,242,2,0.62,Recipe,moderate
18902015,F004061,"Ready meal, roast chicken & vegetables",381,10.2,1.8,7.4,1.9,2.0,11,0.45,246,4,0.4,Recipe,moderate
18902016,F004050,"Ready meal, roast chicken & vegetables, energy controlled portion",430,13.6,1.7,6.9,3.0,2.4,35,1.16,159,11,0.68,Recipe,balanced
19209001,F001978,Buttermilk,242,4.2,2.0,5.4,5.4,0.0,143,0.0,57,0,0.5,Analysed,moderate
19105001,F005581,"Milk, canned, evaporated",588,7.5,8.2,10.0,10.0,0.0,256,0.15,104,1,0.8,Analysed,moderate
19105002,F005580,"Milk, canned, evaporated, reduced fat (~2%)",380,7.8,2.1,10.6,10.6,0.0,266,0.3,104,0,0.9,Analysed,moderate
19105003,F005578,"Milk, canned, evaporated, skim (<0.5% fat)",317,7.8,0.4,10.6,10.6,0.0,247,0.2,91,2,0.9,Analysed,moderate
19105004,F005582,"Milk, canned, sweetened, condensed",1362,8.3,9.2,55.0,55.0,0.0,268,0.15,106,1,0.9,Analysed,at-risk
19105005,F005579,"Milk, canned, sweetened, condensed, skim (~0.2% fat)",1147,10.1,0.2,60.4,60.4,0.0,335,0.05,125,2,1.05,Analysed,at-risk
19101001,F009840,"Milk, cow, fluid, rich or creamy (~4.5% fat)",304,3.5,4.5,4.8,4.8,0.0,106,0.02,35,0,0.33,Label Data,moderate
19101002,F005634,"Milk, cow, fluid, regular fat (~3.5%)",270,3.3,3.4,5.4,5.4,0.0,106,0.02,35,0,0.33,Analysed,moderate
19101003,F005599,"Milk, cow, fluid, regular fat (~3.5%), lactose free",246,3.1,3.1,4.7,4.5,0.0,110,0.0,35,0,0.38,Analysed,moderate
19101004,F005631,"Milk, cow, fluid, regular fat (~3.5%), organic",290,3.6,4.1,4.7,4.7,0.0,123,0.02,58,0,0.33,Label Data,moderate
19101005,F005632,"Milk, cow, fluid, regular fat (~3.5%), raw",262,3.3,3.2,5.4,5.4,0.0,106,0.02,35,0,0.33,Imputed,moderate
19104001,F005629,"Milk, cow, fluid, regular fat (~3.5%), increased protein",283,6.0,3.4,3.3,3.3,0.0,172,0.02,27,0,0.33,Label Data,moderate
19102001,F005614,"Milk, cow, fluid, reduced fat (~1%)",181,3.3,1.2,4.8,4.8,0.0,115,0.01,36,0,0.37,Analysed,moderate
19102002,F005598,"Milk, cow, fluid, reduced fat (~1%), lactose free",179,3.3,1.1,4.9,4.7,0.1,122,0.0,42,0,0.38,Label Data,moderate
19102003,F005620,"Milk, cow, fluid, reduced fat (~1%), organic",181,3.3,1.2,4.8,4.8,0.0,115,0.01,36,0,0.37,Imputed,moderate
19104002,F005613,"Milk, cow, fluid, reduced fat (~1%), increased protein ",213,6.0,1.5,3.3,3.3,0.0,174,0.01,27,0,0.37,Label Data,moderate
19104003,F005618,"Milk, cow, fluid, reduced fat (~1%), added phytosterols",174,3.3,1.0,4.8,4.8,0.0,123,0.01,45,0,0.37,Label Data,moderate
19104004,F009841,"Milk, cow, fluid, reduced fat (~1%), added vitamins & minerals",224,3.8,1.7,5.9,5.9,0.0,143,0.5,50,3,0.37,Label Data,moderate
19103001,F005637,"Milk, cow, fluid, skim (~0.1% fat)",146,3.6,0.0,5.3,5.3,0.0,115,0.0,38,0,0.4,Analysed,moderate
19103002,F009843,"Milk, cow, fluid, skim (~0.1% fat), lactose free",141,3.4,0.1,5.0,5.0,0.0,120,0.0,45,0,0.4,Label Data,moderate
19104005,F009842,"Milk, cow, fluid, skim (~0.1% fat), added vitamins & minerals",169,4.1,0.1,6.0,6.0,0.0,175,0.0,54,0,0.4,Label Data,moderate
19108002,F005600,"Milk, cow, fluid, lactose free, not further defined",201,3.2,1.8,4.8,4.7,0.0,116,0.0,39,0,0.38,Recipe,moderate
19108003,F005640,"Milk, cow, fluid, unflavoured, not further defined",240,3.3,2.6,5.2,5.2,0.0,108,0.02,36,0,0.34,Recipe,moderate
19107001,F005646,"Milk, goat, fluid, regular fat",206,3.1,2.6,3.6,3.6,0.0,110,0.05,66,0,0.35,Analysed,moderate
19107002,F009845,"Milk, sheep, fluid, regular fat",411,5.5,6.5,4.8,4.8,0.0,183,0.0,39,0,0.61,Borrowed,moderate
19106001,F005650,"Milk, powder, cow, regular fat, unfortified",2048,25.3,25.2,43.0,43.0,0.0,850,0.0,310,41,2.3,Analysed,at-risk
19106002,F005649,"Milk, powder, cow, regular fat, added vitamins A & D",2128,25.3,27.3,43.0,43.0,0.0,850,0.0,310,41,2.3,Analysed,at-risk
19106003,F005648,"Milk, powder, cow, regular fat",2064,25.3,25.6,43.0,43.0,0.0,850,0.0,310,41,2.3,Recipe,at-risk
19106004,F005652,"Milk, powder, cow, skim",1519,34.9,0.8,56.0,56.0,0.0,1100,0.0,420,13,3.3,Analysed,at-risk
19107003,F005654,"Milk, powder, goat, regular fat",2048,27.3,27.1,36.5,36.5,0.0,976,0.58,295,0,3.03,Analysed,at-risk
19101006,F005602,"Milk, cow, fluid, made with regular fat dry powder & water, standard dilution",295,3.6,3.6,6.1,6.1,0.0,123,0.0,47,6,0.33,Recipe,moderate
19103003,F005605,"Milk, cow, fluid, made from skim dry powder & water, standard dilution",163,3.7,0.1,6.0,6.0,0.0,119,0.0,48,1,0.36,Recipe,moderate
11906001,F003624,"Drink, probiotic, added milk solids & sugar",317,1.4,0.0,18.2,18.2,0.0,45,0.0,19,0,0.14,Recipe,at-risk
11906002,F003625,"Drink, probiotic, added milk solids & sugar, intense sweetened",235,1.4,0.0,11.8,5.2,0.0,45,0.0,19,0,0.14,Recipe,moderate
19201001,F009655,"Yoghurt, natural, greek style (~10% fat)",550,4.6,9.8,5.5,5.1,0.1,151,0.0,64,0,0.57,Label Data,moderate
19201002,F009694,"Yoghurt, natural, regular fat (~4%)",306,5.1,3.2,5.0,4.9,0.1,175,0.0,58,0,0.57,Analysed,moderate
19201003,F009913,"Yoghurt, natural, regular fat (~4%), lactose free",351,4.9,3.5,7.3,7.0,0.1,164,0.0,49,0,0.57,Label Data,moderate
19201004,F009693,"Yoghurt, natural, regular fat (~4%), homemade",306,5.1,3.2,5.0,4.9,0.1,175,0.0,58,0,0.57,Imputed,moderate
19202001,F009690,"Yoghurt, natural, reduced fat (~2%)",295,5.4,1.5,7.8,5.6,0.1,176,0.0,60,0,0.57,Label Data,moderate
19202003,F009915,"Yoghurt, natural, reduced fat (~2%), lactose free",320,6.2,2.2,6.1,6.1,1.9,214,0.0,58,0,0.57,Label Data,moderate
19202002,F009914,"Yoghurt, natural, reduced fat (~2%), added fibre",362,6.0,1.9,9.6,7.4,1.8,200,0.0,89,0,0.57,Label Data,moderate
19202004,F009691,"Yoghurt, natural, reduced fat (~2%), homemade",295,5.4,1.5,7.8,5.6,0.1,176,0.0,60,0,0.57,Imputed,moderate
19202005,F009688,"Yoghurt, natural, low fat (<0.5%)",230,5.9,0.3,5.9,5.9,0.0,234,0.07,84,0,0.74,Analysed,moderate
19201005,F009918,"Yoghurt, natural, goat's milk",316,4.2,4.8,4.2,4.0,0.0,144,0.05,53,0,0.35,Label Data,moderate
19201006,F009919,"Yoghurt, natural, sheep's milk",393,5.9,6.5,2.2,2.2,0.0,190,0.0,49,0,0.55,Analysed,moderate
19203001,F009811,"Yoghurt, flavoured/added fruit, high fat (>5%)",483,4.4,4.9,12.9,12.5,0.6,150,0.0,47,0,0.44,Analysed,moderate
19203002,F009920,"Yoghurt, flavoured/added fruit, high fat (>5%), lactose free",381,4.2,5.1,6.2,4.3,0.6,160,0.0,45,0,0.44,Label Data,moderate
19203003,F009921,"Yoghurt, flavoured/added fruit, regular fat (4%)",464,4.9,3.7,13.9,12.8,0.6,180,0.0,52,0,0.44,Label Data,moderate
19203004,F009933,"Yoghurt, flavoured/added fruit, regular fat (4%), lactose free",492,5.4,4.8,12.5,10.3,0.6,181,0.0,55,0,0.44,Label Data,moderate
19208001,F009922,"Yoghurt, flavoured/added fruit, regular fat (4%), high protein",465,9.1,3.7,9.5,8.2,0.6,265,0.0,41,0,0.44,Label Data,moderate
19206001,F009924,"Yoghurt, flavoured/added fruit, regular fat (4%), no added sugar",339,4.9,3.7,6.1,5.4,0.6,153,0.0,71,0,0.44,Label Data,moderate
19208002,F009932,"Yoghurt, flavoured/added fruit, regular fat (4%), no added sugar, added fibre",371,4.9,4.1,6.6,5.8,1.8,153,0.0,72,0,0.44,Label Data,moderate
19203005,F009645,"Yoghurt, flavoured, regular fat (~4%), homemade",464,4.9,3.7,13.9,12.8,0.6,180,0.0,52,0,0.44,Imputed,moderate
19204001,F009810,"Yoghurt, flavoured/added fruit, reduced fat (2%)",341,4.6,1.3,12.2,11.3,0.3,160,0.0,60,0,0.44,Analysed,moderate
19204002,F009953,"Yoghurt, flavoured/added fruit, reduced fat (2%), lactose free",388,4.6,2.6,12.0,9.2,0.3,143,0.0,48,0,0.44,Label Data,moderate
19208004,F009954,"Yoghurt, flavoured/added fruit, reduced fat (2%), lactose free, added fibre",393,4.6,2.1,12.9,10.0,1.4,148,0.0,57,0,0.44,Label Data,moderate
19208003,F009961,"Yoghurt, flavoured/added fruit, reduced fat (2%), added Ca & Vitamin D",364,4.0,3.0,10.2,7.4,0.3,247,0.0,32,0,0.44,Label Data,moderate
19206002,F009951,"Yoghurt, flavoured/added fruit, reduced fat (2%), no added sugar",254,6.8,1.4,4.1,2.5,0.3,114,0.0,30,0,0.44,Label Data,moderate
19204004,F009963,"Yoghurt, flavoured/added fruit, reduced fat (2%), with hemp oil",323,7.7,1.0,8.8,7.9,0.4,146,0.0,32,0,0.39,Recipe,moderate
19204003,F009644,"Yoghurt, flavoured/added fruit, reduced fat (~2%), homemade",341,4.6,1.3,12.2,11.3,0.3,160,0.0,60,0,0.44,Imputed,moderate
19205001,F009957,"Yoghurt, flavoured/added fruit, low fat (<1%), high protein ",329,8.6,0.2,9.9,8.9,0.4,163,0.0,36,0,0.44,Label Data,moderate
19208005,F009958,"Yoghurt, flavoured/added fruit, low fat (<1%), no added sugar, added fibre",180,4.3,0.1,4.8,4.5,1.7,146,0.0,57,0,0.44,Label Data,moderate
19208006,F009809,"Yoghurt, flavoured/added fruit, low fat (<1%), no added sugar, high protein",227,9.6,0.3,2.3,1.6,0.4,110,0.0,35,0,0.44,Analysed,moderate
19207001,F009960,"Yoghurt, flavoured/added fruit, with muesli or nut additions",779,9.0,8.4,17.9,12.2,1.8,142,0.64,70,0,0.8,Recipe,moderate
19301001,F003263,"Cream, rich or double thick",1882,1.6,49.4,1.7,1.7,0.0,60,0.0,27,0,0.19,Borrowed,at-risk
19301002,F003270,"Cream, thickened",1422,2.0,36.5,2.4,2.4,0.0,60,0.0,27,0,0.19,Analysed,at-risk
19301003,F009861,"Cream, thickened, lactose free",1422,2.0,36.5,2.4,2.4,0.0,60,0.0,27,0,0.19,Imputed,at-risk
19302001,F003261,"Cream, thickened, light (~18% fat)",775,2.8,18.1,3.6,3.6,0.0,60,0.0,32,0,0.19,Label Data,moderate
19301004,F003273,"Cream, whipped, aerosol",1211,2.4,29.4,5.2,5.2,0.0,111,0.36,46,0,0.36,Analysed,at-risk
19302002,F009862,"Cream, whipped, aerosol, reduced fat (~18%)",862,2.6,17.1,11.6,11.6,0.0,111,0.36,50,0,0.36,Label Data,moderate
19301005,F009863,"Cream, whipped, aerosol, flavoured",1240,2.6,27.1,11.8,11.6,0.6,105,0.93,43,0,0.48,Recipe,at-risk
19305002,F003255,"Cream, imitation or mock (non-dairy)",1108,1.0,21.8,17.7,16.3,0.0,17,0.0,57,0,0.14,Analysed,at-risk
19306001,F009866,"Cream, dairy, sugar sweetened, whipped",1470,1.9,36.3,5.9,5.8,0.0,61,0.02,28,0,0.2,Recipe,at-risk
19306002,F003251,"Cream, dairy, not further defined",1465,2.0,37.6,2.6,2.6,0.0,64,0.02,28,0,0.2,Recipe,at-risk
19303001,F003269,"Cream, sour",1414,1.9,36.3,2.0,2.0,0.0,50,0.0,19,0,0.18,Analysed,at-risk
19304001,F003267,"Cream, sour, light (~18% fat)",868,3.6,19.7,4.5,4.5,0.0,80,0.0,19,0,0.18,Analysed,moderate
19304002,F009864,"Cream, sour, light (~18% fat), lactose free",868,3.6,19.7,4.5,4.5,0.0,80,0.0,19,0,0.18,Imputed,moderate
19303002,F003268,"Cream, sour, dairy, not further defined",1284,2.3,32.4,2.6,2.6,0.0,57,0.0,19,0,0.18,Recipe,at-risk
19406004,F002403,"Cheese spread, cream cheese",1214,9.0,27.0,3.9,3.8,0.0,800,0.12,1357,0,1.47,Label Data,at-risk
19407002,F002402,"Cheese spread, cream cheese, reduced fat",1079,13.2,19.5,8.3,8.1,0.0,800,0.12,1440,0,1.47,Label Data,at-risk
19401001,F002404,"Cheese, blended, regular fat",1337,23.6,24.7,0.1,0.0,0.0,725,0.08,601,0,3.25,Recipe,at-risk
19401002,F002405,"Cheese, blue vein",1552,19.1,32.9,0.3,0.3,0.0,430,0.16,780,0,2.63,Analysed,at-risk
19403001,F002406,"Cheese, bocconcini",1032,16.6,20.2,0.0,0.0,0.0,320,0.0,210,0,2.2,Analysed,at-risk
19405001,F002407,"Cheese, brie",1517,18.6,31.8,0.0,0.0,0.0,460,0.12,580,0,2.5,Analysed,at-risk
19405002,F002408,"Cheese, camembert",1374,18.6,27.9,0.0,0.0,0.0,490,0.0,570,0,2.7,Analysed,at-risk
19401003,F002414,"Cheese, cheddar, natural, plain",1686,24.6,33.4,0.3,0.3,0.0,760,0.12,686,1,3.47,Analysed,at-risk
19402001,F002413,"Cheese, cheddar, natural, reduced fat",1356,27.9,23.4,0.0,0.0,0.0,800,0.0,550,0,3.9,Analysed,at-risk
19401004,F002410,"Cheese, cheddar, natural, flavoured",1653,24.0,32.3,1.2,0.8,0.7,751,0.78,662,1,3.53,Recipe,at-risk
19406001,F002428,"Cheese, cheddar, processed",1254,18.2,23.9,1.9,1.5,0.0,588,0.21,1420,0,2.85,Analysed,at-risk
19407001,F010049,"Cheese, cheddar, processed, reduced fat",981,21.2,14.5,3.3,2.8,0.0,729,0.21,1210,0,2.85,Label Data,at-risk
19406002,F002417,"Cheese, cheddar, processed, babybel style",1341,23.0,24.0,1.9,1.5,0.0,700,0.21,710,0,2.85,Label Data,at-risk
19406003,F002429,"Cheese, cheddar, processed, stick style",1324,25.3,22.5,1.9,1.5,0.0,585,0.21,650,0,2.85,Label Data,at-risk
19401005,F002434,"Cheese, colby style",1629,24.0,32.3,0.1,0.1,0.0,655,0.3,595,0,2.6,Analysed,at-risk
19403002,F002435,"Cheese, cottage",556,17.0,5.7,1.8,1.8,0.0,89,0.05,277,0,0.24,Analysed,moderate
19403003,F010036,"Cheese, cottage, lactose free",482,11.9,5.0,4.3,4.3,0.0,127,0.05,394,0,0.24,Label Data,moderate
19404001,F002438,"Cheese, cottage, reduced fat",389,12.5,2.0,4.8,4.8,0.0,137,0.05,268,0,0.24,Label Data,moderate
19403007,F002436,"Cheese, cottage, flavoured",842,9.2,14.6,8.2,7.8,0.2,66,0.04,407,4,0.44,Recipe,at-risk
19403004,F002444,"Cheese, cream, plain",1420,8.5,34.2,0.2,0.2,0.0,69,0.0,320,0,0.6,Analysed,at-risk
19404003,F010048,"Cheese, cream, plain, lactose free",957,7.8,21.0,2.5,2.5,0.0,69,0.0,315,0,0.6,Imputed,at-risk
19404002,F002446,"Cheese, cream, plain, reduced fat",957,7.8,21.0,2.5,2.5,0.0,69,0.0,315,0,0.6,Label Data,at-risk
19403005,F002440,"Cheese, cream, fruit flavoured",1346,7.3,27.3,11.6,11.5,1.2,67,0.38,250,1,0.64,Recipe,at-risk
19403006,F002441,"Cheese, cream, herb or spice flavoured",1262,8.2,29.4,1.5,1.0,0.7,74,0.28,304,2,0.62,Recipe,at-risk
19401006,F002448,"Cheese, edam",1500,27.4,27.2,0.0,0.0,0.0,810,0.27,900,0,4.2,Analysed,at-risk
19401007,F002452,"Cheese, fetta (feta)",1073,16.6,20.6,0.4,0.4,0.0,315,0.32,1100,0,1.56,Analysed,at-risk
19401008,F010016,"Cheese, fetta (feta), lactose free",1091,17.0,21.0,0.2,0.2,0.0,315,0.32,1010,0,1.56,Label Data,at-risk
19402002,F002454,"Cheese, fetta (feta), reduced fat",945,20.4,15.4,0.4,0.4,0.0,517,0.32,1063,0,1.56,Label Data,at-risk
19401009,F010017,"Cheese, fetta (feta), marinated",1206,15.6,24.3,0.8,0.5,0.8,325,1.38,1024,1,1.54,Recipe,at-risk
19401010,F002463,"Cheese, goat, soft",1194,21.2,21.7,0.9,0.9,0.0,63,0.0,430,0,0.31,Analysed,at-risk
19401011,F002464,"Cheese, gouda",1607,26.4,30.6,0.0,0.0,0.0,810,0.24,701,0,4.0,Analysed,at-risk
19401012,F002466,"Cheese, haloumi (halloumi)",1277,20.5,24.6,1.0,1.0,0.0,700,0.12,1100,0,2.6,Analysed,at-risk
19401013,F010020,"Cheese, haloumi (halloumi), reduced salt",1281,19.0,25.3,1.3,1.1,0.0,700,0.12,825,0,2.6,Imputed,at-risk
19401014,F002467,"Cheese, havarti",1714,19.4,36.7,0.1,0.1,0.0,500,0.2,600,0,1.6,Analysed,at-risk
19401015,F010014,"Cheese, hard, lactose free",1685,24.9,33.3,0.3,0.3,0.0,734,0.12,638,1,3.47,Label Data,at-risk
19401016,F010929,"Cheese, hard, flavoured, lactose free",1594,22.5,29.6,4.7,3.4,1.9,689,1.48,563,5,3.2,Recipe,at-risk
19403008,F010045,"Cheese, mascarpone",1688,2.0,42.8,3.9,2.6,0.0,69,0.0,24,0,0.6,Label Data,at-risk
19401017,F002472,"Cheese, mozzarella",1212,22.2,22.1,0.0,0.0,0.0,685,0.06,522,0,3.12,Analysed,at-risk
19402003,F002475,"Cheese, mozzarella, reduced fat",1117,31.3,15.3,0.0,0.0,0.0,685,0.06,550,0,3.12,Label Data,at-risk
19401018,F002473,"Cheese, mozzarella, buffalo",1299,14.8,27.8,0.0,0.0,0.0,685,0.06,298,0,3.12,Label Data,at-risk
19401025,F010974,"Cheese, mozzarella, coated, fried",1379,19.9,18.4,19.9,2.9,1.2,484,0.83,702,0,2.51,Recipe,at-risk
19401019,F002478,"Cheese, parmesan, dried, finely grated",1949,40.6,33.3,0.0,0.0,0.0,970,0.46,1300,0,6.5,Analysed,at-risk
19401020,F002479,"Cheese, parmesan, fresh",1565,32.0,27.0,0.0,0.0,0.0,948,0.17,1000,0,3.7,Analysed,at-risk
19401021,F002485,"Cheese, provolone style",1549,27.8,28.4,0.1,0.1,0.0,750,0.3,1000,0,3.9,Analysed,at-risk
19404005,F002486,"Cheese, quark",343,13.6,1.1,2.9,2.9,0.0,94,0.1,160,0,0.5,Analysed,moderate
19403009,F002488,"Cheese, ricotta",636,10.4,11.0,2.7,2.7,0.0,170,0.0,170,0,0.73,Analysed,moderate
19404004,F002490,"Cheese, ricotta, reduced fat",409,8.5,5.5,3.3,3.3,0.0,170,0.0,165,0,0.73,Label Data,moderate
19401022,F002492,"Cheese, smoked, regular fat",1644,26.2,31.6,0.3,0.3,0.0,760,0.12,692,1,3.47,Label Data,at-risk
19405004,F002493,"Cheese, soft, white mould coated, not further defined",1496,19.3,30.9,0.1,0.1,0.0,463,0.17,685,0,2.6,Analysed,at-risk
19405003,F010046,"Cheese, soft, lactose free",1223,16.5,24.3,1.1,1.1,0.0,521,0.0,604,0,2.7,Label Data,at-risk
19401023,F010026,"Cheese, sheep",1228,17.0,24.5,1.0,1.0,0.0,63,0.0,1400,0,0.31,Label Data,at-risk
19401024,F002496,"Cheese, swiss or jarlsberg",1615,28.2,30.0,0.1,0.1,0.0,885,0.2,425,1,4.25,Analysed,at-risk
19402004,F002497,"Cheese, swiss or jarlsberg, reduced fat",1153,30.8,16.3,0.1,0.1,0.0,933,0.2,453,1,4.25,Label Data,at-risk
19408001,F002455,"Cheese, for use in garden salads",1514,24.1,29.1,0.3,0.3,0.0,671,0.17,703,0,2.94,Recipe,at-risk
19408002,F002459,"Cheese, for use on sandwiches",1561,22.1,31.2,0.6,0.6,0.0,684,0.16,732,0,2.92,Recipe,at-risk
27303001,F004197,"Gelato or sorbet, water-based, fruit flavoured",451,0.3,0.1,27.6,25.4,0.0,3,0.21,5,2,0.03,Label Data,at-risk
19506001,F004198,"Gelato or sorbet, milk based, chocolate or coffee flavoured",717,4.8,7.1,23.1,21.3,0.2,88,0.08,55,0,0.34,Label Data,at-risk
19506002,F004199,"Gelato or sorbet, milk based, non-chocolate or coffee flavours",719,4.2,7.5,22.9,21.0,0.2,88,0.08,54,0,0.34,Label Data,at-risk
19501001,F010077,"Ice cream, chocolate, premium or rich (~15% fat)",966,3.7,14.4,23.1,22.5,0.0,110,0.0,68,0,0.33,Label Data,at-risk
19501002,F010078,"Ice cream, chocolate, premium or rich (~15% fat), with sweet additions",1052,3.9,15.0,26.8,25.2,0.2,110,0.1,77,0,0.36,Recipe,at-risk
19501007,F004507,"Ice cream, vanilla flavour, premium or rich (~15% fat)",916,3.2,13.5,22.5,19.7,0.0,110,0.0,37,0,0.33,Analysed,at-risk
19501008,F010076,"Ice cream, vanilla flavour, premium or rich (~15% fat), with sweet additions",1021,3.4,14.1,27.4,23.1,0.2,107,0.15,53,0,0.36,Recipe,at-risk
19501003,F004444,"Ice cream, chocolate or coffee flavour",725,3.5,6.6,25.9,19.3,0.0,93,0.1,62,0,0.23,Label Data,at-risk
19502001,F004443,"Ice cream, chocolate or coffee flavour, low fat (~3%)",643,3.5,2.8,29.3,20.7,0.0,93,0.1,78,0,0.23,Label Data,at-risk
19506003,F004445,"Ice cream, fried",815,3.6,10.9,21.3,13.8,0.2,71,0.17,119,0,0.24,Recipe,moderate
19501004,F010074,"Ice cream, fruit flavour",892,3.2,11.2,26.1,23.4,0.0,93,0.1,42,0,0.23,Label Data,at-risk
19502002,F010081,"Ice cream, fruit flavour, low fat (~3%)",643,3.1,2.6,30.3,23.0,0.0,93,0.1,95,0,0.23,Label Data,at-risk
19501005,F004450,"Ice cream, neapolitan",808,3.5,9.6,24.2,20.4,0.0,93,0.1,50,0,0.23,Recipe,at-risk
19501006,F010075,"Ice cream, other flavours",829,3.2,9.5,26.0,20.9,0.0,93,0.1,48,0,0.23,Label Data,at-risk
19502003,F010086,"Ice cream, other flavours, low fat (~3%)",643,3.5,2.8,29.3,20.7,0.0,93,0.1,78,0,0.23,Imputed,at-risk
19501009,F004508,"Ice cream, vanilla flavour",806,3.7,11.1,20.5,18.4,0.0,93,0.1,48,0,0.23,Analysed,at-risk
19502004,F004505,"Ice cream, vanilla flavour, low fat (~3%)",647,3.2,2.7,30.1,21.1,0.0,93,0.1,52,0,0.23,Label Data,at-risk
19501011,F010080,"Ice cream, with chocolate chips",861,3.8,11.9,21.9,19.8,0.1,99,0.15,49,0,0.27,Recipe,at-risk
19501012,F004512,"Ice cream, with nuts",884,4.1,13.2,20.0,17.9,0.3,92,0.18,46,0,0.32,Recipe,at-risk
19501013,F010079,"Ice cream, with sweet additions",949,3.9,12.4,26.3,22.4,0.3,96,0.26,65,0,0.3,Recipe,at-risk
19503009,F004519,"Ice cream, with fruit based ice confection",683,2.2,7.1,23.9,22.6,0.0,29,0.0,30,0,0.15,Analysed,at-risk
19501014,F004430,"Ice cream, all flavours, homemade",1157,3.8,20.0,21.8,21.8,0.2,88,0.44,33,0,0.48,Recipe,at-risk
19501015,F010964,"Ice cream, all flavours, lactose free",863,2.5,10.9,25.7,20.1,0.0,93,0.1,90,0,0.23,Label Data,at-risk
19502005,F010082,"Ice cream, all flavours, no added sugar",512,4.7,2.8,8.1,7.6,0.2,93,0.1,50,0,0.23,Label Data,moderate
19501016,F004423,"Ice cream, cake, not further defined",843,3.3,9.2,27.6,24.0,0.0,89,0.09,48,0,0.22,Recipe,at-risk
19503008,F010089,"Ice cream, cone, with confectionery, chocolate coated",1223,3.8,14.5,37.5,26.2,1.4,81,0.13,80,0,0.52,Label Data,at-risk
19506005,F004424,"Ice cream, cone, soft serve, fast food style",702,4.3,5.0,27.1,20.3,0.2,88,0.24,62,0,0.25,Recipe,at-risk
19503001,F004474,"Ice cream, sandwich, vanilla flavour, with chocolate flavour biscuit",1170,4.4,8.5,47.0,25.1,0.8,72,0.76,154,0,0.36,Recipe,at-risk
19503002,F004473,"Ice cream, sandwich, vanilla flavour, with chocolate flavour biscuit & chocolate coated",1322,5.0,15.6,39.8,27.2,0.8,102,0.74,121,1,0.47,Recipe,at-risk
19504001,F010090,"Ice cream, sandwich, vanilla flavour, with chocolate flavour biscuit, reduced fat",778,3.5,4.1,34.3,22.1,0.2,88,0.26,78,0,0.26,Recipe,at-risk
19501010,F004509,"Ice cream, vanilla flavour, soft serve, fast food chain",628,3.9,5.1,23.1,21.6,0.0,93,0.1,42,0,0.23,Label Data,at-risk
19506004,F004479,"Ice cream, soft serve, vanilla, with chocolate cream filled biscuit, fast food chain",760,4.0,6.7,27.1,22.8,0.3,87,0.22,71,0,0.26,Recipe,at-risk
19503003,F010088,"Ice cream, stick, chocolate coated",1200,3.2,18.1,29.5,25.6,0.0,114,0.49,55,0,0.66,Analysed,at-risk
19503004,F004488,"Ice cream, stick, chocolate coated with nuts",1326,4.9,21.5,27.1,23.5,1.1,129,0.82,50,0,0.95,Recipe,at-risk
19503005,F004484,"Ice cream, stick, flavoured, chocolate & biscuit crumb coated",1228,4.0,19.0,28.0,19.0,0.0,118,0.48,65,0,0.56,Analysed,at-risk
19503006,F004489,"Ice cream, stick, vanilla flavour, fruit ice confection coated",605,2.0,5.8,22.1,21.0,0.0,50,0.14,28,1,0.13,Recipe,at-risk
19503007,F004490,"Ice cream, stick, vanilla flavour, with caramel sauce, chocolate coated",1394,3.5,22.2,31.8,27.9,0.0,114,0.49,125,0,0.66,Label Data,at-risk
19503010,F010091,"Ice confection, chocolate bar flavours",1275,4.4,16.5,36.8,30.2,0.8,113,0.26,84,0,0.55,Recipe,at-risk
19504002,F004416,"Ice confection, stick, milk based, chocolate flavoured",495,2.1,2.9,21.6,16.8,0.2,88,0.08,85,0,0.34,Analysed,at-risk
19504003,F004417,"Ice confection, stick, milk based, non-chocolate flavours",519,1.9,2.8,23.5,18.2,0.2,88,0.08,82,0,0.34,Analysed,at-risk
27303002,F004421,"Ice confection, stick, water-based, all flavours",280,0.2,0.0,17.1,17.1,0.0,2,0.07,6,0,0.01,Analysed,at-risk
27303003,F004415,"Ice confection, stick or tub, fruit flavoured",306,0.2,0.1,18.7,18.7,0.0,3,0.21,6,2,0.03,Analysed,at-risk
19503011,F010791,"Mochi, ice cream filled, all flavours",989,1.4,7.0,43.9,23.8,0.1,4,0.37,24,0,0.26,Recipe,at-risk
19506006,F010093,"Sundae, ice cream with topping, fast food chain",676,3.1,3.9,29.7,28.0,0.1,72,0.12,48,0,0.22,Recipe,at-risk
19506007,F010094,"Sundae, vanilla ice cream, with topping",810,3.4,10.0,23.6,21.5,0.0,84,0.1,48,0,0.22,Recipe,at-risk
19505001,F009647,"Yoghurt, frozen, fruit flavoured",477,3.9,2.8,19.1,17.3,0.0,160,0.63,48,0,0.59,Label Data,at-risk
19505002,F010087,"Yoghurt, frozen, protein increased, no added sugar",513,11.7,3.2,6.2,5.5,0.0,160,0.63,51,0,0.59,Label Data,moderate
19601001,F003435,"Custard, dairy, chocolate, commercial",385,2.6,2.7,14.2,11.7,1.2,115,0.02,49,0,0.36,Analysed,moderate
19601003,F003442,"Custard, dairy, vanilla, commercial",411,3.2,3.0,14.6,12.3,1.2,115,0.02,54,0,0.36,Analysed,moderate
19601004,F003433,"Custard, dairy, vanilla, reduced fat, commercial",324,4.3,1.0,12.6,10.3,1.2,149,0.02,79,0,0.36,Analysed,moderate
19601005,F009876,"Custard, dairy, vanilla, lactose free, commercial",411,3.2,3.0,14.6,12.3,1.2,115,0.02,54,0,0.36,Analysed,moderate
19601002,F009874,"Custard, dairy, fruit flavoured, commercial",374,2.0,2.4,14.9,11.4,1.2,115,0.02,33,0,0.36,Label Data,moderate
19601007,F003440,"Custard, egg, vanilla, homemade",730,4.0,4.9,29.6,24.1,0.0,84,0.5,31,0,0.51,Recipe,at-risk
12103001,F003426,"Custard powder, dry mix, commercial",1437,0.5,0.4,83.2,4.5,0.5,8,0.7,582,0,0.05,Recipe,at-risk
19601006,F003441,"Custard, dairy, vanilla, made from dry mix",429,3.6,3.7,14.0,9.9,0.0,115,0.06,69,0,0.36,Recipe,moderate
19601008,F003428,"Custard pudding, creme caramel or brulee, vanilla, commercial",764,3.5,8.4,24.3,18.9,0.0,120,0.05,50,0,0.39,Label Data,at-risk
19601009,F003427,"Custard pudding, crÃ¨me caramel or brulee, flavoured, homemade",1746,3.9,35.6,22.5,22.5,0.0,66,0.56,32,0,0.51,Recipe,at-risk
19701001,F003488,"Dairy dessert, children's, chocolate, commercial",473,2.6,4.5,14.6,11.6,1.4,120,0.53,34,0,0.48,Analysed,moderate
19701002,F003486,"Dairy dessert, children's, non-chocolate flavours, commercial",418,2.4,4.1,13.9,11.3,0.0,76,0.02,26,0,0.24,Recipe,moderate
19701003,F010379,"Dairy dessert, chocolate, commercial",821,4.8,11.5,19.3,19.1,0.5,147,0.43,51,3,0.54,Recipe,at-risk
19701004,F010378,"Dairy dessert, non-chocolate flavours, commercial",790,5.1,7.3,27.3,25.1,0.0,130,0.06,55,1,0.39,Recipe,at-risk
19701005,F003485,"Dairy dessert, chocolate, added vitamins B2, B3, B6, B12, C & D, Ca & Fe, commercial",462,4.2,4.0,14.6,12.8,0.7,195,2.88,41,4,0.48,Recipe,moderate
19408003,F010102,"Fondue, cheese",1145,18.8,19.6,2.6,0.2,0.1,580,0.21,278,1,2.82,Recipe,moderate
19701007,F004045,"Fromais frais (fromage frais), vanilla flavoured",396,4.4,2.6,12.8,11.4,0.3,183,0.0,42,0,0.44,Label Data,moderate
19701006,F004044,"Fromais frais (fromage frais), fruit flavoured",357,3.9,2.5,11.1,9.5,0.3,195,0.0,45,0,0.44,Label Data,moderate
17202002,F005831,"Mousse, chocolate, homemade",1476,5.4,27.9,21.6,18.4,0.4,52,1.85,86,0,0.99,Recipe,at-risk
17202003,F009893,"Mousse, strawberry, homemade",905,2.5,16.4,15.4,15.3,0.7,35,0.17,27,24,0.14,Recipe,at-risk
19701008,F006312,"Panna cotta, dairy, vanilla, homemade",793,3.9,12.2,16.7,16.6,0.0,102,0.04,39,0,0.32,Recipe,at-risk
19701009,F010928,"Pudding, chia",218,2.4,2.8,3.1,2.5,3.0,63,1.11,10,0,0.49,Recipe,balanced
19701011,F010380,"Pudding, rice, dairy, commercial",691,3.8,5.6,25.2,13.6,0.1,88,0.04,30,0,0.46,Recipe,moderate
19701012,F010383,"Pudding, rice, dairy, homemade",560,3.9,2.4,24.3,14.0,0.1,95,0.04,31,0,0.47,Recipe,moderate
19701010,F007515,"Pudding, rice, coconut cream, homemade",735,2.1,7.8,24.5,8.2,0.2,2,0.21,6,0,0.35,Recipe,moderate
19702006,F009257,"Trifle, homemade",639,2.2,9.1,14.8,12.2,0.7,40,0.17,83,4,0.18,Recipe,moderate
19702007,F009165,"Tiramisu, coffee, homemade",1064,4.7,18.5,16.2,10.0,0.4,45,0.61,108,0,0.47,Recipe,moderate
19803002,F003620,"Eggnog (egg nog), made from cow's milk, egg & sugar",843,4.1,13.8,8.4,8.4,0.0,61,0.4,49,0,0.39,Recipe,moderate
19108001,F000164,"Babyccino, from cow's milk",255,3.4,2.6,6.1,6.1,0.0,108,0.04,37,0,0.37,Recipe,moderate
20204001,F009984,"Babyccino, from dairy milk alternative",183,1.6,1.4,6.0,3.0,0.5,40,0.17,46,0,0.12,Recipe,moderate
19801001,F010107,"Flavoured milk, cow's, regular fat",342,3.2,3.5,9.7,9.5,0.0,107,0.02,44,0,0.33,Label Data,moderate
19801002,F010109,"Flavoured milk, cow's, regular fat, lactose free",291,3.0,3.0,7.9,7.7,0.0,98,0.0,40,0,0.38,Label Data,moderate
19801003,F010110,"Flavoured milk, cow's, regular fat, no added sugar",261,3.3,3.3,5.0,4.5,0.0,113,0.02,51,0,0.33,Label Data,moderate
19802002,F010111,"Flavoured milk, cow's, reduced fat",264,3.3,1.9,8.6,8.6,0.0,112,0.22,46,0,0.39,Analysed,moderate
19802003,F010112,"Flavoured milk, cow's, reduced fat, lactose free",264,3.3,1.9,8.6,8.6,0.0,112,0.22,46,0,0.39,Imputed,moderate
19802005,F010115,"Flavoured milk, cow's, reduced fat, added vitamins",234,3.4,1.3,8.0,7.9,0.0,111,0.22,42,0,0.39,Label Data,moderate
19802006,F010116,"Flavoured milk, cow's, reduced fat, added vitamins & minerals",383,4.8,1.2,15.7,9.5,0.0,152,1.1,76,5,1.1,Label Data,moderate
19802004,F010113,"Flavoured milk, cow's, reduced fat, no added sugar",229,5.1,1.6,5.2,5.0,0.0,160,0.22,57,0,0.39,Label Data,moderate
19803003,F004520,"Iced chocolate, made with cow's milk",508,3.0,6.4,13.6,13.0,0.0,93,0.09,43,0,0.3,Recipe,moderate
19802007,F010119,"Iced coffee, commercially packaged",292,3.3,2.4,9.2,8.9,0.0,114,0.22,39,0,0.39,Label Data,moderate
19803004,F010120,"Iced coffee, made with cow's milk",85,1.4,0.9,1.6,1.6,0.0,37,0.01,13,0,0.12,Recipe,moderate
19803005,F010121,"Milkshake, made with regular fat cow's milk",389,2.9,3.4,13.1,12.7,0.0,90,0.04,38,0,0.29,Recipe,moderate
19803006,F010122,"Milkshake, made with reduced fat cow's milk",319,2.9,1.7,12.7,12.2,0.0,98,0.03,39,0,0.32,Recipe,moderate
19804001,F008319,"Smoothie, made with cow's milk & added fruit",298,2.4,1.8,10.8,9.7,1.0,71,0.14,23,12,0.27,Recipe,moderate
19804002,F008321,"Smoothie, made with cow's milk & added fruit & nuts or seeds",738,6.2,11.8,10.5,8.6,2.6,86,0.96,20,9,1.04,Recipe,moderate
11301029,F008324,"Smoothie, made with fruit juice & added fruit",207,0.5,0.1,11.1,9.9,0.7,7,0.13,4,30,0.05,Recipe,moderate
11301030,F008325,"Smoothie, made with fruit juice & added fruit & nuts or seeds",606,4.4,9.0,10.4,8.6,2.5,29,1.16,5,24,0.96,Recipe,moderate
20205004,F008336,"Smoothie, made with dairy milk alternative & added fruit",299,1.2,2.2,10.9,8.0,1.3,22,0.24,22,12,0.14,Recipe,moderate
11603004,F008747,"Spider, with cola & ice cream",326,0.7,2.4,13.9,13.5,0.0,19,0.02,11,0,0.05,Recipe,moderate
19803007,F010123,"Thickshake, made with cow's milk, all flavours",436,3.0,4.1,14.2,13.5,0.0,92,0.04,40,0,0.29,Recipe,moderate
19803008,F010124,"Thickshake, made with cow's milk, all flavours, fast food chain",451,3.3,2.8,17.9,17.0,0.0,93,0.07,42,0,0.29,Recipe,at-risk
20105003,F009969,"Almond beverage, unfortified",100,0.5,1.4,2.1,1.6,0.6,4,0.0,49,0,0.06,Recipe,moderate
20106001,F009970,"Almond beverage, added Ca",94,0.5,1.4,1.7,1.3,0.6,67,0.0,43,0,0.05,Recipe,moderate
20106002,F009828,"Almond beverage, added Ca & vitamin B1, B2 & B12",115,0.5,1.4,3.0,2.2,0.6,120,0.0,33,0,0.07,Analysed,moderate
20105002,F009825,"Almond beverage, added sugar, unfortified",115,0.5,1.4,3.0,2.2,0.6,3,0.0,53,0,0.05,Analysed,moderate
20106003,F009827,"Almond beverage, added sugar & Ca",115,0.5,1.4,3.0,2.2,0.6,68,0.0,43,0,0.04,Analysed,moderate
20105001,F009824,"Almond beverage, no added sugar, unfortified",65,0.5,1.4,0.0,0.0,0.5,7,0.0,40,0,0.08,Analysed,moderate
20106004,F009826,"Almond beverage, no added sugar, added Ca",65,0.5,1.4,0.0,0.0,0.5,66,0.0,43,0,0.06,Analysed,moderate
20105004,F009971,"Almond beverage, not further defined",102,0.5,1.4,2.2,1.6,0.6,33,0.0,46,0,0.06,Recipe,moderate
20105005,F009974,Cashew beverage,152,1.0,3.0,1.4,0.3,0.4,4,0.3,118,0,0.33,Recipe,moderate
20105006,F009812,"Coconut beverage, unfortified",106,0.2,1.7,2.4,1.0,0.0,1,0.0,47,0,0.03,Analysed,moderate
20106005,F009813,"Coconut beverage, added Ca",106,0.2,1.7,2.4,1.0,0.0,90,0.0,17,0,0.03,Analysed,moderate
20105007,F009972,"Coconut beverage, not further defined",106,0.2,1.7,2.4,1.0,0.0,20,0.0,41,0,0.03,Recipe,moderate
20105008,F009973,Hazelnut beverage,128,0.6,2.5,1.3,0.2,0.5,5,0.14,118,0,0.09,Recipe,moderate
20105009,F009975,Macadamia beverage,109,0.5,1.9,1.8,1.8,0.2,3,0.05,41,0,0.03,Recipe,moderate
20105010,F010150,"Nut beverage, not further defined",103,0.5,1.5,2.2,1.6,0.5,28,0.0,44,0,0.05,Recipe,moderate
20103001,F006132,"Oat beverage, unfortified",224,1.3,0.8,10.2,3.1,0.3,18,0.0,38,0,0.08,Analysed,moderate
20104001,F006131,"Oat beverage, added Ca",224,1.3,0.8,10.2,3.1,0.3,110,0.0,38,0,0.08,Analysed,moderate
20103002,F009979,"Oat beverage, not further defined",224,1.3,0.8,10.2,3.1,0.3,46,0.0,38,0,0.08,Recipe,moderate
20103003,F009976,Quinoa beverage,170,0.2,2.8,3.6,2.6,0.2,2,0.08,194,0,0.07,Recipe,moderate
20103004,F009980,"Rice beverage, unfortified",197,0.6,1.0,9.0,3.1,0.0,2,0.2,65,0,0.07,Label Data,moderate
20104002,F007632,"Rice beverage, added Ca",255,0.3,1.0,12.7,3.7,0.0,70,0.2,62,0,0.07,Analysed,moderate
20103005,F009981,"Rice beverage, not further defined",225,0.4,1.0,10.8,3.4,0.0,34,0.2,64,0,0.07,Recipe,moderate
20103006,F010151,"Cereal beverage, not further defined",224,1.1,0.8,10.3,3.2,0.2,44,0.04,43,0,0.07,Recipe,moderate
20108001,F009978,"Pea protein beverage, added vitamins & minerals",147,3.1,1.9,1.3,0.0,0.0,114,0.47,68,0,0.15,Label Data,moderate
20107001,F009982,Seed beverage,148,1.5,3.1,0.3,0.1,0.4,6,0.49,80,0,0.42,Recipe,moderate
20101001,F008721,"Soy beverage, regular fat (~3%), unfortified",246,3.7,2.7,4.6,2.6,0.6,13,0.47,44,0,0.15,Analysed,moderate
20102001,F008719,"Soy beverage, regular fat (~3%), added Ca",246,3.7,2.7,4.6,2.6,0.6,115,0.47,44,0,0.15,Analysed,moderate
20102002,F009968,"Soy beverage, regular fat (~3%), added vitamins & minerals",278,3.2,3.0,6.4,2.4,0.5,140,0.47,55,0,0.15,Label Data,moderate
20101002,F008717,"Soy beverage, regular fat (~3%), not further defined",248,3.7,2.7,4.8,2.6,0.6,51,0.47,45,0,0.15,Recipe,moderate
20101003,F008688,"Soy beverage, reduced fat (~1% fat), unfortified",186,3.0,0.9,5.7,1.7,0.6,13,0.47,44,0,0.15,Imputed,moderate
20102003,F008691,"Soy beverage, reduced fat (~1.5% fat), added Ca",182,3.0,1.8,3.7,1.6,0.2,120,0.47,80,0,0.15,Label Data,moderate
20102004,F008704,"Soy beverage, reduced fat (~1%), added vitamins & minerals",187,3.0,0.9,5.7,1.7,0.6,115,0.46,45,0,0.14,Analysed,moderate
20101004,F008705,"Soy beverage, reduced fat (~1%), not further defined",186,3.0,1.0,5.4,1.7,0.5,51,0.47,49,0,0.15,Recipe,moderate
20107002,F009983,"Dairy milk alternative, unflavoured, not further defined",167,1.5,1.4,5.1,2.1,0.4,40,0.15,45,0,0.09,Recipe,moderate
20101005,F010987,"Soy beverage, powder",1791,46.7,19.3,8.7,3.4,17.3,285,8.2,331,0,4.1,Label Data,moderate
20501001,F009895,"Yoghurt, almond, natural",383,2.4,5.3,7.5,4.5,1.8,34,0.39,7,0,0.28,Label Data,moderate
20502001,F009797,"Yoghurt, almond, flavoured/added fruit",384,2.6,4.5,9.2,5.5,1.8,34,0.39,5,0,0.28,Analysed,moderate
20501002,F009898,"Yoghurt, cashew, flavoured",451,2.0,5.9,10.6,4.5,1.8,34,0.39,5,0,0.28,Label Data,moderate
20501003,F009892,"Yoghurt, coconut, natural",589,1.1,11.8,7.0,2.3,1.3,3,0.27,14,0,0.15,Label Data,moderate
20502002,F009798,"Yoghurt, coconut, flavoured/added fruit",519,1.1,9.0,9.2,4.7,1.3,3,0.27,18,0,0.15,Analysed,moderate
20502003,F009894,"Yoghurt, coconut, flavoured/added fruit, with additions",645,2.1,9.9,13.5,5.9,1.9,10,0.55,23,0,0.32,Recipe,moderate
20502004,F009896,"Yoghurt, coconut, flavoured/added fruit, intense sweetened",596,1.5,12.3,5.9,1.3,1.3,3,0.27,13,0,0.15,Label Data,moderate
20501004,F009891,"Yoghurt, oat based",345,3.0,3.0,10.6,4.4,0.6,13,0.07,31,0,0.09,Recipe,moderate
20501005,F009879,"Yoghurt, soy based, natural",301,5.0,4.2,3.8,3.8,0.0,105,0.59,7,0,0.15,Borrowed,moderate
20502005,F009890,"Yoghurt, soy based, flavoured/added fruit",389,4.1,3.4,11.3,9.9,0.2,120,0.59,11,0,0.15,Label Data,moderate
19305001,F010411,"Cream, dairy alternative",1191,0.6,30.1,4.0,0.9,0.0,2,0.51,48,0,0.26,Label Data,at-risk
19305003,F009865,"Cream, sour, dairy alternative",1010,0.6,24.6,5.3,0.6,0.0,2,0.51,51,0,0.26,Label Data,at-risk
20301001,F010574,"Cheese, hard, dairy alternative",1230,0.9,23.3,19.1,0.0,2.6,130,0.29,800,16,0.1,Analysed,at-risk
20301002,F010576,"Cheese, soft, dairy alternative",1186,0.0,23.9,17.0,0.0,1.4,5,0.07,759,0,0.03,Recipe,at-risk
20401001,F010409,"Ice confection, oat based, all flavours",742,1.2,9.4,20.0,15.2,6.2,18,0.0,77,0,0.08,Label Data,at-risk
20401002,F010406,"Ice confection, nut based, all flavours",931,2.3,12.4,25.5,18.9,1.4,34,0.39,108,0,0.28,Label Data,at-risk
20401003,F010404,"Ice confection, soy based, all flavours",618,3.2,3.0,27.2,16.7,0.8,13,0.59,58,0,0.15,Label Data,at-risk
20401004,F010410,"Ice confection, stick or cone, dairy alternative, all flavours",1367,3.3,18.8,36.9,25.6,1.4,34,1.43,78,0,0.71,Recipe,at-risk
20203001,F010051,"Almond beverage, flavoured",143,0.7,1.4,4.7,4.2,0.4,102,0.0,43,0,0.04,Label Data,moderate
20203002,F010061,"Coconut beverage, flavoured",320,0.6,4.0,9.8,4.4,0.0,1,0.0,45,0,0.03,Label Data,moderate
20203003,F010053,"Hazelnut beverage, flavoured",268,0.9,2.4,9.6,5.6,0.9,9,0.67,107,0,0.22,Recipe,moderate
20202001,F010054,"Oat beverage, flavoured",233,1.1,1.4,9.5,7.1,1.0,114,0.0,57,0,0.08,Label Data,moderate
20202002,F010056,"Rice beverage, flavoured",293,0.6,1.6,13.2,7.7,0.9,114,0.2,29,0,0.07,Label Data,moderate
20201001,F008680,"Soy beverage, flavoured",268,2.9,1.7,9.2,6.5,0.6,117,0.47,75,0,0.15,Label Data,moderate
20201002,F010059,"Soy beverage, flavoured, added vitamins and minerals",259,3.1,1.5,9.0,4.8,0.1,117,0.46,44,0,0.14,Label Data,moderate
20205001,F010010,"Iced chocolate, made with dairy milk alternative",486,1.5,5.9,14.4,10.8,0.6,32,0.24,60,0,0.15,Recipe,moderate
20205002,F010009,"Iced coffee, made with dairy milk alternative",62,0.9,0.5,1.6,0.7,0.1,16,0.05,16,0,0.04,Recipe,moderate
20205003,F010011,"Milkshake, made with dairy milk alternative",320,1.3,1.9,13.6,10.5,0.5,35,0.14,47,0,0.09,Recipe,moderate
20603001,F009814,"Meat alternative, legume &/or vegetable base, as purchased",755,7.5,5.9,21.3,4.9,5.5,49,1.8,360,0,0.85,Analysed,moderate
20603002,F009816,"Meat alternative, legume &/or vegetable base, cooked",932,9.2,7.3,26.3,6.0,6.8,51,1.78,311,0,0.89,Recipe,moderate
20602001,F009799,"Meat alternative, mycoprotein/fungus base, mince/pieces/fillets, as purchased",478,13.8,4.1,2.5,0.0,5.6,200,0.4,170,0,5.8,Analysed,balanced
20602002,F009821,"Meat alternative, mycoprotein/fungus base, mince/pieces/fillets, cooked",655,18.8,5.6,3.4,0.0,7.7,274,0.55,233,0,7.94,Recipe,moderate
20602003,F010550,"Meat alternative, mycoprotein/fungus base, schnitzels/fish alternative/patty/sausages, as purchased",838,12.3,8.7,16.0,1.8,4.2,200,0.4,170,0,5.8,Analysed,balanced
20602004,F010541,"Meat alternative, mycoprotein/fungus base, schnitzels/fish alternative/patty/sausages, cooked",1035,15.2,10.7,19.7,2.2,5.2,247,0.49,210,0,7.16,Recipe,moderate
20603003,F010543,"Meat alternative, nut based, cooked",1036,18.0,17.9,3.1,1.7,2.1,19,4.4,300,2,0.94,Estimated,moderate
20602005,F009822,"Meat alternative, protein (soy/wheat/pea) base, as purchased",944,19.4,13.4,3.2,0.8,4.4,74,4.0,520,0,1.4,Analysed,at-risk
20602006,F009823,"Meat alternative, protein (soy/wheat/pea) base, cooked",1165,23.9,16.5,4.0,1.0,5.4,91,4.94,642,0,1.73,Recipe,at-risk
20602007,F010472,"Meat alternative, protein (soy/wheat/pea) base, added vitamins & minerals, as purchased",944,19.4,13.4,3.2,0.8,4.4,155,3.27,520,0,4.1,Analysed,at-risk
20602008,F010473,"Meat alternative, protein (soy/wheat/pea) base, added vitamins & minerals, cooked",1165,23.9,16.5,4.0,1.0,5.4,191,4.04,642,0,5.06,Recipe,at-risk
20601001,F009147,"Textured vegetable protein/soy granules, unprepared",1339,51.5,1.2,15.2,4.8,17.5,241,9.24,20,0,2.46,Borrowed,balanced
20601002,F009128,"Tempeh (fermented soy beans), fried",1875,23.2,33.8,12.2,0.9,2.9,74,9.2,350,0,1.7,Analysed,at-risk
20601006,F010918,"Tofu (soy bean curd), skin",543,12.8,8.3,0.0,0.0,1.0,206,2.35,22,0,1.45,Imputed,moderate
20601003,F009176,"Tofu (soy bean curd), firm, as purchased",543,12.8,8.3,0.0,0.0,1.0,206,2.35,22,0,1.45,Analysed,moderate
20601007,F009185,"Tofu (soy bean curd), smoked, as purchased",543,12.8,8.3,0.0,0.0,1.0,206,2.35,300,0,1.45,Analysed,moderate
20601005,F009183,"Tofu (soy bean curd), silken or soft, as purchased",225,4.7,2.6,1.8,1.0,2.3,24,1.8,18,0,0.5,Analysed,balanced
20601004,F010538,"Tofu (soy bean curd), flavoured, as purchased",637,10.5,8.5,7.7,5.6,1.2,161,2.15,506,0,1.27,Recipe,at-risk
20601008,F009181,"Tofu (soy bean curd), cooked",830,17.2,13.9,0.1,0.0,1.3,277,3.15,29,0,1.95,Recipe,moderate
20603004,F008155,"Sausage, vegetarian style, as purchased",807,19.0,9.4,7.4,1.9,1.5,34,2.5,600,5,0.65,Analysed,at-risk
20603005,F008151,"Sausage, vegetarian style, added Fe, Zn and vitamin B12, as purchased",807,19.0,9.4,7.4,1.9,1.5,34,3.5,461,5,4.4,Analysed,at-risk
20603006,F008153,"Sausage, vegetarian style, cooked",849,20.0,9.9,7.8,2.0,1.6,36,3.37,529,5,3.45,Recipe,at-risk
20603007,F009454,"Meat alternative, bacon, cooked",988,17.3,13.6,9.7,2.0,3.7,34,3.5,661,5,4.4,Label Data,at-risk
25203001,F010648,"Casserole, commercial, with tofu",324,3.6,3.8,6.0,3.3,2.5,50,0.93,109,10,0.5,Recipe,balanced
25202001,F002362,"Casserole, homemade, with tofu",325,3.6,3.8,6.0,3.3,2.5,50,0.93,36,10,0.5,Recipe,balanced
25203003,F003355,"Curry, commercial, with tofu",615,6.9,10.8,4.5,2.5,2.3,102,1.46,294,7,0.82,Recipe,moderate
25202003,F010653,"Curry, homemade, with tofu",564,6.3,9.9,4.1,2.3,2.1,93,1.34,80,6,0.75,Recipe,balanced
25203006,F008915,"Stir-fry, commercial, with tofu",681,9.3,10.5,6.5,5.0,2.3,142,2.11,746,13,1.18,Recipe,at-risk
25202006,F008914,"Stir-fry, homemade, with tofu",532,8.0,7.8,4.8,3.9,2.5,120,1.7,361,22,1.01,Recipe,moderate
25203007,F010793,"Stir-fry, commercial, with tofu & noodles",643,7.6,6.8,14.2,3.1,2.0,90,1.47,474,8,0.88,Recipe,at-risk
25202007,F010794,"Stir-fry, homemade, with tofu & noodles",554,6.8,5.2,13.2,2.4,2.1,77,1.23,243,13,0.77,Recipe,moderate
25203012,F010650,"Ready meal, plant based meat with rice/noodles",598,6.7,3.6,19.0,2.1,2.3,28,1.31,287,1,0.64,Recipe,moderate
25203013,F010649,"Ready meal, tofu with rice/noodles",612,4.9,4.3,20.9,2.1,1.4,49,0.88,158,1,0.64,Recipe,moderate
21201001,F010519,"Soup, instant dry mix, all flavours",1532,5.0,6.1,71.2,16.3,3.3,42,0.83,5100,0,0.38,Label Data,at-risk
21201002,F010520,"Soup, instant dry mix, all flavours, reduced sodium",1399,11.6,1.6,66.2,8.6,3.3,42,0.83,3868,0,0.38,Imputed,at-risk
21201003,F010535,"Soup, instant dry mix, all flavours, with pasta/noodles or crouton",1503,6.9,8.4,62.5,8.6,2.2,43,1.5,2306,0,0.7,Analysed,at-risk
21301001,F010522,"Soup, made from dry mix, all flavours",100,0.3,0.4,4.6,1.1,0.2,4,0.06,336,0,0.03,Recipe,moderate
21301002,F010523,"Soup, made from dry mix, all flavours, reduced sodium",64,0.5,0.1,3.0,0.4,0.2,3,0.04,180,0,0.02,Recipe,moderate
21301003,F010536,"Soup, made from dry mix, all flavours, with pasta/noodles",175,0.8,1.0,7.3,1.0,0.2,6,0.18,271,0,0.08,Recipe,moderate
21502001,F010505,"Soup, asian style, ready to eat, commercial",191,1.4,2.8,2.9,2.7,1.5,10,0.42,365,2,0.24,Recipe,moderate
21601001,F010483,"Soup, bacon/ham & vegetable, commercial",316,5.0,3.5,5.3,2.0,1.4,15,0.39,608,4,0.38,Recipe,at-risk
21101001,F008585,"Soup, bacon/ham & vegetable, homemade",251,5.4,2.7,2.9,1.4,1.2,15,0.44,483,4,0.4,Recipe,at-risk
21601002,F008499,"Soup, beef & vegetable, commercial",329,7.3,2.8,5.3,2.0,1.2,15,0.82,342,4,1.58,Recipe,moderate
21101002,F008500,"Soup, beef & vegetable, homemade",267,7.5,2.2,2.8,1.4,1.2,15,0.92,190,4,1.67,Recipe,moderate
21101003,F008501,"Soup, beef & vegetable, with pasta or grains, homemade",315,7.3,2.0,6.0,1.2,1.3,14,0.88,176,4,1.55,Recipe,moderate
21601003,F008510,"Soup, broth with meat & noodles",235,4.6,0.8,7.2,0.2,0.5,8,0.34,261,1,0.53,Recipe,moderate
21601004,F008518,"Soup, chicken, commercial",352,4.0,3.9,7.6,2.3,1.5,15,0.33,331,3,0.34,Recipe,moderate
21501001,F008521,"Soup, chicken, ready to eat, canned",217,2.8,1.2,6.7,2.7,1.7,40,1.19,304,2,0.25,Recipe,moderate
21101004,F008520,"Soup, chicken & vegetable, homemade",224,5.2,2.1,2.8,1.4,1.2,15,0.43,193,4,0.39,Recipe,moderate
21101005,F008522,"Soup, chicken & vegetable, with pasta or grains, homemade",275,5.3,2.0,6.0,1.2,1.3,15,0.44,178,4,0.41,Recipe,moderate
21601005,F010786,"Soup, crab & corn",212,4.0,1.1,5.4,1.7,1.2,20,0.62,303,2,1.1,Recipe,moderate
21401001,F008562,"Soup, cream of chicken, condensed, canned",278,1.5,3.0,8.2,1.9,0.4,21,0.2,598,0,0.8,Analysed,at-risk
21401002,F008567,"Soup, cream of vegetable, condensed, canned",262,1.3,3.4,6.4,1.1,0.6,22,0.4,291,0,0.6,Analysed,moderate
21602001,F010474,"Soup, cream of vegetable, commercial",309,2.7,4.7,4.3,2.6,1.7,47,0.46,250,11,0.35,Recipe,moderate
21102001,F008565,"Soup, cream of vegetable, homemade",308,2.7,4.7,4.3,2.6,1.7,46,0.44,157,11,0.35,Recipe,moderate
21601006,F010503,"Soup, fish, commercial",237,4.9,1.8,4.4,1.2,1.2,23,0.38,281,4,0.35,Recipe,moderate
21101006,F008578,"Soup, fish, homemade",236,4.9,1.8,4.4,1.2,1.2,22,0.37,203,4,0.35,Recipe,moderate
21602002,F010486,"Soup, French onion, commercial",236,0.9,3.0,4.5,4.2,1.6,19,0.22,222,3,0.14,Recipe,moderate
21102002,F008579,"Soup, French onion, homemade",234,0.9,3.0,4.4,4.2,1.5,18,0.2,112,3,0.14,Recipe,moderate
21601007,F008587,"Soup, hot & sour (tom yum)",143,5.5,0.8,0.9,0.4,0.3,17,0.34,574,1,0.3,Recipe,at-risk
21601008,F008588,"Soup, laksa, beef, chicken or pork, with noodles, made with coconut milk",383,6.0,3.7,8.0,0.6,0.8,26,0.8,186,4,0.71,Recipe,moderate
21601009,F008589,"Soup, laksa, prawn or seafood, with noodles, made with coconut milk",356,4.8,3.5,8.0,0.8,0.8,32,0.72,501,4,0.43,Recipe,at-risk
21601010,F010482,"Soup, lamb & vegetable, commercial",310,5.3,3.2,5.3,2.0,1.2,15,0.7,343,4,1.0,Recipe,moderate
21101007,F008591,"Soup, lamb & vegetable, homemade",247,5.4,2.6,2.8,1.4,1.2,15,0.8,191,4,1.06,Recipe,moderate
21502002,F010508,"Soup, lentil or legume, ready to eat, canned",334,4.3,1.9,9.4,1.8,3.3,23,0.98,298,2,0.38,Recipe,moderate
21602003,F008594,"Soup, lentil or legume, commercial",211,1.6,2.6,4.2,1.9,1.8,17,0.4,452,1,0.16,Recipe,at-risk
21102003,F010643,"Soup, lentil or legume, homemade",209,1.6,2.6,4.1,1.9,1.7,15,0.37,306,1,0.15,Recipe,moderate
21501002,F008597,"Soup, meat & vegetable, ready to eat, canned",200,2.7,0.8,6.9,1.4,1.0,10,0.8,270,0,1.5,Analysed,moderate
21602004,F008606,"Soup, minestrone, commercial",258,3.1,1.8,6.9,1.6,2.1,20,0.58,339,4,0.33,Recipe,moderate
21101008,F008605,"Soup, minestrone, homemade",257,3.1,1.8,6.8,1.6,2.1,19,0.57,257,4,0.33,Recipe,moderate
21602005,F008608,"Soup, miso",127,2.7,1.0,2.1,1.0,1.3,17,0.76,615,6,0.21,Recipe,at-risk
21601011,F008620,"Soup, mussel",239,4.6,1.8,4.7,1.2,1.2,31,0.56,291,4,0.49,Recipe,moderate
21601012,F008621,"Soup, offal",200,3.2,2.5,2.4,1.9,1.2,24,1.37,235,6,0.6,Recipe,moderate
21501003,F008627,"Soup, pea & ham, ready to eat, canned",268,4.7,0.7,8.6,1.6,1.5,9,0.45,336,2,0.38,Recipe,moderate
21601013,F010485,"Soup, pea & ham, commercial",305,5.0,1.8,7.7,1.6,2.4,15,0.69,342,3,0.49,Recipe,moderate
21101009,F008626,"Soup, pea & ham, homemade",304,5.0,1.8,7.7,1.6,2.4,15,0.68,292,3,0.49,Recipe,moderate
21601014,F010481,"Soup, pork & vegetable, commercial",328,7.3,2.8,5.3,2.0,1.2,15,0.49,350,4,0.89,Recipe,moderate
21101010,F008628,"Soup, pork & vegetable, homemade",266,7.4,2.2,2.8,1.4,1.2,15,0.58,199,4,0.95,Recipe,moderate
21602006,F010479,"Soup, potato, commercial",240,1.3,3.3,4.9,1.9,1.4,17,0.34,191,7,0.17,Recipe,moderate
21102004,F008631,"Soup, potato, homemade",239,1.2,3.3,4.8,2.0,1.4,16,0.33,128,7,0.17,Recipe,moderate
21502003,F008642,"Soup, pumpkin, ready to eat, canned",174,1.4,0.7,6.8,5.6,1.9,19,0.27,207,6,0.15,Recipe,moderate
21602007,F008641,"Soup, pumpkin, commercial",196,1.3,2.5,4.5,3.9,1.1,29,0.19,366,3,0.14,Recipe,moderate
21102005,F008639,"Soup, pumpkin, homemade",193,1.3,2.5,4.4,3.9,1.0,28,0.16,219,3,0.14,Recipe,moderate
21601015,F008646,"Soup, seaweed, with meat",326,8.7,4.1,0.7,0.2,1.8,21,1.44,478,15,0.74,Recipe,at-risk
21502004,F008656,"Soup, tomato, ready to eat, canned",214,1.8,1.3,7.4,5.4,2.0,29,0.76,367,7,0.21,Recipe,moderate
21401003,F008651,"Soup, tomato, condensed, canned",352,2.0,0.8,16.5,11.8,1.9,10,0.4,576,4,0.3,Analysed,at-risk
21602008,F010476,"Soup, tomato, commercial",163,1.1,1.5,4.5,2.2,1.2,13,0.44,356,7,0.15,Recipe,moderate
21102006,F008655,"Soup, tomato, homemade",161,1.0,1.5,4.4,2.2,1.1,12,0.42,223,7,0.14,Recipe,moderate
21502005,F008672,"Soup, vegetable, ready to eat, canned",163,1.8,0.2,6.3,2.5,2.1,19,0.62,291,5,0.25,Recipe,moderate
21602009,F008613,"Soup, vegetable, commercial",199,1.1,2.0,5.6,2.4,1.4,16,0.27,350,7,0.15,Recipe,moderate
21102007,F008669,"Soup, vegetable, homemade",158,1.1,1.9,3.3,1.6,1.5,16,0.4,217,5,0.2,Recipe,moderate
21601016,F008675,"Soup, wonton",186,2.7,0.9,6.1,0.4,0.2,9,0.26,411,1,0.27,Recipe,at-risk
22203001,F002983,"Coconut, flesh, mature fruit",1396,3.8,32.8,3.3,2.9,8.1,7,0.4,5,2,0.48,Analysed,at-risk
22203002,F002987,"Coconut, grated & desiccated",2777,6.9,65.4,7.3,6.6,15.4,12,1.7,15,0,1.17,Analysed,at-risk
22203003,F010007,"Coconut, toasted, salted",2757,6.8,64.9,7.2,6.5,15.2,13,1.69,300,0,1.16,Recipe,at-risk
22203004,F002982,"Coconut, cream",908,1.6,23.2,1.4,1.4,0.0,2,0.51,16,0,0.26,Analysed,at-risk
22203005,F010008,"Coconut, cream, reduced fat",561,1.1,13.0,3.7,1.4,0.0,2,0.51,25,0,0.26,Label Data,moderate
22203006,F002991,"Coconut, milk, canned",620,1.4,15.4,1.7,1.7,0.0,3,0.66,26,0,0.31,Analysed,moderate
22203007,F002990,"Coconut, milk, canned, reduced fat",288,0.6,7.1,0.9,0.9,0.0,5,0.2,15,0,0.22,Analysed,moderate
22203009,F010012,"Coconut, milk, condensed, sweetened",1620,1.3,16.0,62.6,59.8,0.0,3,0.63,181,0,0.32,Recipe,at-risk
22203008,F002992,"Coconut, milk, dried, powder",2824,8.1,66.2,12.4,7.2,4.0,15,0.65,30,1,0.75,Analysed,at-risk
22203010,F009794,"Coconut, water or juice",54,0.2,0.0,3.2,3.2,0.0,12,0.0,36,10,0.02,Analysed,moderate
22204029,F002525,"Chestnut puree, added sugar",1137,1.0,0.4,69.8,43.9,2.5,9,0.4,48,3,0.17,Recipe,at-risk
22102002,F010951,"Lotus seed, paste",1730,5.9,17.2,60.5,59.9,3.3,81,1.14,2,0,1.07,Recipe,at-risk
22204001,F006081,"Nut, almond, raw/natural, unsalted",2386,19.7,50.5,5.4,5.2,11.0,267,3.77,0,0,3.55,Analysed,at-risk
22204002,F006077,"Nut, almond meal",2386,19.7,50.5,5.4,5.2,11.0,267,3.77,0,0,3.55,Imputed,at-risk
22204003,F006082,"Nut, almond, roasted, unsalted",2462,19.7,52.5,5.4,5.2,11.0,267,3.77,0,0,3.55,Recipe,at-risk
22204004,F006078,"Nut, almond, roasted, salted",2456,19.3,52.6,5.3,5.1,10.8,262,3.7,309,0,3.48,Recipe,at-risk
22204005,F006087,"Nut, brazil, raw/natural, unsalted",2886,14.4,68.5,2.4,2.1,8.5,150,2.2,2,0,4.1,Analysed,at-risk
22204006,F006088,"Nut, cashew, raw/natural, unsalted",2540,17.0,49.2,22.9,5.5,5.9,34,5.0,11,0,5.5,Analysed,at-risk
22204007,F006092,"Nut, cashew, roasted, unsalted",2530,17.0,47.7,26.8,6.5,3.4,42,5.3,7,0,5.5,Analysed,at-risk
22204008,F006090,"Nut, cashew, roasted, salted",2554,17.0,48.5,26.7,6.4,3.0,34,4.9,270,0,5.0,Analysed,at-risk
22204009,F006089,"Nut, cashew, roasted, coated in honey",2252,12.0,33.9,47.5,33.1,2.4,30,3.76,5,0,3.91,Recipe,at-risk
22204010,F010015,"Nut, cashew, roasted, savoury flavoured",2239,12.6,34.7,43.7,28.9,3.5,38,4.34,464,1,4.06,Recipe,at-risk
22204011,F006095,"Nut, chestnut, raw/natural, unsalted",727,3.4,0.2,32.1,3.3,14.9,18,0.7,1,40,0.4,Analysed,balanced
22204012,F006096,"Nut, chestnut, roasted, unsalted",765,3.4,1.2,35.7,7.4,8.0,18,0.76,0,12,0.52,Analysed,balanced
22204013,F006098,"Nut, hazelnut, raw/natural, unsalted",2689,14.8,61.4,5.1,4.4,10.4,86,3.2,3,0,2.2,Analysed,at-risk
22204014,F006099,"Nut, macadamia, raw/natural, unsalted",3086,6.5,76.7,4.6,4.6,7.9,51,1.7,1,0,1.1,Analysed,at-risk
22204015,F006101,"Nut, macadamia, roasted, salted",3098,6.4,77.2,4.5,4.5,7.7,50,1.67,383,0,1.08,Recipe,at-risk
22204016,F006100,"Nut, macadamia, roasted, coated in honey",2706,4.9,57.5,27.9,27.9,5.9,39,1.28,1,0,0.83,Recipe,at-risk
22201001,F006110,"Nut, peanut, roasted, unsalted",2667,25.1,52.8,14.1,4.4,6.2,40,1.2,1,0,2.84,Imputed,at-risk
22201002,F006109,"Nut, peanut, roasted, salted",2667,25.1,52.8,14.1,4.4,6.2,40,1.2,335,0,2.84,Analysed,at-risk
22201003,F006104,"Nut, peanut, roasted, coated in honey",2370,18.3,38.5,36.7,29.6,4.5,30,0.88,245,0,2.07,Recipe,at-risk
22204017,F006111,"Nut, pecan, raw/natural, unsalted",2973,9.8,71.9,4.9,4.3,8.4,51,2.4,3,1,3.9,Analysed,at-risk
22204018,F006112,"Nut, pine, raw/natural, unsalted",2925,13.0,70.0,4.5,3.4,5.1,11,4.1,3,0,5.3,Analysed,at-risk
22204019,F006113,"Nut, pistachio, raw/natural, unsalted",2283,17.0,48.6,7.8,7.1,7.7,98,3.1,0,0,2.3,Analysed,at-risk
22204020,F006114,"Nut, pistachio, roasted, salted",2302,17.2,49.0,7.9,7.2,7.8,99,3.13,455,0,2.32,Recipe,at-risk
22204021,F006116,"Nut, walnut, raw/natural, unsalted",2904,14.4,69.2,3.0,2.7,6.4,89,2.5,3,0,2.53,Analysed,at-risk
22204022,F006304,Pandanus kernel,2452,25.9,46.8,12.5,3.1,8.8,62,6.6,344,0,2.6,Borrowed,at-risk
22101001,F008209,"Seed, chia, dried",1825,23.8,29.8,3.1,0.7,33.2,530,13.0,0,0,5.4,Analysed,at-risk
22101002,F008208,"Seed, chia, cooked, unsalted",304,3.8,4.2,3.4,2.3,3.4,98,1.35,25,0,0.67,Recipe,balanced
22101003,F009977,"Seed, hemp, dried",2452,29.8,50.6,2.5,2.3,4.2,90,12.5,0,0,9.4,Borrowed,at-risk
22101004,F008210,"Seed, linseed or flaxseed",1883,21.6,32.6,2.8,1.5,32.9,180,5.5,60,0,3.5,Analysed,at-risk
22101005,F008211,"Seed, poppy",2143,18.0,41.6,8.6,3.0,19.5,1438,9.76,26,1,7.9,Borrowed,at-risk
22101006,F008212,"Seed, pumpkin, hulled & dried, unsalted",2249,30.2,45.0,2.1,1.3,4.6,40,8.5,1,0,6.5,Analysed,at-risk
22101007,F008214,"Seed, sesame, unsalted",2620,22.2,55.6,6.2,0.6,10.1,62,5.2,24,0,5.5,Analysed,at-risk
22101008,F008215,"Seed, sunflower, unsalted",2362,24.7,48.3,3.1,2.1,13.0,99,4.85,0,0,5.44,Analysed,at-risk
22101009,F008219,"Seeds, mixed",2272,25.3,45.4,3.7,1.7,12.4,249,6.89,12,0,5.96,Recipe,at-risk
22102004,F009076,Tahini,2717,20.4,60.7,1.0,0.7,13.5,330,5.1,79,0,5.53,Analysed,at-risk
22101010,F009533,"Wattle seed (acacia), ground",1183,20.3,6.1,10.5,0.0,54.2,419,6.0,102,0,0.4,Analysed,balanced
22205001,F005747,"Mixed nuts, almond, cashew & walnut, unsalted",2552,17.6,53.7,11.9,4.8,8.1,138,4.01,5,0,4.12,Recipe,at-risk
22205002,F005748,"Mixed nuts, cashew & macadamia, salted",2636,15.4,52.8,23.4,6.1,3.7,36,4.41,287,0,4.41,Recipe,at-risk
22205003,F005756,"Mixed nuts, with peanuts, unsalted",2633,19.2,55.3,12.1,5.0,7.1,85,2.61,2,0,3.03,Recipe,at-risk
22205004,F005757,"Mixed nuts, with peanuts, salted",2607,19.0,54.7,12.0,5.0,7.0,84,2.58,384,0,3.0,Recipe,at-risk
22205005,F005760,"Mixed nuts, without peanuts, unsalted",2560,16.6,55.8,8.8,5.0,8.3,115,3.51,3,0,3.22,Recipe,at-risk
22205006,F010024,"Mixed nuts, without peanuts, salted",2766,14.1,63.2,7.7,4.1,7.7,111,3.03,256,0,3.08,Recipe,at-risk
22205007,F010043,"Mixed nuts, savoury flavoured",2432,16.8,47.0,21.1,14.6,7.5,83,2.93,329,1,2.7,Recipe,at-risk
16803001,F005738,"Mixed nuts & dried fruit, with peanuts",1805,9.1,22.7,46.3,42.3,5.5,62,2.04,13,0,1.41,Recipe,at-risk
16803002,F005739,"Mixed nuts & dried fruit, without peanuts",1822,8.6,25.2,41.9,39.2,6.3,76,2.48,15,0,1.6,Recipe,at-risk
22205008,F005740,"Mixed nuts & seeds, almond, linseed & sunflower seed (LSA), unsalted",2126,22.3,40.8,3.3,2.3,22.6,168,4.99,30,0,4.15,Recipe,at-risk
22205009,F005743,"Mixed nuts & seeds, with peanuts",2543,20.8,52.8,10.0,4.2,8.4,126,3.68,4,0,3.76,Recipe,at-risk
22205010,F005744,"Mixed nuts & seeds, without peanut",2488,18.8,53.2,7.6,4.2,9.3,148,4.36,6,0,3.9,Recipe,at-risk
22205011,F010038,"Mixed nuts & seeds, savoury flavoured",2432,18.9,49.6,12.9,7.1,8.0,127,3.74,555,0,3.52,Recipe,at-risk
16803003,F005749,"Mixed nuts, dried fruit & seeds (trail mix), with peanuts",1855,12.3,25.8,38.4,35.0,7.2,106,3.18,13,0,2.41,Recipe,at-risk
16803004,F005750,"Mixed nuts, dried fruit & seeds (trail mix), without peanuts",1863,11.9,26.7,37.4,34.8,7.5,115,3.42,13,0,2.51,Recipe,at-risk
22205013,F010039,Mixed nuts & chocolate,2458,13.8,45.4,31.0,24.3,5.0,112,2.73,26,1,2.47,Recipe,at-risk
22205012,F010040,"Mixed nuts, seeds & chocolate",2404,14.8,43.9,29.7,23.8,5.7,136,3.37,27,1,2.9,Recipe,at-risk
22302001,F010601,"Nuts & seeds, wild harvested",3086,6.5,76.7,4.6,4.6,7.9,51,1.7,1,0,1.1,Recipe,at-risk
22202004,F006579,"Peanut butter, no added sugar or salt",2628,24.3,54.3,9.4,5.2,6.5,54,1.72,12,6,2.84,Imputed,at-risk
22202003,F006578,"Peanut butter, added sugar, no added salt",2486,22.2,50.4,12.0,8.6,5.8,54,1.72,15,6,2.84,Imputed,at-risk
22202001,F006577,"Peanut butter, added sugar & salt",2495,22.2,49.6,14.3,8.6,5.8,54,1.72,477,6,2.84,Analysed,at-risk
22202002,F009990,"Peanut butter, added sugar & salt, reduced fat",2313,17.4,37.4,35.4,15.4,5.8,54,1.72,618,6,2.84,Label Data,at-risk
22202005,F009992,"Peanut butter, added salt & seeds",2351,31.5,41.6,13.0,6.6,7.5,61,2.0,379,6,2.93,Recipe,at-risk
22202006,F009995,"Peanut butter, added salt, protein increased",2371,32.0,42.1,13.0,6.9,6.9,54,1.72,398,6,2.84,Label Data,at-risk
22204023,F009993,"Almond spread, no added sugar or salt",2462,19.7,52.5,5.4,5.2,11.0,267,3.77,0,0,3.55,Recipe,at-risk
22204024,F009994,"Almond spread, added sugar & salt",2443,8.2,42.8,42.4,21.4,2.5,185,0.87,274,6,1.15,Recipe,at-risk
22204025,F009996,"Almond spread, not further defined",2460,18.3,51.4,9.8,7.1,10.0,257,3.42,32,1,3.27,Recipe,at-risk
22204026,F009997,"Cashew spread, no added sugar or salt",2530,17.0,47.7,26.8,6.5,3.4,42,5.3,7,0,5.5,Recipe,at-risk
22204027,F010001,"Cashew spread, added sugar & salt",2490,5.8,42.8,48.3,19.2,0.8,62,1.33,268,2,1.52,Recipe,at-risk
22204028,F010006,"Cashew spread, not further defined",2530,17.0,47.7,26.8,6.5,3.4,42,5.3,7,0,5.5,Recipe,at-risk
22204030,F010002,"Mixed nut spread, added salt",2653,19.3,56.5,10.3,4.2,7.7,130,2.75,116,0,3.78,Recipe,at-risk
22204031,F010042,"Mixed nut & seed spread, added salt",2544,20.2,51.6,13.4,4.6,8.3,124,3.54,210,0,3.99,Recipe,at-risk
23107001,F002293,"Casserole base, dry mix",1457,7.8,4.7,63.0,17.3,12.0,98,1.04,4252,0,0.82,Label Data,at-risk
23107002,F002292,"Casserole base, cream style, dry mix",1398,9.2,4.9,61.8,13.0,3.1,309,0.89,5278,0,1.34,Label Data,at-risk
23201001,F002953,"Chutney or relish, commercial",752,0.5,0.3,43.1,41.5,2.2,25,0.9,690,0,0.0,Analysed,at-risk
23201002,F002954,"Chutney or relish, homemade",794,0.6,3.2,40.3,40.1,1.0,10,0.22,4,8,0.12,Recipe,at-risk
23301001,F010319,Dijonaise,1837,2.2,44.5,7.9,6.2,1.9,34,0.66,782,3,0.28,Recipe,at-risk
23303001,F003582,"Dressing, Asian style, with lime juice, chilli & fish sauce",390,2.7,0.2,18.3,18.0,2.6,43,0.83,2522,23,0.3,Recipe,at-risk
23301002,F003612,"Dressing, creamy, regular fat, commercial",1494,1.0,31.8,16.6,14.7,1.4,12,0.3,878,0,0.0,Analysed,at-risk
23302001,F010367,"Dressing, creamy, fat free, commercial",490,0.5,0.5,27.1,18.6,0.0,12,0.3,890,0,0.0,Label Data,at-risk
23303002,F003599,"Dressing, honey mustard, homemade",1426,1.4,28.5,20.2,19.5,1.0,22,0.5,293,1,0.22,Recipe,at-risk
23303004,F010329,"Dressing, sesame based, commercial",1660,3.7,35.2,17.7,16.8,0.7,18,0.86,1208,0,0.64,Recipe,at-risk
23303005,F003610,"Dressing, sesame soy, homemade",827,2.7,15.1,11.2,10.7,0.3,13,0.59,2134,4,0.21,Recipe,at-risk
23303003,F003607,"Dressing, viniagrette, regular fat, commercial",948,0.1,19.6,11.7,11.4,0.0,0,0.0,970,0,0.0,Analysed,at-risk
23304001,F010330,"Dressing, vinaigrette, fat free, commercial",262,1.0,0.0,13.2,12.6,0.0,0,0.0,992,0,0.0,Label Data,at-risk
23303006,F003613,"Dressing, vinaigrette, homemade",2736,0.1,72.9,1.0,0.8,0.2,4,0.09,2,0,0.02,Recipe,at-risk
23107003,F004263,"Gravy powder, dry mix",1311,8.9,6.2,54.7,0.7,0.1,30,1.1,6020,0,0.6,Analysed,at-risk
23107004,F004264,"Gravy powder, dry mix, reduced salt",1311,8.9,6.2,54.7,0.7,0.1,30,1.1,3480,0,0.6,Label Data,at-risk
23101001,F004265,"Gravy, made from dry powder & water",109,0.7,0.5,4.5,0.0,0.0,4,0.1,502,0,0.06,Recipe,at-risk
23101002,F004270,"Gravy, made from reduced salt dry powder & water",182,1.2,0.9,7.6,0.1,0.0,6,0.16,487,0,0.09,Recipe,at-risk
23101004,F004268,"Gravy, purchased prepared",201,1.8,1.0,6.8,2.1,2.1,3,0.4,516,0,0.1,Label Data,at-risk
23101003,F004267,"Gravy, made from pan drippings",850,1.8,16.2,12.7,0.3,0.4,5,0.21,3,0,0.15,Recipe,moderate
23106001,F004385,"Horseradish, prepared",200,1.2,0.7,8.0,8.0,3.3,56,0.42,314,25,0.83,Borrowed,moderate
23301003,F005441,"Mayonnaise, regular fat, commercial",2651,0.8,67.2,8.7,7.9,0.5,8,0.0,480,0,0.08,Analysed,at-risk
23302002,F005437,"Mayonnaise, reduced or low fat, commercial",514,0.5,1.8,27.1,20.5,0.0,8,0.3,678,0,0.0,Label Data,at-risk
23301004,F005435,"Mayonnaise, homemade",3212,2.1,85.6,0.3,0.1,0.2,16,0.58,36,1,0.34,Recipe,at-risk
25201008,F005702,"Miso, soya (soy) bean paste",766,12.9,5.1,19.7,10.4,4.3,69,1.7,3800,0,1.1,Analysed,at-risk
23102001,F005973,"Mustard, cream style",348,5.8,3.1,6.2,3.6,4.1,83,2.0,1420,0,0.8,Analysed,at-risk
23106002,F006471,"Paste, curry style",864,2.9,14.1,14.2,7.3,5.4,136,6.0,1802,10,0.92,Analysed,at-risk
23106003,F006478,"Paste, wasabi, commercial",1085,0.8,7.5,46.2,2.8,1.6,29,0.56,2600,9,0.35,Recipe,at-risk
15505008,F006476,"Paste, shrimp",394,21.0,1.0,0.0,0.0,0.0,1380,20.5,6000,0,2.0,Borrowed,at-risk
27203002,F007983,"Sauce, apple, commercial",439,0.2,0.0,25.7,25.4,1.6,4,0.09,0,1,0.04,Recipe,at-risk
23102002,F007985,"Sauce, apricot",344,0.9,0.4,17.4,9.0,2.2,18,0.45,946,9,0.18,Recipe,at-risk
23102003,F007987,"Sauce, barbecue, commercial",725,0.8,0.1,42.2,38.4,0.9,12,0.4,710,0,0.03,Analysed,at-risk
23102016,F008029,"Sauce, basil pesto, commercial",1598,5.3,37.1,7.4,2.1,1.5,147,1.41,1251,0,1.09,Analysed,at-risk
23103004,F007989,"Sauce, basil pesto, homemade",2125,6.4,53.5,0.9,0.5,2.1,180,1.61,116,2,1.5,Recipe,at-risk
23102004,F007991,"Sauce, black bean, commercial",391,3.2,1.0,16.0,12.8,3.1,45,6.0,3330,1,0.7,Analysed,at-risk
23103001,F007995,"Sauce, cheese, homemade",879,7.7,16.0,9.1,4.2,0.1,219,0.12,206,0,0.94,Recipe,moderate
23102005,F007997,"Sauce, chilli (chili), commercial",472,0.9,2.6,18.9,15.0,4.4,21,2.9,1340,1,0.6,Analysed,at-risk
23301005,F007999,"Sauce, cocktail or seafood",865,1.6,12.1,23.0,18.9,1.5,16,0.7,1360,5,0.22,Recipe,at-risk
23102006,F008000,"Sauce, cranberry, commercial",649,0.0,0.0,40.0,40.0,1.1,3,0.41,50,1,0.03,Borrowed,at-risk
23103002,F008001,"Sauce, cream based, homemade",1571,2.4,39.0,4.8,4.6,1.3,74,0.4,29,2,0.28,Recipe,at-risk
23102007,F008004,"Sauce, fish, commercial",213,6.8,0.3,4.4,4.4,1.2,30,1.55,8255,0,0.74,Analysed,at-risk
23102008,F008006,"Sauce, garlic, commercial",2365,0.4,54.6,20.0,13.7,1.0,5,0.16,1602,3,0.07,Recipe,at-risk
23102009,F008008,"Sauce, hoi sin, commercial",922,1.6,5.4,37.2,33.5,10.4,41,4.7,1550,1,0.6,Analysed,at-risk
23103003,F008009,"Sauce, hollandaise or bearnaise, homemade",2430,5.1,63.0,0.6,0.5,0.2,41,1.13,23,2,0.73,Recipe,at-risk
23102010,F008010,"Sauce, honey soy, commercial",662,2.1,1.1,35.4,29.9,0.5,9,0.41,3007,0,0.18,Recipe,at-risk
23102011,F008011,"Sauce, horseradish, commercial",779,4.5,11.0,17.4,13.7,2.1,54,0.28,1708,15,0.52,Recipe,at-risk
23102012,F008012,"Sauce, HP (brown), commercial",580,0.6,0.1,34.8,23.0,1.0,11,0.4,534,2,0.09,Recipe,at-risk
23102013,F008014,"Sauce, lemon chicken, commercial",559,0.5,2.0,27.4,22.0,1.3,12,0.12,560,14,0.08,Recipe,at-risk
23104001,F008056,"Sauce, mexican, tomato based, salsa, commercial",146,1.3,0.0,6.3,4.9,1.6,36,0.61,480,8,0.17,Analysed,at-risk
23102014,F008018,"Sauce, mint",524,0.4,0.1,29.9,29.5,1.5,25,0.43,279,2,0.1,Recipe,at-risk
23102015,F008026,"Sauce, oyster, commercial",471,2.8,1.0,21.0,15.6,0.3,40,3.9,3790,0,0.9,Analysed,at-risk
18702012,F008030,"Sauce, pasta, beef bolognese, commercial",371,5.4,4.4,6.7,4.2,1.2,16,1.3,355,0,2.2,Label Data,moderate
18701012,F008032,"Sauce, pasta, beef bolognese, homemade",388,8.8,4.5,3.8,3.2,1.4,16,1.4,56,0,1.8,Analysed,moderate
18701013,F008031,"Sauce, pasta, beef bolognese, homemade using commercial tomato based sauce",471,10.0,6.2,3.9,3.3,1.1,16,1.3,180,0,2.2,Analysed,moderate
23103005,F008035,"Sauce, pasta, carbonara, homemade",1600,19.7,33.3,1.5,1.3,0.3,212,1.05,826,0,2.07,Recipe,at-risk
23102017,F008036,"Sauce, pasta, cheese or cream based, commercial",363,1.4,6.8,5.3,2.7,0.1,32,0.0,482,0,0.12,Analysed,at-risk
23104002,F010104,"Sauce, pasta, cream & tomato based, commercial",382,1.6,6.5,5.9,3.9,1.6,46,0.63,389,12,0.26,Recipe,moderate
23104003,F008050,"Sauce, pasta, tomato based, commercial",226,1.6,1.5,7.5,6.2,1.8,27,0.74,375,1,0.19,Analysed,moderate
23104004,F010792,"Sauce, pasta, tomato based, with vegetables, commercial",255,2.4,1.9,6.9,5.3,3.5,74,2.4,264,11,0.55,Recipe,moderate
23104005,F010103,"Sauce, pasta, tomato based, reduced salt, commercial",226,1.6,1.5,7.5,6.2,1.8,27,0.74,159,1,0.19,Analysed,moderate
23105001,F008045,"Sauce, pasta, tomato based, homemade",109,1.2,0.2,3.8,3.5,1.8,42,1.58,12,6,0.21,Recipe,moderate
23102018,F008052,"Sauce, pepper, commercial",509,1.3,10.7,4.7,1.8,1.5,24,0.39,420,0,0.3,Recipe,at-risk
23102019,F008054,"Sauce, plum, commercial",958,0.1,0.8,56.5,48.2,0.6,15,2.5,950,2,0.9,Analysed,at-risk
23102020,F008058,"Sauce, satay, commercial",1176,4.9,17.2,25.8,15.3,3.1,39,2.7,913,1,1.3,Analysed,at-risk
23103006,F008059,"Sauce, satay, homemade",1231,8.0,25.0,9.0,7.6,2.6,28,0.86,226,10,0.96,Recipe,at-risk
23102021,F008063,"Sauce, simmer, curry style, commercial",494,2.1,6.9,10.7,7.1,2.3,31,1.1,510,0,0.28,Analysed,at-risk
23102022,F008065,"Sauce, soy, commercial",209,6.8,0.0,3.2,2.2,0.0,21,1.3,5600,0,0.51,Analysed,at-risk
23102023,F008067,"Sauce, soy, reduced salt, commercial",162,5.4,0.0,2.7,1.7,0.0,17,2.2,3598,0,0.3,Imputed,at-risk
23102024,F008070,"Sauce, sweet & sour, commercial",786,0.6,0.5,45.6,37.8,0.6,9,1.3,660,2,0.4,Analysed,at-risk
23102025,F008071,"Sauce, sweet chilli (chili), commercial",942,0.4,0.2,56.9,53.0,1.6,5,0.17,1314,38,0.07,Recipe,at-risk
23102026,F008077,"Sauce, tabasco, commercial",57,1.3,0.8,0.1,0.1,0.6,12,1.16,633,4,0.16,Borrowed,at-risk
23301006,F008079,"Sauce, tartare (tartar)",1625,1.0,37.1,13.4,12.7,1.2,22,0.44,494,11,0.14,Recipe,at-risk
23102027,F008081,"Sauce, teriyaki, commercial",716,3.8,0.9,35.1,29.2,1.0,19,0.95,4282,0,0.39,Recipe,at-risk
23104007,F008083,"Sauce, tomato, commercial, regular",437,1.3,0.0,24.1,23.7,1.3,13,0.65,870,0,0.15,Analysed,at-risk
23104006,F010105,"Sauce, tomato, commercial, reduced sugar & salt",231,1.3,0.0,11.3,10.9,1.3,12,0.62,507,0,0.14,Label Data,at-risk
23105002,F008086,"Sauce, tomato, homemade",284,1.0,4.6,4.8,4.2,1.7,21,0.44,6,17,0.23,Recipe,moderate
23103007,F008090,"Sauce, white, savoury, homemade",752,4.0,13.5,10.9,5.1,0.3,101,0.15,130,0,0.37,Recipe,moderate
23103008,F010114,"Sauce, white, savoury, vegan",738,2.2,14.0,10.6,2.1,0.7,36,0.25,33,0,0.14,Recipe,moderate
23103009,F008093,"Sauce, wine reduction, homemade",380,0.4,8.2,0.5,0.3,0.1,10,0.06,263,0,0.07,Recipe,moderate
23102028,F008094,"Sauce, Worcestershire, commercial",311,1.3,0.2,17.6,16.9,0.0,160,3.7,1060,0,0.4,Analysed,at-risk
23305001,F009499,"Vinegar, balsamic",330,0.5,0.0,15.0,15.0,2.1,27,0.72,23,0,0.08,Borrowed,moderate
23305002,F009498,Vinegar (except balsamic vinegar),65,0.0,0.0,0.0,0.0,0.0,1,0.0,5,0,0.0,Analysed,moderate
23502001,F003523,"Dip, avocado or guacamole, commercial",1466,4.7,35.5,3.2,0.6,1.6,36,0.18,337,3,0.41,Recipe,at-risk
23502002,F003524,"Dip, avocado or guacamole, homemade",557,1.6,11.9,2.5,0.6,5.5,14,0.59,9,16,0.45,Recipe,balanced
23502003,F003526,"Dip, beetroot, commercial",1042,4.5,20.0,12.0,10.0,3.0,61,0.74,383,3,0.93,Recipe,moderate
23502004,F003531,"Dip, chilli & nut, commercial",1128,5.6,19.6,16.2,7.0,3.6,49,1.88,497,111,2.67,Recipe,at-risk
23501001,F003532,"Dip, crab, commercial",1122,8.4,23.2,6.7,6.6,0.6,66,0.85,339,1,1.79,Recipe,at-risk
23501002,F003533,"Dip, cream cheese based, flavoured, commercial",1074,6.1,23.0,6.1,5.6,1.6,58,0.36,338,11,0.49,Recipe,at-risk
23501003,F003535,"Dip, cucumber & yoghurt, commercial",490,3.6,8.2,6.6,6.0,0.7,120,0.56,353,3,0.51,Recipe,moderate
23502005,F003537,"Dip, eggplant, commercial",659,1.5,14.5,3.8,3.4,4.3,18,0.72,594,8,0.24,Recipe,at-risk
23503001,F003539,"Dip, hummus (hommus), commercial",1039,6.9,19.5,9.4,0.8,3.9,49,1.6,410,0,1.2,Analysed,at-risk
23503002,F003540,"Dip, hummus (hommus), homemade",796,6.1,13.0,8.9,0.6,5.2,64,1.78,169,3,1.2,Recipe,balanced
23502006,F003542,"Dip, olive, commercial",1701,1.5,42.9,4.2,3.8,1.9,28,0.8,946,1,0.12,Recipe,at-risk
23501004,F003544,"Dip, salmon, commercial",956,9.0,18.9,5.6,3.4,0.3,74,0.09,373,2,0.45,Recipe,moderate
23501005,F003546,"Dip, sour cream based, commercial",972,4.4,20.6,7.4,5.7,0.9,48,0.4,467,24,0.4,Recipe,at-risk
23504001,F003550,"Dip, taramosalata, commercial",2116,1.6,54.5,3.4,0.5,1.0,6,0.18,524,6,0.18,Recipe,at-risk
23502007,F010398,"Dip, pumpkin/sweet potato or carrot",1163,3.4,24.8,10.0,5.2,2.5,23,0.98,392,5,0.98,Recipe,at-risk
23502008,F010399,"Dip, vegetable",1485,5.1,32.1,10.4,6.2,4.0,30,1.91,480,37,2.51,Recipe,at-risk
24402001,F000144,"Artichoke, globe, raw",145,2.8,0.2,1.3,0.9,8.1,30,0.5,6,16,0.6,Analysed,balanced
24402002,F000142,"Artichoke, globe, cooked",170,3.3,0.2,1.5,1.0,9.5,34,0.56,7,14,0.67,Recipe,balanced
24402003,F000146,"Artichoke, jerusalem, peeled, raw",245,2.1,0.1,10.5,2.7,3.0,20,0.9,5,7,0.3,Analysed,balanced
24402004,F000145,"Artichoke, jerusalem, peeled, cooked",263,2.2,0.1,11.3,2.9,3.2,20,0.92,5,6,0.31,Recipe,balanced
24402005,F000141,"Artichoke heart, canned in brine, drained",104,1.9,0.3,1.2,1.1,4.7,33,0.4,280,3,0.3,Analysed,moderate
24402006,F000155,"Asparagus, green, raw",88,2.5,0.1,1.4,1.4,2.2,11,1.0,2,15,0.2,Analysed,balanced
24402007,F000152,"Asparagus, green, baked, roasted, fried, stir-fried, grilled or BBQ'd, added fat",326,2.9,6.2,1.6,1.6,2.5,13,1.16,3,15,0.23,Recipe,balanced
24402008,F000153,"Asparagus, green, baked, roasted, fried, stir-fried, grilled or BBQ'd, no added fat",107,3.0,0.1,1.7,1.7,2.6,13,1.22,2,16,0.24,Recipe,balanced
24402009,F000151,"Asparagus, green, boiled, microwaved or steamed, drained",104,2.9,0.1,1.6,1.6,2.5,12,1.12,2,13,0.22,Recipe,balanced
24402010,F000149,"Asparagus, canned in brine, drained",101,1.9,0.1,1.5,1.5,3.9,12,1.6,240,6,0.6,Analysed,moderate
24705001,F000162,"Avocado, raw",653,1.6,14.6,2.2,0.0,5.9,10,0.44,8,4,0.49,Analysed,balanced
24705002,F000159,"Avocado, cooked",687,1.7,15.4,2.4,0.0,6.2,11,0.46,8,3,0.52,Recipe,balanced
24402011,F000254,"Bamboo shoot, fresh, cooked",57,0.8,0.0,1.3,0.8,2.8,15,0.4,10,0,0.5,Imputed,moderate
24402012,F000253,"Bamboo shoot, canned in water, heated, drained",57,0.8,0.0,1.3,0.8,2.8,15,0.4,10,0,0.5,Analysed,moderate
24403001,F000396,"Basil, green, fresh, raw",94,2.6,0.5,0.2,0.0,3.3,220,3.0,10,6,0.92,Analysed,balanced
24502001,F000419,"Bean, broad, raw",235,6.9,0.5,2.2,0.7,7.1,17,1.9,4,41,1.2,Analysed,balanced
24502002,F000418,"Bean, broad, cooked",252,7.4,0.5,2.4,0.8,7.6,16,1.74,3,29,1.1,Recipe,balanced
24502003,F000422,"Bean, butter, raw",104,2.3,0.2,2.3,1.8,2.3,16,0.4,3,15,1.5,Analysed,balanced
24502004,F000431,"Bean, green, raw",106,1.8,0.0,3.3,2.6,2.8,45,0.69,0,3,0.27,Analysed,balanced
24502005,F000427,"Bean, green, baked, roasted, fried, stir-fried, grilled or BBQ'd, added fat",335,2.0,5.8,3.7,2.9,3.1,50,0.77,1,3,0.3,Recipe,balanced
24502006,F000428,"Bean, green, baked, roasted, fried, stir-fried, grilled or BBQ'd, no added fat",125,2.1,0.0,3.9,3.0,3.2,53,0.81,0,3,0.32,Recipe,balanced
24502007,F000430,"Bean, green, boiled, microwaved or steamed, drained",114,1.9,0.0,3.5,2.8,3.0,46,0.7,0,2,0.28,Recipe,balanced
24502008,F000425,"Bean, green, canned, cooked",113,1.9,0.0,3.5,2.8,2.9,46,0.7,284,2,0.27,Recipe,moderate
24302001,F001015,"Beetroot, purple, peeled, raw",232,2.0,0.6,9.4,9.3,3.4,12,0.66,32,3,0.64,Analysed,moderate
24302002,F001016,"Beetroot, purple, peeled, baked, roasted, fried, stir-fried, grilled or BBQ'd, added fat",494,2.3,6.7,10.8,10.8,4.0,13,0.76,37,3,0.74,Recipe,moderate
24302003,F001014,"Beetroot, purple, peeled, boiled, microwaved or steamed, drained",250,2.1,0.6,10.0,10.0,3.7,12,0.67,32,2,0.65,Recipe,moderate
24302004,F010298,"Beetroot, purple, cooked, pre-packaged",250,2.1,0.6,10.0,10.0,3.7,12,0.67,32,2,0.65,Recipe,moderate
24302005,F001010,"Beetroot, canned, drained",184,1.2,0.0,8.7,8.7,2.0,10,0.66,220,0,0.18,Analysed,moderate
24201001,F001301,"Bok choy or pak choy, raw",79,2.5,0.2,0.6,0.6,2.4,83,1.4,57,27,0.36,Analysed,balanced
24201002,F001296,"Bok choy or pak choy, baked, roasted, fried, stir-fried, grilled or BBQ'd, added fat",370,3.4,7.4,0.8,0.8,3.3,113,1.9,78,32,0.48,Recipe,balanced
24201003,F001302,"Bok choy or pak choy, boiled, microwaved or steamed, drained",82,2.6,0.2,0.6,0.6,2.6,82,1.38,56,16,0.35,Recipe,balanced
24202001,F001905,"Broccoli, fresh or frozen, raw",134,4.0,0.4,1.2,1.2,3.5,36,0.72,20,88,0.52,Analysed,balanced
24202002,F001900,"Broccoli, fresh, boiled, microwaved or steamed, drained",100,2.9,0.3,1.2,1.1,2.5,26,0.58,13,57,0.26,Analysed,balanced
24202003,F001907,"Broccoli, purchased frozen, boiled, microwaved or steamed, drained",100,2.9,0.3,1.2,1.1,2.5,26,0.58,13,57,0.26,Imputed,balanced
24202004,F001895,"Broccoli, baked, roasted, fried, stir-fried, grilled or BBQ'd, added fat",380,4.6,6.5,1.3,1.3,4.1,41,0.83,23,87,0.6,Recipe,balanced
24202005,F010251,"Broccoli, chinese (gai lan), raw",148,1.2,0.8,4.7,0.9,2.6,105,0.59,7,30,0.41,Borrowed,balanced
24202006,F010252,"Broccoli, chinese (gai lan), cooked",154,1.2,0.8,4.9,0.9,2.7,104,0.58,7,17,0.4,Recipe,balanced
24202007,F010249,"Broccoli & cauliflower rice, raw",106,2.6,0.4,1.4,1.3,2.7,27,0.52,19,65,0.36,Recipe,balanced
24202008,F010250,"Broccoli & cauliflower rice, cooked",110,2.7,0.4,1.5,1.3,2.8,27,0.52,19,51,0.36,Recipe,balanced
24202009,F001909,"Broccolini, raw",122,3.2,0.4,2.0,1.3,2.5,39,0.78,16,12,0.45,Analysed,balanced
24202010,F010241,"Broccolini, baked, roasted, fried, stir-fried, grilled or BBQ'd, added fat",366,3.7,6.5,2.3,1.5,2.9,45,0.9,19,12,0.52,Recipe,balanced
24202011,F001908,"Broccolini, boiled, microwaved or steamed, drained",127,3.3,0.4,2.1,1.4,2.6,38,0.77,16,7,0.44,Recipe,balanced
24201004,F001914,"Brussels sprout, raw",184,3.8,0.3,4.2,3.4,4.6,24,0.69,31,120,0.34,Analysed,balanced
24201005,F001912,"Brussels sprout, baked, roasted, fried, stir-fried, grilled or BBQ'd, added fat",399,4.0,5.9,4.4,3.6,4.8,25,0.72,33,108,0.36,Recipe,balanced
24201006,F001913,"Brussels sprout, boiled, microwaved or steamed, drained",192,4.0,0.3,4.3,3.6,4.8,24,0.68,31,69,0.34,Recipe,balanced
24201007,F001996,"Cabbage, Chinese (wombok), raw",44,1.1,0.0,0.9,0.9,1.1,25,0.3,6,20,0.2,Analysed,moderate
24201008,F001993,"Cabbage, Chinese (wombok), cooked",46,1.1,0.0,0.9,0.9,1.1,25,0.3,6,11,0.2,Recipe,moderate
24201009,F001990,"Cabbage, Chinese flowering/choy sum, raw",71,1.3,0.3,0.9,0.8,2.8,70,1.7,13,46,0.5,Analysed,balanced
24201010,F001991,"Cabbage, Chinese flowering/choy sum, cooked",359,1.8,7.5,1.2,1.1,3.8,95,2.31,18,53,0.68,Recipe,balanced
24201011,F001998,"Cabbage, mustard, raw",77,2.3,0.3,0.7,0.7,1.8,130,0.7,3,100,0.1,Analysed,moderate
24201012,F001997,"Cabbage, mustard, cooked",80,2.4,0.3,0.7,0.7,1.9,135,0.73,3,88,0.1,Recipe,moderate
24201013,F002006,"Cabbage, red, raw",128,2.2,0.3,3.2,3.2,3.1,35,0.6,16,65,0.3,Analysed,balanced
24201014,F002003,"Cabbage, red, cooked",133,2.3,0.3,3.3,3.3,3.2,35,0.59,16,51,0.3,Recipe,balanced
23202001,F002004,"Cabbage, red, canned, heated, drained",171,1.4,0.2,6.7,6.2,3.8,33,1.1,360,9,0.2,Analysed,moderate
24201015,F002015,"Cabbage, white, raw",101,1.2,0.0,3.8,3.8,2.2,34,0.33,16,38,0.17,Analysed,balanced
24201016,F002014,"Cabbage, white, cooked",105,1.2,0.0,3.9,3.9,2.3,33,0.33,15,30,0.17,Recipe,balanced
24201017,F002001,"Cabbage, raw",84,1.5,0.1,2.3,2.3,2.0,32,0.43,11,40,0.23,Recipe,balanced
24201018,F001987,"Cabbage, cooked",88,1.6,0.1,2.4,2.4,2.1,32,0.43,11,27,0.23,Recipe,balanced
23202011,F002000,"Cabbage, pickled (sauerkraut)",102,1.2,0.2,3.3,1.1,2.7,50,1.5,549,14,0.27,Label Data,at-risk
23201003,F002220,"Capers, pickled, canned, drained",126,2.4,0.9,1.7,0.4,3.2,40,1.67,2348,4,0.32,Borrowed,at-risk
24705003,F002239,"Capsicum, green, raw",69,0.9,0.0,2.5,2.5,1.5,6,0.23,1,170,0.11,Analysed,moderate
24705004,F002247,"Capsicum, red, raw",115,1.1,0.4,4.4,4.4,1.1,7,0.28,3,240,0.13,Analysed,moderate
24705005,F010259,"Capsicum, yellow, raw",117,1.1,0.4,4.3,4.3,1.5,5,0.26,2,130,0.15,Analysed,moderate
24705006,F002234,"Capsicum, raw",102,1.0,0.3,3.8,3.8,1.2,6,0.26,2,216,0.13,Recipe,moderate
24705007,F002230,"Capsicum, baked, roasted, fried, stir-fried, grilled or BBQ'd, no added fat",113,1.1,0.3,4.3,4.3,1.4,7,0.29,3,204,0.14,Recipe,moderate
24705008,F002229,"Capsicum, baked, roasted, fried, stir-fried, grilled or BBQ'd, added fat",312,1.1,5.8,4.1,4.1,1.3,7,0.28,3,194,0.14,Recipe,moderate
24705009,F002233,"Capsicum, boiled, microwaved or steamed, drained",107,1.1,0.3,4.0,4.0,1.3,6,0.26,2,170,0.13,Recipe,moderate
24301006,F002264,"Carrot, baby, canned in brine, drained, cooked",108,0.6,0.1,4.2,4.0,3.0,27,0.5,207,0,0.4,Analysed,moderate
24301001,F002276,"Carrot, raw",145,0.6,0.0,6.6,6.2,3.2,26,0.21,51,3,0.15,Analysed,moderate
24301002,F002274,"Carrot, baked, roasted, fried, stir-fried, grilled or BBQ'd, no added fat",177,0.7,0.0,8.0,7.6,3.9,32,0.26,63,2,0.18,Recipe,moderate
24301003,F002269,"Carrot, baked, roasted, fried, stir-fried, grilled or BBQ'd, added fat",393,0.7,6.1,7.6,7.2,3.7,30,0.24,60,2,0.17,Recipe,moderate
24301004,F002275,"Carrot, boiled, microwaved or steamed, drained",139,1.1,0.3,5.1,4.6,3.3,26,0.23,67,2,0.19,Analysed,balanced
24301005,F010297,"Carrot, packaged, chopped or grated",145,0.6,0.0,6.6,6.2,3.2,25,0.21,51,2,0.15,Recipe,moderate
24301007,F010334,"Carrot, purple, raw",145,0.6,0.0,6.6,6.2,3.2,26,0.21,51,3,0.15,Imputed,moderate
24301008,F010296,"Carrot, purple, cooked",156,0.6,0.0,7.1,6.7,3.5,27,0.21,52,2,0.15,Recipe,moderate
24301009,F010333,"Carrot, yellow, raw",145,0.6,0.0,6.6,6.2,3.2,26,0.21,51,3,0.15,Imputed,moderate
24301010,F010295,"Carrot, yellow, cooked",156,0.6,0.0,7.1,6.7,3.5,27,0.21,52,2,0.15,Recipe,moderate
24302006,F002288,"Cassava, white flesh, peeled, raw",644,0.6,0.3,34.1,1.2,4.6,21,1.0,2,38,2.4,Analysed,moderate
24302007,F002290,"Cassava, yellow flesh, peeled, raw",531,1.6,0.2,26.7,1.2,4.7,18,0.6,2,41,2.3,Analysed,balanced
24302008,F002286,"Cassava, peeled, raw",587,1.1,0.2,30.4,1.2,4.6,20,0.8,2,40,2.35,Recipe,balanced
24302009,F002285,"Cassava, peeled, cooked",632,1.2,0.3,32.7,1.3,5.0,20,0.82,2,28,2.4,Recipe,balanced
24202012,F002378,"Cauliflower, raw",102,1.9,0.2,3.3,2.8,1.2,18,0.32,40,42,0.2,Analysed,moderate
24202013,F002374,"Cauliflower, baked, roasted, fried, stir-fried, grilled or BBQ'd, no added fat",125,2.3,0.2,4.0,3.4,1.5,22,0.4,49,44,0.24,Recipe,moderate
24202014,F002373,"Cauliflower, baked, roasted, fried, stir-fried, grilled or BBQ'd, added fat",343,2.2,6.3,3.8,3.2,1.4,21,0.38,47,41,0.23,Recipe,moderate
24202015,F002377,"Cauliflower, boiled, microwaved or steamed, drained",106,2.0,0.2,3.4,2.9,1.2,18,0.32,40,33,0.2,Recipe,moderate
24202018,F010246,"Cauliflower rice, raw",77,1.2,0.4,1.7,1.4,1.8,18,0.32,19,42,0.2,Label Data,moderate
24202019,F010247,"Cauliflower rice, cooked",80,1.2,0.4,1.8,1.4,1.9,18,0.32,19,33,0.2,Recipe,moderate
24202016,F010243,"Cauliflower, purple, raw",102,1.9,0.2,3.3,2.8,1.2,18,0.32,40,42,0.2,Imputed,moderate
24202017,F010245,"Cauliflower, purple, cooked",106,2.0,0.2,3.4,2.9,1.2,18,0.32,40,24,0.2,Recipe,moderate
24302010,F002384,"Celeriac, peeled, raw",162,1.6,0.2,2.8,2.8,5.1,41,0.2,21,13,0.5,Analysed,balanced
24302011,F002383,"Celeriac, peeled, cooked",174,1.7,0.2,3.0,3.0,5.5,42,0.2,21,9,0.51,Recipe,balanced
24402013,F002390,"Celery, raw",74,0.6,0.1,1.8,1.8,1.6,44,0.22,90,4,0.19,Analysed,moderate
24402014,F002386,"Celery, cooked",310,0.8,6.2,2.0,2.0,1.8,51,0.26,105,4,0.22,Recipe,moderate
24302012,F002884,"Chicory, raw",67,1.8,0.2,0.8,0.7,1.8,30,1.7,36,12,0.2,Analysed,moderate
24302013,F002883,"Chicory, cooked",78,2.1,0.2,0.9,0.8,2.1,34,1.9,40,10,0.22,Recipe,balanced
24705010,F002896,"Chilli (chili), green, raw",181,2.8,0.3,1.0,1.0,12.9,12,1.6,4,128,0.4,Analysed,balanced
24705011,F002895,"Chilli (chili), green, pickled",112,0.6,0.2,4.5,1.9,2.0,12,1.6,890,128,0.4,Label Data,at-risk
24705012,F002901,"Chilli (chili), red, raw",193,1.4,0.7,4.8,4.8,7.2,12,0.74,3,190,0.26,Analysed,balanced
24705013,F002899,"Chilli (chili), raw",189,1.8,0.6,3.7,3.7,8.9,12,0.99,3,172,0.3,Recipe,balanced
24705014,F002891,"Chilli (chili), cooked",210,2.0,0.6,4.1,4.1,9.9,13,1.1,3,162,0.33,Recipe,balanced
24403002,F002907,"Chives, fresh, raw",120,1.5,0.3,2.6,2.6,4.7,90,2.8,7,29,0.4,Analysed,balanced
24705015,F002949,"Choko, peeled, raw",87,0.5,0.2,3.6,3.1,1.4,17,0.3,8,14,0.2,Analysed,moderate
24705016,F002948,"Choko, peeled, cooked",103,0.6,0.2,4.3,3.7,1.7,19,0.34,9,11,0.23,Recipe,moderate
24403003,F003192,"Coriander, fresh, leaves & stems, raw",132,3.1,0.6,1.9,1.2,3.2,86,4.5,45,30,0.55,Analysed,balanced
24704001,F003209,"Corn, raw",369,3.6,1.8,12.5,5.4,4.2,16,1.2,19,3,0.45,Analysed,balanced
24704002,F003213,"Corn, baked, roasted, fried, stir-fried, grilled or BBQ'd, no added fat",410,4.0,2.0,13.9,6.0,4.7,18,1.33,21,2,0.5,Recipe,balanced
24704003,F003219,"Corn, baked, roasted, fried, stir-fried, grilled or BBQ'd, added fat",594,3.8,7.4,13.2,5.7,4.4,17,1.27,21,2,0.48,Recipe,balanced
24704004,F003200,"Corn, boiled, microwaved or steamed, drained",384,3.8,1.9,13.0,5.6,4.4,16,1.19,19,2,0.44,Recipe,balanced
24704005,F003204,"Corn, canned, baby, heated, drained",105,1.6,0.2,2.5,1.6,3.6,8,0.9,182,4,0.4,Analysed,balanced
24704007,F003207,"Corn, canned, creamed, heated",290,2.0,1.1,11.2,5.1,3.4,2,0.5,218,2,0.6,Analysed,moderate
24704006,F003220,"Corn, canned, kernels, drained",391,2.9,1.0,16.8,3.5,2.7,2,0.42,170,3,0.5,Analysed,balanced
24705017,F003319,"Cucumber, common, peeled, raw",50,0.4,0.1,2.1,2.1,0.6,13,0.3,21,8,0.4,Analysed,moderate
24705018,F003320,"Cucumber, common, unpeeled, raw",50,0.8,0.1,1.2,1.2,1.4,18,0.22,10,7,0.18,Analysed,moderate
24705019,F003321,"Cucumber, Lebanese, unpeeled, raw",46,0.7,0.0,1.8,1.7,0.6,21,0.24,4,6,0.13,Analysed,moderate
24705020,F003323,"Cucumber, raw",49,0.7,0.1,1.5,1.5,1.1,18,0.24,11,7,0.2,Recipe,moderate
24705021,F003322,"Cucumber, cooked",58,0.8,0.1,1.8,1.7,1.3,21,0.28,13,7,0.24,Recipe,moderate
24403004,F003509,"Dill, fresh, raw",170,3.4,1.2,2.5,1.2,3.3,170,1.9,42,66,0.9,Borrowed,balanced
24705022,F003761,"Eggplant, raw",85,1.0,0.2,2.6,2.6,2.6,16,0.22,7,2,0.12,Analysed,moderate
24705023,F003753,"Eggplant, baked, roasted, fried, stir-fried, grilled or BBQ'd, no added fat",134,1.4,0.2,4.2,4.2,4.5,11,0.28,12,2,0.19,Analysed,balanced
24705024,F003755,"Eggplant, baked, roasted, fried, stir-fried, grilled or BBQ'd, added fat",379,1.3,7.3,3.5,3.5,3.6,21,0.29,10,2,0.16,Recipe,balanced
24705025,F003756,"Eggplant, boiled, microwaved or steamed, drained",92,1.0,0.2,2.7,2.7,2.8,16,0.22,7,2,0.12,Recipe,moderate
23202002,F003758,"Eggplant, pickled",518,0.8,12.1,2.2,2.2,2.2,13,0.17,196,1,0.1,Recipe,moderate
24401001,F003784,"Endive, raw",58,1.5,0.2,0.4,0.3,2.2,46,1.7,76,18,0.4,Analysed,balanced
24801001,F003820,"Fennel, raw",92,1.0,0.1,3.3,3.3,1.8,20,0.1,38,9,0.1,Analysed,moderate
24801002,F003819,"Fennel, cooked",108,1.2,0.1,3.9,3.9,2.1,22,0.11,42,8,0.11,Recipe,balanced
24403005,F004016,"Flower, rosella (native)",41,0.5,0.0,0.0,0.0,4.1,79,0.0,11,26,0.0,Analysed,moderate
24802001,F004193,"Garlic, peeled, raw",522,6.1,2.8,10.2,1.5,16.9,30,1.7,8,11,1.0,Analysed,balanced
24802002,F004192,"Garlic, peeled, cooked",842,9.8,4.5,16.4,2.4,27.2,48,2.74,13,15,1.61,Recipe,balanced
23202003,F004206,"Gherkin, pickled, drained",441,0.4,0.3,24.4,23.6,0.9,22,0.5,520,0,0.0,Analysed,at-risk
24302014,F004213,"Ginger, peeled, raw",132,0.8,0.4,4.8,1.7,2.8,17,0.6,11,3,0.4,Analysed,moderate
24302015,F004212,"Ginger, peeled, cooked",160,1.0,0.5,5.8,2.1,3.4,21,0.73,13,3,0.49,Recipe,moderate
23202004,F004216,"Ginger, pickled, drained",75,0.4,0.2,2.8,1.0,1.6,11,0.33,1000,1,0.22,Recipe,at-risk
24403013,F004366,"Herbs, mixed, raw",131,3.4,0.6,1.1,0.8,4.0,133,3.87,84,91,0.8,Recipe,balanced
24403014,F010457,"Herbs, fresh, paste",962,1.4,8.9,40.2,15.3,3.2,86,2.07,2480,27,0.36,Recipe,at-risk
24201019,F004781,"Kale, raw",107,3.3,0.0,0.3,0.3,5.2,215,1.5,86,88,0.4,Analysed,balanced
24201020,F004780,"Kale, cooked",153,4.7,0.0,0.4,0.4,7.5,307,2.14,122,106,0.58,Recipe,balanced
23202005,F010255,Kim chi (kimchi),134,2.4,0.5,4.2,3.4,0.8,18,0.1,520,21,0.2,Borrowed,at-risk
24201021,F004820,"Kohlrabi, raw",163,3.7,0.1,4.2,4.2,3.3,25,0.7,16,71,0.4,Analysed,balanced
24201022,F004819,"Kohlrabi, cooked",170,3.8,0.1,4.4,4.4,3.4,25,0.69,16,55,0.4,Recipe,balanced
24802003,F005164,"Leek, raw",128,1.6,0.2,4.1,4.1,3.1,32,0.58,12,14,0.3,Analysed,balanced
24802004,F005162,"Leek, cooked",142,1.8,0.2,4.6,4.6,3.5,34,0.61,12,12,0.31,Recipe,balanced
24401002,F005191,"Lettuce, cos, raw",72,1.2,0.2,1.8,1.8,1.8,21,0.68,16,9,0.28,Analysed,moderate
24401003,F005192,"Lettuce, iceberg, raw",60,1.0,0.0,2.1,2.1,1.1,18,0.26,12,2,0.21,Analysed,moderate
24401004,F005193,"Lettuce, green leaves (oak, mignonette etc.)",64,1.3,0.3,1.1,1.1,1.4,20,1.1,18,12,0.28,Analysed,moderate
24401005,F010455,"Lettuce, red leaves",54,2.2,0.0,0.0,0.0,2.0,96,1.6,91,2,0.49,Analysed,balanced
24401006,F005194,"Lettuce, raw",65,1.1,0.1,1.8,1.8,1.4,20,0.53,15,6,0.25,Recipe,moderate
24401007,F005190,"Lettuce, cooked",76,1.3,0.1,2.2,2.2,1.6,22,0.6,16,4,0.28,Recipe,moderate
24403006,F010451,"Marjoram, fresh, raw",396,3.3,5.9,0.6,0.4,14.1,317,6.65,26,22,0.93,Borrowed,balanced
24705026,F005513,"Melon, bitter, raw",46,0.9,0.0,0.2,0.1,3.3,22,0.9,3,50,0.1,Analysed,moderate
24705027,F005512,"Melon, bitter, cooked",51,1.0,0.0,0.2,0.1,3.7,24,1.0,3,47,0.11,Recipe,moderate
24705028,F005514,"Melon, hairy, raw",61,0.7,0.0,2.0,1.7,2.1,12,0.3,2,69,0.2,Analysed,moderate
24403007,F005700,"Mint, fresh, raw",225,3.1,1.1,4.4,0.9,7.2,210,3.6,28,26,0.8,Analysed,balanced
24401008,F010458,"Mixed leafy greens, packaged, spinach & kale",91,3.1,0.0,0.2,0.2,4.2,166,1.58,86,62,0.55,Recipe,balanced
24401009,F010459,"Mixed leafy greens, packaged, spinach & rocket",79,3.0,0.2,0.2,0.2,2.4,152,1.63,67,53,0.58,Recipe,balanced
24401010,F009788,"Mixed leafy greens, packaged, all types",54,2.2,0.0,0.0,0.0,2.0,96,1.6,91,2,0.49,Analysed,balanced
24803001,F005779,"Mixed vegetables, Asian greens, raw",79,2.4,0.2,0.6,0.6,2.5,82,1.41,55,28,0.36,Recipe,balanced
24803002,F005781,"Mixed vegetables, Asian greens, baked, roasted, fried, stir-fried, grilled or BBQ'd, no added fat",112,3.5,0.3,0.9,0.9,3.5,118,2.01,79,34,0.51,Recipe,balanced
24803003,F005780,"Mixed vegetables, Asian greens, baked, roasted, fried, stir-fried, grilled or BBQ'd, added fat",370,3.3,7.4,0.8,0.8,3.3,112,1.91,76,32,0.49,Recipe,balanced
24803004,F005777,"Mixed vegetables, Asian greens, boiled, microwaved or steamed, drained",82,2.6,0.2,0.6,0.6,2.6,82,1.4,55,16,0.36,Recipe,balanced
24803005,F005805,"Mixed vegetables, raw",138,1.3,0.1,5.1,4.6,2.8,28,0.36,41,12,0.22,Recipe,balanced
24803006,F005807,"Mixed vegetables, carrot, pumpkin or sweet potato, cooked, no added fat",192,2.3,0.4,6.7,3.4,3.2,24,0.64,27,12,0.47,Recipe,balanced
24803007,F005806,"Mixed vegetables, carrot, pumpkin or sweet potato, cooked, added fat",367,2.2,5.3,6.4,3.2,3.0,23,0.61,26,12,0.44,Recipe,balanced
24803008,F005813,"Mixed vegetables, carrot, corn & peas/beans, cooked",187,1.8,0.3,5.9,2.7,5.9,31,0.58,25,4,0.3,Analysed,balanced
24803009,F010276,"Mixed vegetables, peas & corn, cooked",322,4.5,1.1,9.7,4.0,5.2,21,1.39,11,6,1.12,Recipe,balanced
24803010,F010282,"Mixed vegetables, with grains, purchased frozen, cooked",512,4.3,2.1,19.9,2.0,2.9,21,1.06,172,15,0.56,Recipe,balanced
24902011,F010284,"Mixed vegetables, with sauce, purchased frozen, cooked",646,5.4,11.0,7.0,2.8,3.0,144,0.58,835,20,0.7,Recipe,at-risk
24803011,F005782,"Mixed vegetables, canned",269,3.0,0.5,9.9,3.6,4.2,18,0.87,197,3,0.84,Recipe,balanced
23202006,F005812,"Mixed vegetables, pickled, drained",100,1.1,0.1,3.6,3.4,1.8,19,0.29,552,35,0.17,Recipe,at-risk
24703001,F005946,"Mushroom, common, raw",114,2.2,0.8,0.8,0.8,1.4,2,0.34,7,0,0.3,Analysed,moderate
24703002,F005945,"Mushroom, common, baked, roasted, fried, stir-fried, grilled or BBQ'd, no added fat",208,5.0,1.4,3.1,3.1,2.7,4,0.36,11,0,0.86,Analysed,balanced
24703003,F005940,"Mushroom, common, baked, roasted, fried, stir-fried, grilled or BBQ'd, added fat",552,4.0,10.8,1.3,1.3,2.6,4,0.62,14,0,0.54,Recipe,balanced
24703004,F005943,"Mushroom, common, boiled, microwaved or steamed, drained",173,3.4,1.2,1.1,1.1,2.2,3,0.5,11,0,0.44,Recipe,balanced
24703005,F005936,"Mushroom, canned in brine, drained",89,2.7,0.5,0.5,0.5,2.1,3,1.0,286,3,0.4,Analysed,moderate
24703006,F005950,"Mushroom, dried",1343,26.4,9.4,8.8,8.8,17.0,28,4.06,88,0,3.56,Recipe,moderate
24703007,F010257,"Mushroom, prepared from dried",192,3.8,1.3,1.3,1.3,2.4,4,0.58,12,0,0.51,Recipe,balanced
24703008,F005956,"Mushroom, oriental, raw",114,2.2,0.8,0.8,0.8,1.4,2,0.34,7,0,0.3,Imputed,moderate
24703009,F005954,"Mushroom, oriental, cooked",173,3.4,1.2,1.1,1.1,2.2,3,0.5,11,0,0.44,Recipe,balanced
23202007,F010317,"Mushroom, pickled",122,1.9,0.7,2.1,2.1,1.2,2,0.28,503,0,0.25,Recipe,at-risk
24705029,F006195,"Okra, raw",112,3.1,0.2,1.4,1.4,3.7,82,1.1,2,34,0.6,Analysed,balanced
24705030,F006194,"Okra, cooked",312,3.2,5.6,1.4,1.4,3.8,84,1.12,2,30,0.61,Recipe,balanced
23202008,F006198,"Olive, green or black, drained",868,2.2,21.7,0.0,0.0,3.2,49,1.62,1460,0,0.16,Analysed,at-risk
23202009,F006199,"Olive, green, pimento stuffed, drained",471,0.5,10.5,2.1,0.0,3.0,98,0.1,1263,1,0.0,Analysed,at-risk
24802005,F006225,"Onion, mature, brown skinned, peeled, raw",136,1.3,0.0,5.8,5.8,2.3,23,0.24,8,7,0.2,Analysed,balanced
24802006,F009800,"Onion, mature, red skinned, peeled, raw",116,0.8,0.0,5.5,5.5,1.8,19,0.17,5,6,0.13,Analysed,moderate
24802007,F006243,"Onion, mature, white skinned, peeled, raw",128,1.7,0.1,4.7,4.7,2.1,24,0.26,8,7,0.2,Analysed,balanced
24802008,F006238,"Onion, mature, peeled, raw",124,1.0,0.0,5.5,5.5,2.0,21,0.2,6,6,0.16,Recipe,moderate
24802009,F006232,"Onion, mature, peeled, baked, roasted, fried, stir-fried, grilled or BBQ'd, no added fat",200,1.7,0.0,8.8,8.8,3.2,34,0.33,10,8,0.26,Recipe,moderate
24802010,F006231,"Onion, mature, peeled, baked, roasted, fried, stir-fried, grilled or BBQ'd, added fat",487,1.6,8.0,8.4,8.4,3.0,32,0.32,10,8,0.25,Recipe,moderate
24802011,F006236,"Onion, mature, peeled, boiled, microwaved or steamed, drained",138,1.2,0.0,6.1,6.1,2.2,22,0.22,6,5,0.17,Recipe,balanced
23202010,F006245,"Onion, pickled, drained, commercial",260,0.5,0.2,13.0,12.3,1.5,26,0.1,790,0,0.0,Analysed,at-risk
24802012,F006250,"Onion, spring, raw",127,1.7,0.2,4.6,4.5,1.9,22,0.5,13,32,0.1,Analysed,moderate
24802013,F006249,"Onion, spring, cooked",204,2.7,0.3,7.4,7.2,3.1,35,0.81,21,44,0.16,Recipe,balanced
24403008,F010452,"Oregano, fresh, raw",396,3.3,5.9,0.6,0.4,14.1,317,6.65,26,22,0.93,Borrowed,balanced
24403009,F006321,"Parsley, fresh, raw",150,3.9,0.7,1.1,1.0,5.0,120,3.9,150,180,0.91,Analysed,balanced
24302016,F006328,"Parsnip, peeled, raw",246,1.6,0.4,10.1,5.6,4.1,36,0.28,17,10,0.3,Analysed,balanced
24302017,F006326,"Parsnip, peeled, baked, roasted, fried, stir-fried, grilled or BBQ'd, no added fat",300,2.0,0.5,12.3,6.8,5.0,44,0.34,21,9,0.37,Recipe,balanced
24302018,F006325,"Parsnip, peeled, baked, roasted, fried, stir-fried, grilled or BBQ'd, added fat",509,1.9,6.5,11.7,6.4,4.7,42,0.32,20,9,0.35,Recipe,balanced
24302019,F006327,"Parsnip, peeled, boiled, microwaved or steamed, drained",264,1.8,0.4,10.9,6.0,4.4,37,0.29,17,7,0.31,Recipe,balanced
24501001,F006536,"Pea, green, raw",311,6.5,0.5,7.7,3.4,6.6,30,1.83,1,24,1.02,Analysed,balanced
24501002,F006538,"Pea, green, cooked, no added fat",261,5.2,0.3,6.4,2.5,6.1,27,1.6,3,11,1.8,Analysed,balanced
24501003,F006532,"Pea, green, cooked, added fat",515,6.6,5.8,7.9,3.4,6.8,29,1.78,1,19,0.99,Recipe,balanced
24501004,F006530,"Pea, green, canned, drained, cooked",307,5.4,0.5,8.5,3.7,7.0,27,1.7,230,6,1.66,Analysed,moderate
23202012,F006638,"Pickles, mustard, sweet",348,0.8,0.5,17.5,14.7,1.4,15,0.6,620,24,0.2,Analysed,at-risk
24101002,F007325,"Potato, pale skin, peeled, raw",242,2.0,0.0,11.5,1.0,1.1,3,0.45,4,16,0.21,Analysed,moderate
24101003,F007314,"Potato, pale skin, peeled, baked, roasted, fried, stir-fried, grilled or BBQ'd, no added fat",368,3.0,0.0,17.4,1.5,1.7,5,0.68,7,19,0.32,Recipe,moderate
24101004,F007320,"Potato, pale skin, peeled, boiled, microwaved or steamed, drained",258,1.5,0.1,12.1,0.3,2.0,5,0.31,8,10,0.23,Analysed,balanced
24101001,F007334,"Potato, pale skin, unpeeled, raw",243,2.0,0.0,11.5,1.0,1.2,3,0.45,4,16,0.21,Imputed,moderate
24101006,F007368,"Potato, red skin, peeled, raw",240,2.3,0.0,10.7,1.7,1.7,6,0.24,5,14,0.28,Analysed,moderate
24101007,F007364,"Potato, red skin, peeled, baked, roasted, fried, stir-fried, grilled or BBQ'd, no added fat",364,3.5,0.0,16.2,2.6,2.6,10,0.36,8,17,0.42,Recipe,balanced
24101008,F007366,"Potato, red skin, peeled, boiled, microwaved or steamed, drained",298,2.0,0.0,14.2,0.2,2.4,6,0.42,11,9,0.3,Analysed,balanced
24101005,F007373,"Potato, red skin, unpeeled, raw",242,2.3,0.0,10.7,1.7,1.9,6,0.24,5,14,0.28,Imputed,moderate
24101013,F007356,"Potato, peeled, raw",242,2.0,0.0,11.4,1.1,1.2,4,0.42,4,15,0.22,Recipe,moderate
24101014,F007342,"Potato, peeled, baked, roasted, fried, stir-fried, grilled or BBQ'd, no added fat",366,3.2,0.0,16.8,2.0,2.1,7,0.52,7,18,0.37,Recipe,balanced
24101015,F007341,"Potato, peeled, baked, roasted, fried, stir-fried, grilled or BBQ'd, added fat",628,2.9,7.5,16.4,1.6,1.7,5,0.61,7,18,0.32,Recipe,moderate
24101016,F007353,"Potato, peeled, boiled, microwaved or steamed, drained",278,1.7,0.0,13.1,0.2,2.2,6,0.36,10,10,0.26,Recipe,balanced
24101009,F007399,"Potato, unpeeled, raw",243,2.0,0.0,11.4,1.1,1.3,4,0.42,4,15,0.22,Recipe,moderate
24101010,F007393,"Potato, unpeeled, baked, roasted, fried, stir-fried, grilled or BBQ'd, no added fat",368,3.1,0.0,17.3,1.6,2.0,6,0.64,7,18,0.33,Recipe,balanced
24101011,F007392,"Potato, unpeeled, baked, roasted, fried, stir-fried, grilled or BBQ'd, added fat",629,2.9,7.5,16.4,1.6,1.9,5,0.61,7,18,0.32,Recipe,moderate
24101012,F007398,"Potato, unpeeled, boiled, microwaved or steamed, drained",248,2.1,0.0,11.6,1.1,1.3,4,0.41,4,12,0.21,Recipe,moderate
24102002,F010316,"Potato, purchased frozen, baked",479,3.3,2.5,18.0,1.9,2.0,7,0.5,198,17,0.39,Recipe,balanced
24101017,F010973,"Potato, skin, baked",788,4.3,0.1,38.2,1.4,7.9,34,7.04,21,14,0.49,Borrowed,balanced
24102007,F007242,"Potato, chips, purchased frozen, baked or roasted, no added fat",733,3.8,5.9,24.1,0.0,3.8,10,0.96,148,1,0.43,Imputed,balanced
24102008,F007243,"Potato, chips, purchased frozen, deep fried or fried, fat not further defined",1033,2.4,14.8,25.2,1.3,1.4,5,0.5,288,14,0.26,Recipe,moderate
24102009,F007233,"Potato, chips, purchased frozen, reduced fat, cooked",654,3.7,3.3,25.3,0.3,3.8,10,0.96,47,1,0.43,Imputed,balanced
24102010,F007219,"Potato, chips, homemade, deep fried or fried, added fat",754,2.8,11.5,15.4,1.5,1.6,5,0.57,6,16,0.3,Recipe,moderate
24102004,F007236,"Potato, chips, takeaway outlet, deep fried, monounsaturated oil, salted",1020,3.8,12.2,28.2,0.0,3.0,10,0.86,192,1,0.49,Analysed,balanced
24102003,F007268,"Potato, chips, takeaway outlet, deep fried, monounsaturated oil, unsalted",1020,3.8,12.2,28.2,0.0,3.0,10,0.86,10,1,0.49,Imputed,balanced
24102005,F007238,"Potato, chips, takeaway outlet, deep fried, blended oil, salted",997,3.8,11.6,28.2,0.0,3.0,10,0.86,180,1,0.49,Analysed,balanced
24102006,F007237,"Potato, chips, takeaway outlet, deep fried, blended oil, unsalted",997,3.8,11.6,28.2,0.0,3.0,10,0.86,10,1,0.49,Imputed,balanced
24102011,F007286,"Potato, gem, nugget or royal, purchased frozen, par-fried in canola oil, raw",622,2.8,7.2,16.9,1.5,1.6,5,0.58,310,17,0.31,Recipe,moderate
24102012,F007284,"Potato, gem, nugget or royal, purchased frozen, baked",819,3.7,9.5,22.2,2.0,2.1,7,0.76,409,11,0.4,Recipe,at-risk
24102013,F007285,"Potato, gem, nugget or royal, purchased frozen, deep fried or fried",940,3.6,13.2,21.6,1.9,2.1,7,0.74,396,11,0.39,Recipe,moderate
24102014,F007296,"Potato, hash brown, purchased frozen, par-fried in canola oil, raw",809,2.7,11.2,19.5,1.4,1.6,6,0.59,343,16,0.29,Recipe,moderate
24102015,F007295,"Potato, hash brown, purchased frozen, cooked",1064,3.5,14.7,25.6,1.9,2.0,7,0.77,452,10,0.38,Recipe,at-risk
24102016,F007292,"Potato, hash brown, takeaway outlet, deep fried",1140,3.4,17.1,25.1,1.8,2.0,7,0.76,443,10,0.38,Recipe,at-risk
24102001,F010945,"Potato, dehydrated",1296,8.1,0.3,61.3,1.2,10.1,27,1.69,46,37,1.24,Recipe,balanced
24103004,F007303,"Potato, mashed, with gravy, fast food chain",271,2.0,1.2,10.4,1.4,1.9,7,0.3,316,1,0.2,Recipe,moderate
24103001,F007298,"Potato, mashed, dried powder",1563,10.9,6.6,61.2,6.2,10.0,34,1.43,1376,10,1.2,Label Data,at-risk
24103002,F007300,"Potato, mashed, made from dried powder & cow's milk or water",427,3.6,2.8,14.5,3.6,2.0,53,0.29,290,2,0.38,Recipe,moderate
24103003,F007335,"Potato, mashed, with cow's milk & butter or dairy blend",420,2.1,4.9,11.0,1.3,1.6,26,0.29,45,8,0.27,Recipe,moderate
24102017,F007413,"Potato, wedges, purchased frozen, par-fried in canola oil, raw",581,2.4,5.2,19.3,1.3,1.5,5,0.55,254,14,0.26,Recipe,moderate
24102018,F007411,"Potato, wedges, purchased frozen, baked or roasted",733,3.8,5.9,24.1,0.0,3.8,10,0.96,230,1,0.43,Analysed,moderate
24102019,F007412,"Potato, wedges, purchased frozen, deep fried or fried",805,3.2,8.1,25.2,1.7,2.0,7,0.71,331,18,0.34,Recipe,moderate
24102020,F007409,"Potato, wedges, takeaway outlet, deep fried, salted",809,3.8,6.5,28.2,0.0,3.0,10,0.86,180,1,0.49,Imputed,balanced
24102021,F007203,"Potato, scallop, deep fried, salted",1373,5.4,21.6,27.3,0.6,2.7,16,0.8,266,2,0.5,Analysed,at-risk
24701001,F007555,"Pumpkin, peeled, raw",144,1.2,0.0,6.7,6.0,1.9,15,0.24,0,8,0.14,Analysed,moderate
24701002,F007553,"Pumpkin, peeled, baked, roasted, fried, stir-fried, grilled or BBQ'd, no added fat",170,1.5,0.0,7.9,7.0,2.2,18,0.29,0,8,0.16,Recipe,balanced
24701003,F007548,"Pumpkin, peeled, baked, roasted, fried, stir-fried, grilled or BBQ'd, added fat",378,1.4,5.8,7.5,6.7,2.1,17,0.27,1,7,0.15,Recipe,balanced
24701004,F007554,"Pumpkin, peeled, boiled, microwaved or steamed, drained",150,1.3,0.0,7.0,6.2,2.0,15,0.24,0,6,0.13,Recipe,balanced
24701005,F007567,"Pumpkin, unpeeled, raw",146,1.2,0.0,6.7,6.0,2.1,19,0.27,0,14,0.16,Analysed,balanced
24701006,F007562,"Pumpkin, unpeeled, cooked, added fat",380,1.4,5.8,7.5,6.7,2.3,21,0.3,1,13,0.18,Recipe,balanced
24302020,F007606,"Radish, raw",62,0.8,0.2,1.9,1.9,1.1,25,1.1,20,23,0.2,Analysed,moderate
24401011,F007712,"Rocket, fresh, raw",91,3.3,0.3,0.3,0.3,2.4,214,1.56,47,83,0.4,Analysed,balanced
24401012,F010438,"Rocket, packaged, raw",91,3.3,0.3,0.3,0.3,2.4,214,1.56,47,83,0.4,Analysed,balanced
24401013,F007711,"Rocket, cooked",107,3.9,0.4,0.4,0.4,2.8,251,1.83,56,83,0.47,Recipe,balanced
24403010,F007716,"Rosemary, fresh, raw",396,3.3,5.9,0.6,0.4,14.1,317,6.65,26,22,0.93,Borrowed,balanced
24403011,F010439,"Sage, fresh, raw",396,3.3,5.9,0.6,0.4,14.1,317,6.65,26,22,0.93,Borrowed,balanced
24001002,F009852,"Samphire, raw",161,2.8,0.5,1.2,1.2,9.4,114,3.57,3423,25,0.23,Borrowed,at-risk
24404001,F008204,"Seaweed, nori, dried",1266,46.7,4.3,2.3,0.3,34.3,310,19.0,470,290,3.0,Analysed,at-risk
24404002,F008203,"Seaweed, cooked",228,8.4,0.8,0.4,0.0,6.2,54,3.25,83,39,0.52,Recipe,balanced
24404003,F010988,"Salad, seaweed",454,7.4,6.0,2.9,2.5,5.1,45,2.74,331,31,0.56,Recipe,moderate
24802014,F008227,"Shallot, peeled, raw",107,1.5,0.1,3.1,3.1,2.9,95,0.41,6,22,0.3,Analysed,balanced
24802015,F008226,"Shallot, peeled, cooked",172,2.4,0.2,5.0,5.0,4.7,153,0.66,9,30,0.48,Recipe,balanced
24401014,F008267,"Silverbeet, raw",87,2.1,0.2,1.4,1.4,2.3,72,1.75,158,13,0.57,Analysed,balanced
24401015,F008266,"Silverbeet, cooked",103,2.5,0.3,1.7,1.7,2.7,80,1.96,176,8,0.64,Recipe,balanced
24501005,F008373,"Snow pea, raw",163,3.0,0.0,5.6,4.0,2.6,42,0.98,1,48,0.46,Analysed,balanced
24501009,F010326,"Sugar snap pea, raw",163,3.0,0.0,5.6,4.0,2.6,42,0.98,1,48,0.46,Imputed,balanced
24501006,F008372,"Snow pea, baked, roasted, fried, stir-fried, grilled or BBQ'd, no added fat",204,3.8,0.0,7.0,5.0,3.2,52,1.22,2,51,0.58,Recipe,balanced
24501007,F008369,"Snow pea, baked, roasted, fried, stir-fried, grilled or BBQ'd, added fat",424,3.6,6.2,6.6,4.8,3.1,50,1.16,2,48,0.55,Recipe,balanced
24501008,F008371,"Snow pea, boiled, microwaved or steamed, drained",176,3.2,0.0,6.0,4.3,2.8,43,1.0,1,28,0.47,Recipe,balanced
24401016,F008749,"Spinach, baby, fresh, raw",68,2.8,0.0,0.0,0.0,2.5,91,1.7,86,23,0.76,Analysed,balanced
24401017,F010433,"Spinach, baby, packaged, raw",68,2.8,0.0,0.0,0.0,2.5,91,1.7,86,23,0.76,Imputed,balanced
24401018,F008761,"Spinach, mature, fresh, raw",82,2.4,0.3,0.6,0.6,2.5,53,3.2,21,27,0.6,Analysed,balanced
24401019,F008760,"Spinach, fresh, boiled, microwaved or steamed, drained",97,2.8,0.4,0.7,0.7,2.9,59,3.58,23,17,0.67,Recipe,balanced
24401020,F008759,"Spinach, purchased frozen, boiled, microwaved or steamed, drained",134,3.5,0.5,0.7,0.5,5.5,170,2.1,100,4,1.1,Analysed,balanced
24401021,F008763,"Spinach, water, raw",110,2.9,0.5,1.0,0.5,2.8,68,2.4,25,28,0.2,Analysed,balanced
24401022,F008762,"Spinach, water, cooked",158,4.1,0.7,1.4,0.7,4.0,97,3.43,36,34,0.28,Recipe,balanced
24503001,F008803,"Sprout, alfalfa, raw",91,3.2,0.3,0.5,0.5,2.2,19,0.78,39,36,0.5,Analysed,balanced
24503002,F008806,"Sprout, bean, raw",94,3.1,0.1,1.6,1.0,1.3,10,0.4,1,12,0.6,Analysed,moderate
24503003,F008805,"Sprout, bean, cooked",110,3.6,0.1,1.9,1.2,1.5,12,0.47,1,12,0.7,Recipe,moderate
24503004,F010327,"Sprout, snow pea, raw",91,3.2,0.3,0.5,0.5,2.2,19,0.78,39,36,0.5,Imputed,balanced
24702001,F008811,"Squash, button or scallopini, raw",110,2.7,0.2,3.2,2.9,0.5,6,0.3,1,26,0.2,Analysed,moderate
24702002,F008810,"Squash, button or scallopini, cooked",130,3.2,0.2,3.8,3.4,0.6,7,0.34,1,23,0.23,Recipe,moderate
24501010,F010325,"Sugar snap pea, cooked",170,3.1,0.0,5.8,4.2,2.7,42,0.97,1,28,0.46,Recipe,balanced
24302021,F009021,"Swede, peeled, raw",93,0.9,0.0,3.7,3.4,2.2,22,0.3,12,27,0.2,Analysed,moderate
24302022,F009020,"Swede, peeled, cooked",100,1.0,0.0,4.0,3.6,2.4,22,0.31,12,19,0.2,Recipe,moderate
24302024,F009035,"Sweet potato, orange flesh, peeled, raw",273,1.4,0.2,13.2,5.8,2.6,27,0.42,6,14,0.5,Analysed,balanced
24302025,F009033,"Sweet potato, orange flesh, peeled, baked, roasted, fried, stir-fried, grilled or BBQ'd, no added fat",333,1.8,0.2,16.1,7.1,3.2,33,0.52,7,14,0.61,Recipe,balanced
24302026,F009026,"Sweet potato, orange flesh, peeled, baked, roasted, fried, stir-fried, grilled or BBQ'd, added fat",541,1.7,6.3,15.3,6.7,3.0,31,0.49,8,13,0.58,Recipe,balanced
24302027,F009034,"Sweet potato, orange flesh, peeled, boiled, microwaved or steamed, drained",294,1.6,0.2,14.2,6.2,2.8,28,0.43,6,12,0.51,Recipe,balanced
24302028,F009025,"Sweet potato, orange flesh, mashed, added fat",530,1.4,7.1,13.2,5.8,2.6,26,0.4,6,11,0.48,Recipe,balanced
24302023,F010942,"Sweet potato, orange flesh, unpeeled, raw",274,1.4,0.2,13.2,5.8,2.7,27,0.42,6,14,0.5,Analysed,balanced
24302029,F009039,"Sweet potato, white flesh, peeled, raw",466,1.4,0.2,24.2,4.6,3.2,19,0.4,31,19,0.2,Analysed,balanced
24302030,F009040,"Sweet potato, white flesh, peeled, cooked",541,1.7,6.3,15.3,6.7,3.0,31,0.49,8,13,0.58,Recipe,balanced
24302031,F010943,"Sweet potato, purple flesh, peeled, raw",485,1.4,0.2,25.5,4.2,2.7,27,0.42,6,14,0.18,Analysed,balanced
24102022,F009023,"Sweet potato, chips, purchased frozen, par-fried in oil, raw",609,2.0,6.0,19.4,7.8,3.5,37,0.58,172,16,0.68,Recipe,balanced
24102023,F009022,"Sweet potato, chips, purchased frozen, baked or roasted",870,2.9,8.6,27.7,11.2,5.1,52,0.82,246,18,0.98,Recipe,moderate
24102024,F010540,"Sweet potato, chips, takeaway outlet, deep fried",1106,2.7,15.8,26.1,10.5,4.8,49,0.78,467,17,0.92,Recipe,at-risk
16804004,F009081,"Tamarind, paste or puree, raw",1048,2.8,0.6,57.4,38.8,5.1,74,2.8,28,4,0.1,Borrowed,at-risk
24302032,F009094,"Taro, peeled, raw",469,1.9,0.2,23.4,1.1,3.5,12,0.7,6,16,0.6,Analysed,balanced
24302033,F009093,"Taro, peeled, cooked",504,2.0,0.2,25.2,1.2,3.8,12,0.72,6,11,0.61,Recipe,balanced
24403012,F010466,"Thyme, fresh, raw",287,5.6,1.7,1.1,1.0,14.0,120,3.9,150,180,0.91,Analysed,balanced
24601001,F009190,"Tomato, cherry or grape, raw",90,0.9,0.0,3.5,3.5,1.7,14,0.63,6,26,0.16,Analysed,moderate
24601002,F009193,"Tomato, common, raw",73,0.6,0.0,3.0,2.5,1.1,11,0.23,4,14,0.12,Analysed,moderate
24601003,F010106,"Tomato, green, raw",73,0.6,0.0,3.0,2.5,1.1,11,0.23,4,14,0.12,Analysed,moderate
24601004,F009211,"Tomato, roma, raw",74,1.0,0.1,2.4,2.3,1.2,9,0.27,8,18,0.31,Imputed,moderate
24601005,F010070,"Tomato, yellow/orange, raw",90,0.9,0.0,3.5,3.5,1.7,14,0.63,6,26,0.16,Analysed,moderate
24601006,F009210,"Tomato, raw, not further defined",76,0.7,0.0,2.9,2.6,1.2,11,0.3,5,17,0.17,Recipe,moderate
24601007,F009198,"Tomato, cooked, added fat",320,0.9,6.2,3.5,3.1,1.4,13,0.36,7,19,0.2,Recipe,moderate
24602001,F009208,"Tomato, paste, added salt",277,3.1,0.3,10.4,9.9,3.5,28,1.6,630,15,0.4,Analysed,at-risk
24602002,F009206,"Tomato, paste, no added salt",266,3.4,0.5,10.1,9.6,3.6,28,1.6,36,15,0.4,Label Data,moderate
24602003,F009209,"Tomato, puree, commercial",98,1.2,0.1,3.8,3.8,1.5,22,0.58,249,6,0.16,Label Data,moderate
24602004,F009217,"Tomato, sundried or semi-sundried",1101,11.2,4.6,35.2,33.9,14.7,100,5.6,73,3,13.6,Analysed,at-risk
24602005,F009222,"Tomato, whole, canned in tomato juice, undrained",79,0.9,0.0,3.0,3.0,1.0,20,0.79,52,5,0.14,Analysed,moderate
24602006,F010071,"Tomato, whole, canned in tomato juice, no added salt, undrained",79,0.9,0.0,3.0,3.0,1.0,20,0.79,10,5,0.14,Analysed,moderate
24903005,F009214,"Tomato, stuffed",513,5.2,7.4,7.8,3.0,1.6,126,0.45,139,15,0.73,Recipe,moderate
16001001,F008469,Bush tomato,257,2.5,1.2,8.8,8.8,3.6,67,4.2,20,7,0.43,Analysed,moderate
24703010,F010264,"Truffles, raw",317,3.3,0.3,14.5,8.7,1.5,4,0.4,5,1,0.4,Borrowed,moderate
24302034,F009340,"Turnip, white, peeled, raw",94,1.3,0.0,3.4,3.2,1.7,21,0.3,24,23,0.2,Analysed,moderate
24302035,F009339,"Turnip, white, peeled, cooked",101,1.4,0.0,3.6,3.4,1.8,21,0.31,24,16,0.2,Recipe,moderate
24401023,F009491,"Vine leaf, grape, canned",254,4.3,2.0,1.8,1.8,9.9,289,2.98,2853,11,0.4,Borrowed,at-risk
24903006,F009495,"Vine leaf, stuffed",723,2.5,9.4,18.2,1.2,2.4,52,0.63,497,6,0.41,Recipe,at-risk
24001003,F009145,"Warrigal greens, raw",70,1.7,0.3,0.0,0.0,3.8,38,2.6,590,25,0.5,Analysed,at-risk
24302036,F009512,"Wasabi, root, raw",427,4.8,0.6,15.7,8.0,7.8,128,1.03,17,42,1.62,Borrowed,moderate
24801003,F009514,"Water chestnut, peeled, canned, drained",218,0.6,0.9,9.3,5.1,2.7,3,2.8,10,0,0.5,Analysed,moderate
24401024,F009532,"Watercress, raw",110,2.9,0.4,0.8,0.7,3.8,85,3.0,48,101,0.7,Analysed,balanced
24401025,F009530,"Watercress, cooked",130,3.4,0.5,0.9,0.8,4.5,95,3.35,54,71,0.78,Recipe,balanced
24001004,F009604,"Yam, cooked",448,3.2,0.3,20.9,0.5,3.5,3,0.35,4,10,0.25,Analysed,balanced
24702003,F009775,"Zucchini, green skin, raw",69,1.0,0.2,2.2,2.2,1.0,17,0.43,0,18,0.32,Analysed,moderate
24702004,F009774,"Zucchini, green skin, baked, roasted, fried, stir-fried, grilled or BBQ'd, no added fat",98,1.5,0.2,3.1,3.1,1.5,25,0.61,1,22,0.46,Recipe,moderate
24702005,F009769,"Zucchini, green skin, baked, roasted, fried, stir-fried, grilled or BBQ'd, added fat",356,1.4,7.3,3.0,3.0,1.4,24,0.58,1,21,0.44,Recipe,moderate
24702006,F009773,"Zucchini, green skin, boiled, microwaved or steamed, drained",82,1.2,0.2,2.6,2.6,1.2,20,0.49,1,16,0.36,Recipe,moderate
24702007,F009766,"Zucchini, golden, raw",78,2.2,0.3,1.1,1.1,1.0,16,0.4,1,30,0.7,Analysed,moderate
24702008,F009764,"Zucchini, golden, cooked",93,2.6,0.4,1.3,1.3,1.2,18,0.45,1,27,0.79,Recipe,moderate
24803013,F005783,"Mixed vegetables, for use in all other curry recipes",197,2.3,0.3,7.1,2.7,3.1,22,0.66,19,18,0.53,Recipe,balanced
24803012,F005784,"Mixed vegetables, for use in casserole & curry recipes",191,2.0,0.2,7.5,2.9,2.8,19,0.54,32,16,0.39,Recipe,balanced
24803014,F010657,"Mixed vegetables, for use in homemade soup recipes",158,1.8,0.2,5.6,2.6,2.5,24,0.66,29,9,0.37,Recipe,balanced
24803018,F005788,"Mixed vegetables, for use in stir fry recipes",147,2.2,0.3,4.3,2.9,2.7,25,0.63,32,38,0.42,Recipe,balanced
24803017,F005799,"Mixed vegetables, for use in quiche recipes",156,2.3,0.2,5.3,3.1,2.5,45,0.85,46,10,0.51,Recipe,balanced
24803015,F010672,"Mixed vegetables, for use in oil based pasta dishes",179,2.7,0.5,5.4,4.9,3.0,18,0.47,14,47,0.56,Recipe,balanced
24803016,F010665,"Mixed vegetables, for use in pasta dishes",298,3.5,2.4,6.0,3.8,6.0,146,4.9,97,26,1.09,Recipe,balanced
24903001,F001979,"Cabbage roll, all fillings",404,9.4,3.8,5.4,2.3,1.4,24,1.27,41,13,1.27,Recipe,moderate
24903002,F002251,"Capsicum, stuffed",479,8.1,3.7,11.4,3.1,1.3,13,1.02,29,89,1.11,Recipe,moderate
24902001,F002313,"Casserole, commercial, vegetable, gravy sauce",397,1.9,5.4,8.6,3.0,2.5,19,0.5,184,10,0.33,Recipe,balanced
24901001,F002364,"Casserole, homemade, vegetable, gravy sauce",286,1.8,3.0,7.4,2.9,2.4,19,0.48,174,10,0.32,Recipe,balanced
24902002,F010662,"Casserole, commercial, vegetable, tomato based sauce",277,1.8,2.9,7.0,3.8,2.7,24,0.69,124,11,0.34,Recipe,balanced
24901002,F002365,"Casserole, homemade, vegetable, tomato based sauce",278,1.8,2.9,7.0,3.8,2.7,24,0.69,39,12,0.34,Recipe,balanced
24902003,F010651,"Curry, commercial, vegetable, coconut based sauce",400,2.2,7.0,4.9,3.6,2.6,27,0.86,261,24,0.43,Recipe,moderate
24901004,F003411,"Curry, homemade, vegetable, coconut based sauce",401,2.2,7.0,4.9,3.6,2.6,27,0.86,86,24,0.44,Recipe,balanced
24902004,F003356,"Curry, commercial, vegetable, dairy based sauce",427,1.8,7.2,6.5,3.3,2.5,28,0.6,243,10,0.34,Recipe,moderate
24901005,F003412,"Curry, homemade, vegetable, dairy based sauce",623,2.2,12.0,7.0,3.7,2.9,37,0.6,32,11,0.4,Recipe,balanced
24902005,F010663,"Curry, commercial, vegetable, tomato based sauce",292,1.8,3.2,7.1,3.9,2.8,27,0.82,254,12,0.36,Recipe,moderate
24901006,F010660,"Curry, homemade, vegetable, tomato based sauce",293,1.9,3.2,7.2,3.9,2.8,27,0.83,90,12,0.36,Recipe,balanced
24901003,F003413,"Curry, homemade, vegetable, curry powder",291,2.0,2.9,7.4,3.8,3.0,26,0.79,39,12,0.38,Recipe,balanced
24902006,F003351,"Curry, potato & pea (aloo muttar)",480,7.0,6.4,5.5,0.2,3.9,25,0.6,441,31,0.2,Analysed,at-risk
24902007,F003354,"Curry, spinach (palak paneer)",819,10.9,16.6,0.0,0.0,2.4,29,1.2,67,33,0.8,Analysed,balanced
24904001,F004039,"Fritter, corn, fried or deep-fried",1074,8.0,14.5,22.6,3.4,1.9,91,0.69,332,2,0.91,Recipe,moderate
24904003,F004042,"Fritter, zucchini, fried or deep-fried",915,7.1,14.1,15.4,2.8,1.1,98,0.69,248,8,0.82,Recipe,moderate
24904002,F010983,"Fritter, vegetable, fried or deep fried",873,4.4,13.4,17.0,4.2,2.1,47,0.64,61,18,0.43,Recipe,balanced
24903003,F005967,"Mushroom, stuffed",691,10.1,6.9,13.4,2.2,2.2,74,0.73,479,2,0.83,Recipe,at-risk
24904004,F006220,"Onion ring, breadcrumb coating, fried or deep-fried",1008,2.5,13.9,26.0,4.4,1.6,17,0.41,375,3,0.25,Recipe,moderate
24904005,F006295,"Mixed vegetables, coated, deep-fried, Indian restaurant (Pakora)",1060,18.4,9.7,21.2,0.4,3.5,16,0.9,260,63,1.1,Analysed,moderate
24903004,F006624,"Pepper, stuffed, marinated",818,4.2,16.0,9.2,9.2,0.7,46,0.16,322,89,0.35,Recipe,moderate
24103005,F007259,"Potato, filled with cheese &/or sour cream",610,5.4,8.4,11.1,1.4,1.2,108,0.4,94,11,0.67,Recipe,moderate
24103006,F007258,"Potato, filled with bacon, cheese &/or sour cream",739,7.1,11.8,9.9,1.3,1.1,96,0.41,258,10,0.71,Recipe,moderate
24103007,F007261,"Potato, filled with meat, cheese &/or sour cream",479,5.5,5.1,10.6,1.8,1.3,53,0.65,85,10,0.89,Recipe,moderate
24103008,F007260,"Potato, filled with legumes &/or vegetables",312,3.3,0.1,13.0,1.8,2.8,13,0.71,40,11,0.32,Recipe,balanced
24103009,F007185,"Potato bake, made with cheese &/or cream",724,4.6,13.0,8.9,2.0,1.1,96,0.33,79,9,0.57,Recipe,moderate
24103010,F007183,"Potato bake, made with bacon, cheese &/or cream",756,5.8,13.6,8.2,1.8,1.0,89,0.34,185,8,0.61,Recipe,moderate
24103011,F007187,"Potato bake, made with mixed vegetables & cream &/or cheese",638,4.1,11.2,8.2,2.6,1.3,86,0.34,68,18,0.56,Recipe,moderate
24905001,F007731,"Salad, Asian style, made with cabbage, carrot, onion, fresh herbs, peanuts & poached chicken, no added dressing",414,16.6,2.1,2.5,2.1,1.3,20,0.46,38,8,0.5,Recipe,moderate
24905002,F010656,"Salad, beetroot, no added dressing",500,6.3,7.8,5.0,4.9,2.4,121,0.76,315,12,0.88,Recipe,moderate
24905003,F007733,"Salad, broccoli, no added dressing",343,3.6,4.7,4.9,2.9,3.4,26,0.79,32,28,0.58,Recipe,balanced
24906002,F007735,"Salad, caesar, made with lettuce, bacon, parmesan, croutons & egg, no added dressing",753,12.9,7.8,13.4,1.8,1.6,101,0.99,684,4,1.16,Recipe,at-risk
24906003,F007740,"Salad, chicken caesar, made with lettuce, bacon, parmesan, croutons, egg & chicken, no added dressing",728,19.1,6.1,9.8,1.5,1.1,74,0.81,505,2,1.04,Recipe,at-risk
24905004,F007737,"Salad, caprese, made with tomato, basil & mozzarella cheese, no added dressing",554,9.8,9.3,1.6,1.4,0.7,298,0.25,223,9,1.43,Recipe,moderate
24905005,F007738,"Salad, carrot, no added dressing",136,0.9,0.0,5.9,5.6,2.7,24,0.31,62,27,0.16,Recipe,moderate
24905006,F007742,"Salad, coleslaw, commercial, added dressing",453,1.2,6.6,10.4,10.0,1.9,26,0.35,197,24,0.16,Recipe,moderate
24905007,F007744,"Salad, coleslaw, homemade, added dressing",307,1.3,5.3,4.1,3.8,2.0,31,0.43,111,32,0.2,Recipe,balanced
24905008,F007745,"Salad, coleslaw, no added dressing",92,1.4,0.1,2.7,2.7,2.2,34,0.46,25,36,0.23,Recipe,balanced
13514003,F007747,"Salad, couscous, added dressing",651,5.9,6.9,16.6,1.7,1.4,74,0.71,154,8,0.63,Recipe,moderate
24905009,F007748,"Salad, cucumber, no added dressing",67,0.7,0.0,2.5,2.4,1.2,16,0.25,8,10,0.18,Recipe,moderate
24905010,F007749,"Salad, fennel, no added dressing",152,1.2,1.8,2.8,2.5,2.1,28,0.48,31,32,0.22,Recipe,balanced
24905011,F007779,"Salad, garden, no added dressing",103,1.2,0.7,2.5,2.2,1.8,40,0.67,41,21,0.27,Recipe,moderate
24906004,F007755,"Salad, garden, added bacon, no added dressing",254,7.2,2.2,2.1,1.9,1.5,34,0.68,473,17,0.74,Recipe,at-risk
24905012,F007761,"Salad, garden, added cheese, no added dressing",385,5.8,6.4,2.0,1.8,1.5,166,0.57,174,17,0.8,Recipe,moderate
24906005,F007754,"Salad, garden, added bacon & cheese, no added dressing",550,11.9,8.2,1.8,1.6,1.1,126,0.59,630,13,1.13,Recipe,at-risk
24906006,F007756,"Salad, garden, added meat, no added dressing",334,13.2,2.0,1.5,1.3,1.1,26,1.49,48,13,2.22,Recipe,moderate
24906007,F007757,"Salad, garden, added cheese & meat, no added dressing",459,12.1,5.8,1.5,1.4,1.1,126,1.1,145,13,1.89,Recipe,moderate
24906008,F007758,"Salad, garden, added cheese & egg, no added dressing",478,8.0,8.1,1.7,1.4,1.1,166,0.76,191,13,1.0,Recipe,moderate
24905013,F007759,"Salad, garden, added cheese & fruit, no added dressing",339,4.4,4.8,4.0,3.8,1.6,126,0.45,130,14,0.62,Recipe,moderate
24905014,F007760,"Salad, garden, added cheese & nuts &/or seeds, no added dressing",862,9.3,16.9,3.0,2.2,3.0,188,1.31,166,13,1.53,Recipe,balanced
24906009,F007764,"Salad, garden, added chicken, no added dressing",297,11.6,1.8,1.5,1.3,1.1,27,0.61,50,13,0.74,Recipe,moderate
24906010,F007762,"Salad, garden, added chicken & cheese, no added dressing",436,11.1,5.6,1.5,1.4,1.1,127,0.56,146,13,0.96,Recipe,moderate
24906011,F007765,"Salad, garden, added egg, no added dressing",196,3.4,2.4,2.1,1.8,1.5,40,0.86,58,17,0.46,Recipe,moderate
24905015,F007766,"Salad, garden, added fruit, no added dressing",142,0.9,0.4,5.5,5.2,1.9,26,0.43,25,14,0.19,Recipe,moderate
24905016,F007767,"Salad, garden, added grains, no added dressing",334,2.8,1.4,12.9,1.9,1.9,38,0.7,108,15,0.39,Recipe,moderate
24905017,F007768,"Salad, garden, added nuts &/or seeds, no added dressing",341,3.0,5.9,3.0,2.4,2.6,51,1.04,38,19,0.63,Recipe,balanced
24906012,F007771,"Salad, garden, added salmon or tuna, no added dressing",359,9.8,4.2,1.7,1.5,1.1,67,0.89,349,13,0.6,Recipe,moderate
24906013,F007772,"Salad, garden, added seafood, no added dressing",240,9.1,1.2,1.9,1.4,1.1,60,0.85,207,13,0.8,Recipe,moderate
24905018,F007773,"Salad, garden, added tofu, no added dressing",235,4.7,3.0,1.7,1.6,1.6,90,1.17,35,15,0.62,Recipe,moderate
24905019,F007781,"Salad, greek, no added dressing",265,2.6,4.5,2.5,2.3,1.4,50,0.47,271,38,0.32,Recipe,moderate
24905020,F007787,"Salad, green bean, no added dressing",113,1.9,0.0,3.5,2.9,2.8,43,0.76,8,13,0.27,Recipe,balanced
24905021,F007796,"Salad, potato, commercial, added dressing",690,1.6,11.4,13.3,3.6,1.7,11,0.28,227,8,0.23,Recipe,moderate
24905022,F007797,"Salad, potato, homemade, added dressing",604,1.7,9.9,11.2,1.3,1.8,12,0.34,56,10,0.24,Recipe,moderate
24905023,F007804,"Salad, roast vegetable, no added dressing",597,1.6,10.0,10.6,5.7,2.6,22,0.35,16,9,0.29,Recipe,balanced
24905024,F007806,"Salad, tabbouleh (tabouli), commercial, added dressing",588,3.3,7.5,13.0,1.3,4.1,75,1.99,294,46,0.87,Recipe,moderate
24905025,F007807,"Salad, tabbouleh, homemade, added dresssing",640,2.8,11.1,8.6,1.3,3.7,72,1.88,43,56,0.7,Recipe,balanced
24906014,F007809,"Salad, thai beef, made with lettuce, onion, cucumber, herbs and chilli, no added dressing",326,14.0,1.6,1.2,1.1,1.0,33,1.64,39,14,2.52,Recipe,moderate
24905026,F010644,"Salad, waldorf, added dressing",691,2.6,12.9,8.7,8.5,2.5,26,0.57,35,4,0.46,Recipe,moderate
24902008,F008872,"Stir-fry, commercial, vegetable",369,2.4,5.1,6.8,5.5,2.8,27,0.76,783,29,0.42,Recipe,at-risk
24901007,F008916,"Stir-fry, homemade, vegetable",369,3.2,3.5,8.9,7.2,3.6,36,0.99,629,39,0.54,Recipe,at-risk
24902009,F008863,"Stir-fry, commercial, vegetable, with noodles",456,3.5,3.6,14.4,3.4,2.3,21,0.66,496,18,0.42,Recipe,at-risk
24901008,F008919,"Stir-fry, homemade, vegetable with noodles",456,3.9,2.7,15.6,4.4,2.8,26,0.8,404,23,0.49,Recipe,at-risk
24901009,F008920,"Stir-fry, homemade, vegetable with rice",485,3.2,2.2,19.2,4.4,2.5,22,0.63,377,23,0.56,Recipe,moderate
24903007,F005814,"Vegetables, stuffed",468,8.0,3.6,10.7,2.4,1.5,17,1.04,30,7,1.15,Recipe,moderate
24904006,F009761,"Zucchini slice, with bacon",802,9.5,12.5,9.9,2.2,1.0,103,0.81,339,6,0.95,Recipe,moderate
24904007,F009762,"Zucchini slice, without bacon",774,7.5,12.5,10.2,2.5,1.1,119,0.8,197,7,0.91,Recipe,moderate
24902012,F010655,"Ready meal, vegetables with rice/pasta/noodles",482,3.4,2.9,17.0,3.2,3.4,20,0.77,185,15,0.52,Recipe,balanced
25101001,F000413,"Bean, black, dried, boiled, microwaved or steamed, drained",585,8.8,0.7,20.0,0.0,8.7,27,2.1,1,0,1.12,Imputed,balanced
25102001,F010188,"Bean, black, canned, drained",585,8.8,0.7,20.0,0.0,8.7,27,2.1,222,0,1.12,Borrowed,moderate
25102002,F000415,"Bean, broad, canned, drained",250,7.4,0.5,2.3,0.7,7.6,16,1.72,270,28,1.09,Recipe,moderate
25102003,F010184,"Bean, edamame, canned, drained",565,11.6,6.4,5.3,3.8,5.6,81,1.91,187,13,1.19,Borrowed,balanced
25101002,F000436,"Bean, haricot or cannellini, dried",1220,21.9,2.2,34.8,3.5,18.5,150,6.4,4,1,2.4,Analysed,balanced
25101003,F000437,"Bean, haricot or cannellini, dried, boiled, microwaved or steamed, drained",464,8.2,0.7,12.6,4.7,8.8,57,2.1,8,0,0.9,Analysed,balanced
25102004,F000423,"Bean, haricot or cannellini, canned, drained",404,6.2,0.6,12.2,2.1,6.4,46,1.6,270,0,0.6,Analysed,moderate
25101004,F000441,"Bean, lima or butter, dried",1299,21.4,1.7,40.6,3.7,17.7,55,5.7,3,0,2.7,Analysed,balanced
25101005,F000442,"Bean, lima or butter, dried, boiled, microwaved or steamed, drained",355,6.4,0.3,10.2,0.6,5.3,16,1.3,7,0,0.7,Analysed,balanced
25102005,F000440,"Bean, lima or butter, canned, drained",355,6.4,0.3,10.2,0.6,5.3,16,1.3,176,0,0.7,Analysed,balanced
25101006,F005250,"Bean, lupin, raw",1182,28.6,6.5,7.4,2.3,41.5,211,3.9,50,2,3.4,Analysed,balanced
25102006,F000443,"Bean, lupin, canned, drained",404,9.8,2.2,2.5,0.8,14.2,62,1.14,263,0,0.99,Recipe,moderate
25102007,F010187,"Bean, mexe style, canned, drained",471,7.5,0.7,15.1,1.2,6.9,42,1.84,260,0,0.77,Recipe,moderate
25102008,F000444,"Bean, mixed, canned, drained",426,6.4,0.4,13.8,2.5,6.2,43,2.0,171,0,0.8,Analysed,balanced
25102009,F010185,"Bean, pinto, canned, drained",387,7.0,0.9,11.3,1.1,5.5,63,1.33,239,0,0.61,Borrowed,moderate
25101007,F000449,"Bean, red kidney, dried",1250,22.5,1.8,35.6,3.4,21.5,95,5.6,3,0,3.0,Analysed,balanced
25101008,F000451,"Bean, red kidney, dried, boiled, microwaved or steamed, drained",382,7.9,0.5,9.1,0.6,7.2,34,1.7,8,0,1.0,Analysed,balanced
25102010,F000448,"Bean, red kidney, canned, drained",441,6.6,0.6,14.0,2.4,6.5,36,2.1,320,0,0.59,Analysed,moderate
24502009,F000453,"Bean, red, fresh, raw",561,12.8,0.4,14.7,1.2,9.1,12,2.4,3,27,1.0,Analysed,balanced
24502010,F000452,"Bean, red, fresh, boiled, microwaved or steamed, drained",604,13.8,0.4,15.8,1.3,9.8,11,2.19,2,19,0.91,Recipe,balanced
25102011,F000454,"Bean, refried, canned",374,5.0,2.0,10.9,0.5,3.7,29,1.44,370,6,0.58,Borrowed,moderate
25101009,F000458,"Bean, soya (soy), dried",1681,31.3,20.2,12.5,6.7,20.1,180,9.5,6,0,4.0,Analysed,at-risk
25101010,F000459,"Bean, soya (soy), dried, boiled, microwaved or steamed, drained",614,13.5,7.7,1.4,1.4,7.2,76,2.2,9,0,1.6,Analysed,balanced
25102012,F000457,"Bean, soya (soy), canned, drained",438,8.6,5.5,1.9,1.9,4.8,53,1.8,370,0,1.3,Analysed,moderate
25101011,F002881,"Chickpea, dried",1373,19.7,5.5,38.5,2.2,20.8,159,4.6,11,3,3.1,Analysed,balanced
25101012,F002882,"Chickpea, dried, boiled, microwaved or steamed, drained",499,7.2,2.0,14.0,0.8,7.6,49,1.42,3,1,0.96,Recipe,balanced
25102013,F002880,"Chickpea, canned, drained",474,6.3,2.1,13.3,0.6,5.7,45,1.8,250,0,1.0,Analysed,moderate
25101013,F005178,"Lentil, french, hulled, dry",1353,28.3,2.0,38.8,1.0,15.0,55,5.4,2,4,2.3,Analysed,balanced
25101014,F005181,"Lentil, green, hulled, dry",1330,25.3,1.7,40.9,1.5,14.6,56,5.6,13,4,1.6,Analysed,balanced
25101015,F005184,"Lentil, red, hulled, dry",1364,23.0,1.9,45.7,2.7,13.7,70,9.1,2,2,1.6,Analysed,balanced
25101016,F005182,"Lentil, dried",1349,25.5,1.9,41.8,1.7,14.4,60,6.7,6,4,1.83,Recipe,balanced
25101017,F005177,"Lentil, dried, cooked",385,7.3,0.5,11.9,0.5,4.1,15,1.63,1,1,0.44,Recipe,balanced
25102014,F010192,"Lentil, canned",385,7.3,0.5,11.9,0.5,4.1,15,1.63,175,1,0.44,Imputed,balanced
25101018,F006543,"Pea, split, dried",1427,23.0,2.0,50.5,2.5,10.1,42,3.8,7,0,2.5,Analysed,balanced
25101019,F006544,"Pea, split, dried, boiled, microwaved or steamed, drained",364,6.6,0.4,9.1,2.9,8.3,13,1.0,9,0,0.6,Analysed,balanced
25201003,F000243,"Baked beans, canned in tomato sauce",381,4.8,0.3,13.0,5.0,4.8,39,1.01,298,2,0.51,Analysed,moderate
25201004,F000244,"Baked beans, canned in tomato sauce, reduced salt",381,4.8,0.3,13.0,5.0,4.8,39,1.01,258,2,0.51,Imputed,moderate
25201005,F010645,"Baked beans, canned in tomato sauce, no added sugar",326,4.8,0.5,9.6,1.3,4.1,39,1.01,325,2,0.51,Imputed,moderate
25201006,F000245,"Baked beans, canned in tomato sauce, with sausages",447,6.0,2.3,11.8,4.4,4.4,38,1.16,437,1,0.74,Recipe,at-risk
25203002,F010646,"Casserole, commercial, vegetable & legumes",335,3.4,3.0,8.3,3.1,3.1,22,1.01,115,8,0.36,Recipe,balanced
25202002,F002361,"Casserole, homemade, vegetable & legumes",336,3.4,3.0,8.3,3.1,3.1,22,1.01,29,8,0.36,Recipe,balanced
25203004,F010654,"Curry, commercial, chickpea/legumes",496,5.4,3.8,13.2,3.0,3.8,30,1.31,281,5,0.65,Recipe,moderate
25202004,F003336,"Curry, homemade, chickpea/legumes",498,5.4,3.9,13.3,3.0,3.8,30,1.31,108,5,0.66,Recipe,balanced
25203005,F003349,"Curry, commercial, lentils (dhal)",528,7.0,3.4,13.7,2.3,5.2,38,2.02,204,3,0.7,Recipe,moderate
25202005,F003398,"Curry, homemade, lentils (dhal)",529,7.0,3.4,13.8,2.3,5.2,38,2.03,63,3,0.71,Recipe,balanced
25203008,F003804,"Falafel, chickpea patty, deep fried",922,8.9,10.6,16.9,4.6,11.9,68,3.6,584,1,1.1,Analysed,at-risk
25203009,F010800,"Legumes/lentils with rice/noodles, commercial",450,3.7,2.1,17.1,1.9,2.3,16,0.73,82,4,0.42,Recipe,balanced
25202008,F010801,"Legumes/lentils with rice/noodles, homemade",451,3.7,2.1,17.1,1.9,2.3,16,0.73,31,4,0.42,Recipe,balanced
25203010,F007700,"Rissole or patty, vegetable or lentil, commercial, cooked",944,9.4,7.4,26.6,6.1,6.9,52,1.8,315,0,0.9,Recipe,moderate
25202009,F007702,"Rissole or patty, vegetable or lentil, homemade, cooked",760,6.1,5.3,25.6,9.7,3.8,44,1.26,93,6,0.61,Recipe,moderate
25202010,F007741,"Salad, chickpea, with vegetables, no added dressing",256,3.2,1.0,7.7,2.1,3.2,27,0.93,112,42,0.52,Recipe,balanced
25202011,F007812,"Salad, legume/bean, with vegetables, added dressing",448,5.1,3.8,10.1,2.0,4.5,28,1.41,189,24,0.44,Recipe,balanced
24902010,F010652,"Stir-fry, commercial, vegetables & legumes",475,5.0,4.2,11.1,4.5,4.7,37,1.4,598,22,0.66,Recipe,at-risk
24901010,F008917,"Stir-fry, homemade, vegetables & legumes",477,5.0,4.2,11.2,4.5,4.7,37,1.41,376,22,0.67,Recipe,moderate
25203011,F010647,"Ready meal, legumes/lentils with rice/noodles",424,3.7,2.7,13.9,3.5,2.5,27,0.93,204,3,0.38,Recipe,moderate
28103008,F010961,"Chickpea, dried, chocolate coated",1842,11.7,19.7,50.4,31.3,9.9,154,3.65,40,3,2.26,Recipe,at-risk
26102001,F010446,"Chip or crisp, legume or lentil, all flavours, salted",1924,1.9,20.6,63.6,0.1,5.8,17,0.74,934,0,0.22,Recipe,at-risk
26301001,F002904,"Chip or crisp, soy (soya)",2064,6.0,26.7,53.2,5.1,9.6,43,2.56,619,1,0.74,Analysed,at-risk
22203011,F010044,"Coconut chips or crisps, flavoured",2376,4.8,44.8,34.3,33.5,11.0,19,1.25,579,0,0.82,Recipe,at-risk
26201002,F003197,"Corn chips, plain, unsalted",2053,7.5,25.0,56.0,0.6,5.2,130,1.3,0,0,1.5,Analysed,at-risk
26201001,F003198,"Corn chips, plain, salted",2053,7.5,25.0,56.0,0.6,5.2,130,1.3,420,0,1.5,Analysed,at-risk
26201003,F010384,"Corn chips, flavoured, salted",2092,7.8,24.9,59.2,2.7,3.4,112,1.3,554,0,1.5,Analysed,at-risk
26301002,F003802,"Extruded snack, cheese flavoured",2038,8.8,25.8,53.5,2.5,3.2,190,0.3,1000,0,1.37,Analysed,at-risk
26301003,F003803,"Extruded snack, non-cheese flavoured",2121,7.3,28.8,54.2,1.2,1.2,25,1.05,874,0,0.95,Analysed,at-risk
26401001,F010963,"Fish skin, dried",2601,32.7,49.9,12.0,7.3,0.1,68,1.69,1058,0,1.08,Recipe,at-risk
26401002,F006030,"Noodle snack, wheat, all flavours, dry",2080,10.4,23.6,60.0,1.8,1.7,23,1.98,938,0,0.82,Analysed,at-risk
26401003,F006315,"Pappadam, uncooked",1329,20.4,2.6,46.1,1.3,10.9,47,5.01,1683,3,1.61,Recipe,at-risk
26401004,F006313,"Pappadam, deep fried",2274,13.2,39.8,30.0,0.8,7.0,31,3.26,1093,1,1.05,Recipe,at-risk
26401005,F006314,"Pappadam, microwaved, no added oil or salt",1342,20.6,2.6,46.6,1.3,11.0,48,5.06,1700,2,1.62,Recipe,at-risk
26401006,F006855,"Pork rind/crackling, snack, commercial",2310,60.6,33.8,1.8,0.9,0.0,17,1.3,1640,0,0.9,Label Data,at-risk
26401007,F007456,"Pretzels, salted",1499,10.2,4.5,67.2,2.9,2.7,20,3.0,1168,0,0.9,Analysed,at-risk
26202002,F006843,"Popcorn, plain, air-popped, no added fat or salt",1538,14.1,4.1,60.1,1.0,15.8,7,3.2,1,0,3.1,Borrowed,balanced
26202001,F006850,"Popcorn, plain, salted",1986,10.8,24.8,46.3,0.7,12.1,6,2.46,497,0,2.39,Recipe,at-risk
26202003,F006844,"Popcorn, butter flavoured, salted",2053,9.1,26.5,49.6,0.6,8.8,7,2.15,626,0,2.4,Analysed,at-risk
26202004,F010488,"Popcorn, butter flavoured, reduced fat & salt",1787,9.3,12.5,63.6,0.9,10.4,7,2.15,300,0,2.4,Label Data,moderate
26202005,F010494,"Popcorn, sweet, flavoured, salted",1898,8.6,19.7,57.4,21.8,9.2,7,1.94,491,0,1.85,Recipe,at-risk
26202006,F010930,"Popcorn, added dried fruit & nuts",1701,13.9,12.5,53.1,7.6,13.2,24,2.96,2,0,2.85,Recipe,balanced
26201004,F010390,"Puffed corn, all flavours",1994,7.7,22.2,60.2,5.1,2.0,130,1.3,798,0,1.5,Imputed,at-risk
26101002,F007194,"Potato crisps or chips, plain, unsalted",2473,5.9,38.9,53.3,1.0,3.5,22,1.4,43,23,0.99,Analysed,at-risk
26101001,F007193,"Potato crisps or chips, plain, salted",2140,6.0,33.3,45.8,0.9,3.2,21,1.2,592,23,1.0,Analysed,at-risk
26101003,F007201,"Potato crisps or chips, salt & vinegar flavoured",2097,6.8,32.6,43.6,1.4,3.6,22,1.0,970,24,0.72,Analysed,at-risk
26101004,F007189,"Potato crisps or chips, other flavours",2092,6.8,32.5,43.6,1.4,3.6,24,1.85,664,24,0.84,Analysed,at-risk
26101005,F010443,"Potato crisps or chips, baked, all flavours",1878,5.3,16.1,68.9,6.7,3.2,21,1.2,566,23,1.0,Label Data,at-risk
26101006,F010445,"Potato crisps or chips, puffed, all flavours",2117,4.7,26.0,61.8,2.7,3.2,21,1.2,549,23,1.0,Label Data,at-risk
26101007,F007198,"Potato crisps or chips, reformed (pringles), all flavours",2095,5.7,28.1,55.1,1.9,2.8,54,1.25,591,10,0.61,Analysed,at-risk
26101008,F007204,"Potato crisps or chips, straws (french fries), all flavours",2165,6.9,31.0,51.6,0.2,3.2,31,3.6,748,42,1.1,Analysed,at-risk
26401008,F007418,"Prawn cracker, commercial, fried",2190,3.7,26.8,66.6,5.6,1.2,52,2.1,628,0,0.4,Analysed,at-risk
26301004,F007637,"Rice crisps or chips, extruded, flavoured",2003,3.8,22.5,63.1,8.5,4.6,19,0.52,769,0,1.38,Imputed,at-risk
26102002,F010450,"Seaweed crisps or chips, all flavours, salted",2316,24.7,46.8,1.2,0.2,18.1,165,10.04,1260,146,1.59,Recipe,at-risk
26401009,F008339,"Snack mix, Bhuja",2044,15.9,25.6,45.6,6.2,6.2,49,2.38,546,0,1.73,Recipe,at-risk
26401012,F010970,"Savoury snack, legume, roasted",1710,17.0,16.5,38.5,4.3,18.0,223,6.66,346,17,3.35,Recipe,moderate
26401013,F010419,"Savoury snack, with hemp seeds",2059,8.6,26.1,53.0,0.7,5.2,127,1.85,260,0,1.88,Recipe,at-risk
26102003,F010448,"Sweet potato crisps or chips, plain, salted",2169,3.2,30.4,55.5,14.4,7.6,82,1.7,412,0,0.47,Label Data,at-risk
26201005,F009073,"Taco shell, from corn flour, plain",1948,6.8,21.8,56.3,1.1,7.3,52,1.3,80,0,1.6,Analysed,at-risk
26201006,F010429,"Tortilla chips, plain, salted",2000,7.4,23.8,56.2,1.8,4.2,130,1.3,344,0,1.5,Imputed,at-risk
26102004,F009836,"Vegetable crisps or chips, plain, salted",2051,3.0,31.1,47.7,12.4,6.3,82,1.7,440,0,0.47,Analysed,at-risk
26301005,F004248,"Wheat snack, grain waves, all flavours",1934,7.4,22.6,54.2,6.6,6.9,20,1.9,320,0,1.2,Analysed,at-risk
27102001,F004219,"Glucose, liquid or syrup",1268,0.0,0.0,87.5,33.0,0.0,8,0.5,150,0,0.0,Borrowed,at-risk
27102002,F004380,Honey,1162,0.3,0.0,72.3,72.3,0.0,8,0.12,8,0,0.17,Analysed,at-risk
27102003,F009966,"Honey, raw",1162,0.3,0.0,72.3,72.3,0.0,8,0.12,8,0,0.17,Imputed,at-risk
31201001,F004574,"Intense sweetener, containing aspartame, tablet",1452,27.2,0.0,59.3,31.2,1.6,0,0.0,164,0,0.0,Label Data,at-risk
31201003,F004575,"Intense sweetener, containing aspartame/acesulfame-potassium, tablet",1483,9.6,0.0,78.6,72.9,7.1,0,0.0,38,0,0.0,Label Data,at-risk
31201005,F004577,"Intense sweetener, containing saccharin, tablet",40,0.0,0.5,1.2,0.2,0.0,0,0.0,16700,0,0.0,Label Data,at-risk
31201006,F010108,"Intense sweetener, containing saccharin & sucralose, tablet",22,1.3,0.0,0.0,0.0,0.0,0,0.0,10300,0,0.0,Label Data,at-risk
31201009,F004579,"Intense sweetener, containing stevia, tablet",557,0.6,0.0,26.8,23.9,14.3,0,0.0,4578,0,0.0,Label Data,at-risk
31201012,F004581,"Intense sweetener, containing sucralose, tablet",904,0.0,0.0,55.4,53.5,1.9,0,0.0,102,0,0.0,Label Data,at-risk
31201002,F010099,"Intense sweetener, containing aspartame/acesulfame-potassium, powder",1635,2.0,0.0,91.0,2.7,7.1,0,0.0,1,0,0.0,Label Data,balanced
31201007,F004578,"Intense sweetener, containing stevia, powder",0,0.0,0.0,0.0,0.0,0.0,0,0.0,0,0,0.0,Borrowed,moderate
31201011,F004580,"Intense sweetener, containing sucralose, powder",1443,0.0,0.0,90.0,87.0,0.0,0,0.0,0,0,0.0,Label Data,at-risk
31201013,F009601,"Intense sweetener, containing xylitol, powder",1400,0.0,0.0,0.0,0.0,0.0,0,0.0,0,0,0.0,Imputed,moderate
31201008,F010097,"Intense sweetener, containing stevia, liquid",122,0.0,0.0,7.6,7.6,0.0,1,0.0,2,0,0.0,Recipe,moderate
31201004,F010098,"Intense sweetener, containing erythritol, with stevia or monk fruit, powder",99,0.0,0.0,0.0,0.0,0.0,0,0.0,0,0,0.0,Label Data,moderate
31201010,F010101,"Intense sweetener, containing stevia/thaumatin, powder/granules",1332,0.0,0.0,60.0,7.9,40.0,323,0.0,0,0,0.0,Label Data,moderate
27101001,F008969,"Sugar, brown",1552,0.2,0.0,96.8,96.8,0.0,150,1.2,21,0,0.0,Analysed,at-risk
27101002,F008970,"Sugar, cinnamon",1540,0.4,0.1,92.7,90.2,5.3,101,0.83,1,0,0.18,Recipe,at-risk
27101003,F009967,"Sugar, coconut",1550,1.1,0.4,94.6,92.2,0.0,170,1.6,110,0,0.0,Label Data,at-risk
27101004,F009935,"Sugar, palm",1625,0.0,0.0,100.0,75.0,0.0,7,0.3,45,0,0.0,Imputed,at-risk
27101005,F008973,"Sugar, raw",1597,0.0,0.0,99.8,99.8,0.0,7,0.3,1,0,0.0,Analysed,at-risk
27101006,F008974,"Sugar, raw, low GI (glucose index)",1597,0.0,0.0,99.8,99.8,0.0,7,0.3,1,0,0.0,Imputed,at-risk
27101008,F008975,"Sugar, white, fruit sugar (fructose), granulated or lump",1600,0.0,0.0,100.0,100.0,0.0,1,0.0,0,0,0.0,Label Data,at-risk
27101009,F008976,"Sugar, white, granulated or lump",1600,0.0,0.0,100.0,100.0,0.0,1,0.0,0,0,0.0,Analysed,at-risk
27101010,F008980,"Sugar, white, icing",1600,0.0,0.0,100.0,100.0,0.0,1,0.0,0,0,0.0,Imputed,at-risk
27101011,F008981,"Sugar, white, icing mixture",1598,0.0,0.0,99.6,95.6,0.0,1,0.0,0,0,0.0,Label Data,at-risk
27101012,F008982,"Sugar, white, with added stevia, granulated",1594,0.0,0.0,99.6,99.6,0.0,1,0.0,0,0,0.0,Recipe,at-risk
27101007,F009965,"Sugar, with added intense sweeteners, reduced energy",850,0.0,0.0,50.0,50.0,0.0,0,0.0,0,0,0.0,Recipe,at-risk
27102004,F009047,"Syrup, agave, light & dark",1216,0.0,0.0,76.0,76.0,0.0,0,0.0,0,0,0.0,Label Data,at-risk
27102006,F009049,"Syrup, golden",1203,0.2,0.0,74.9,74.9,0.0,230,3.3,130,0,0.0,Analysed,at-risk
27102005,F010991,"Syrup, date",1135,2.7,0.6,62.6,61.6,8.0,49,2.0,68,0,0.0,Label Data,at-risk
27102007,F009949,"Syrup, malt",1331,6.2,0.0,75.0,49.0,0.0,61,0.96,35,0,0.14,Borrowed,at-risk
27102008,F009052,"Syrup, maple, pure (100% maple)",1082,0.0,0.1,67.0,60.4,0.0,102,0.11,12,0,1.47,Borrowed,at-risk
27102009,F009952,"Syrup, maple flavoured",1145,0.0,0.1,69.6,42.0,0.0,5,0.07,106,0,0.23,Borrowed,at-risk
27102010,F009955,"Syrup, maple flavoured, intense sweetened",228,0.0,0.1,0.0,0.0,0.0,5,0.07,216,0,0.23,Label Data,moderate
27102011,F009937,"Syrup, rice malt",1355,0.3,0.0,82.6,54.5,0.0,20,1.0,14,0,0.2,Borrowed,at-risk
27102012,F009956,Treacle or molasses,1122,0.6,0.0,69.2,69.2,0.4,102,6.96,66,0,0.0,Borrowed,at-risk
25201007,F000409,"Bean, paste, sweet",823,6.9,0.4,38.5,31.0,6.3,30,1.49,19,0,0.88,Recipe,at-risk
27201001,F004600,"Jam, berry",1100,0.3,0.0,67.3,67.2,1.6,8,0.3,12,0,0.1,Analysed,at-risk
27201002,F004602,"Jam, fig",1092,0.8,0.2,65.2,65.2,3.1,22,0.21,7,1,0.19,Recipe,at-risk
27201003,F004607,"Jam, stone fruit",1050,0.2,0.0,64.4,64.3,0.9,5,0.2,14,9,0.0,Imputed,at-risk
27201004,F010050,"Jam, other fruit",1050,0.2,0.0,64.4,64.3,0.9,5,0.2,14,9,0.0,Analysed,at-risk
27202001,F004597,"Jam, all flavours, reduced sugar",548,0.4,0.1,32.2,32.2,2.2,11,0.29,7,31,0.1,Recipe,at-risk
27202002,F004596,"Jam, all flavours, no added sugar (100% fruit)",937,1.7,0.6,51.2,51.0,6.2,36,0.97,17,84,0.4,Recipe,at-risk
27202003,F004595,"Jam, all flavours, intense sweetened",166,0.5,0.2,8.1,6.1,1.6,8,0.3,6,0,0.1,Label Data,moderate
27203001,F005169,"Lemon butter, homemade",1265,2.8,13.7,43.2,43.2,0.8,20,0.43,143,12,0.26,Recipe,at-risk
27201005,F005421,"Marmalade, citrus",1060,0.1,0.0,65.5,65.4,0.8,15,0.3,33,2,0.0,Analysed,at-risk
27201006,F005418,"Marmalade, ginger",1142,0.3,0.1,71.5,60.2,1.5,8,0.32,35,1,0.14,Recipe,at-risk
27202004,F010055,"Marmalade, all flavours, reduced sugar",615,0.3,0.0,37.2,37.2,1.7,8,0.03,7,13,0.03,Recipe,at-risk
27202005,F005422,"Marmalade, all flavours, no added sugar (100% fruit)",917,1.7,0.3,51.9,51.9,4.6,38,0.41,17,92,0.21,Recipe,at-risk
27103001,F008072,"Sauce, sweet, caramel, homemade",1930,1.2,31.5,46.5,46.5,0.0,101,0.56,129,0,0.1,Recipe,at-risk
27204001,F008074,"Sauce, sweet, chocolate, homemade",2089,3.0,39.5,35.2,29.4,0.6,54,2.4,117,0,1.17,Recipe,at-risk
27203003,F008076,"Sauce, sweet, mixed berry coulis",282,0.9,0.2,13.3,13.1,3.5,21,0.5,0,37,0.23,Recipe,moderate
27204002,F008777,"Spread, hazelnut & chocolate flavoured",2192,6.8,30.3,57.8,57.2,3.7,130,1.2,42,0,1.3,Analysed,at-risk
27204003,F010062,"Spread, hazelnut & chocolate flavoured, reduced sugar",2269,7.0,37.0,45.0,22.0,4.8,130,1.2,42,0,1.3,Label Data,at-risk
27103002,F009226,"Topping, chocolate",817,0.7,0.3,49.3,47.2,0.4,8,0.2,69,0,0.2,Analysed,at-risk
27103003,F009227,"Topping, chocolate, hard",2599,4.5,50.4,39.9,39.0,2.5,93,2.7,37,1,0.91,Recipe,at-risk
27103004,F009962,"Topping, non-chocolate flavours",881,0.0,0.0,54.5,52.2,0.4,6,0.0,33,0,0.0,Label Data,at-risk
27103005,F009964,"Topping, all flavours, intense sweetened",111,0.4,0.8,4.1,0.1,0.4,6,0.0,411,0,0.0,Label Data,at-risk
27101013,F009930,"Icing mix, flavoured",1581,0.6,0.4,96.5,92.0,0.8,6,0.82,110,0,0.2,Recipe,at-risk
27304010,F001094,"Icing, biscuit filling, cream style, commercial",2640,1.9,51.7,43.4,43.4,0.0,60,0.0,22,3,0.16,Recipe,at-risk
27304001,F010659,"Icing, buttercream",2039,0.6,29.1,59.6,59.6,0.0,13,0.0,6,0,0.04,Recipe,at-risk
27304002,F004532,"Icing, chocolate ganache, commercial",1856,3.0,33.1,35.5,29.7,0.7,56,2.42,42,0,1.18,Recipe,at-risk
27304003,F004533,"Icing, chocolate ganache, homemade",1870,3.0,33.6,35.2,29.4,0.6,57,2.4,43,0,1.18,Recipe,at-risk
27304004,F004536,"Icing, cream cheese, homemade",1693,2.7,19.8,56.9,56.9,0.0,23,0.0,165,0,0.19,Recipe,at-risk
27304005,F004537,"Icing, cream style, commercial",2174,0.1,35.0,54.8,52.6,0.0,1,0.0,1,0,0.0,Recipe,at-risk
27304006,F004541,"Icing, sugar based, chocolate, cocoa powder, commercial",1641,1.2,14.3,67.3,64.1,1.4,10,1.54,5,0,0.39,Recipe,at-risk
27304008,F004545,"Icing, sugar based, non-chocolate flavours, commercial",1678,1.3,14.8,68.9,66.2,0.0,45,0.0,16,2,0.12,Recipe,at-risk
27304007,F004542,"Icing, sugar based, chocolate, cocoa powder, homemade",1522,1.3,11.0,67.6,67.1,1.4,11,1.54,78,0,0.39,Recipe,at-risk
27304009,F004544,"Icing, sugar based, non-chocolate flavours, homemade",1441,0.1,10.0,66.7,66.7,0.0,3,0.0,72,0,0.01,Recipe,at-risk
28104001,F000278,"Bar, carob",2357,5.6,43.8,36.4,31.6,6.7,370,0.9,137,5,1.0,Analysed,at-risk
28102001,F000279,"Bar, cherry & coconut centre, dark chocolate-coated",1785,4.4,22.4,52.6,48.6,4.7,50,0.88,46,0,0.83,Analysed,at-risk
28103001,F000284,"Bar, chocolate nougat centre, milk chocolate-coated",1757,2.8,14.8,73.0,57.8,1.6,160,1.6,53,0,0.8,Label Data,at-risk
28102002,F000285,"Bar, coconut cream centre, milk chocolate-coated",1778,4.5,22.4,52.1,44.3,7.4,87,1.8,130,0,0.9,Analysed,at-risk
28103002,F000296,"Bar, honeycomb centre, milk chocolate-coated",1772,2.6,16.2,70.0,64.2,0.3,76,0.9,260,0,0.3,Analysed,at-risk
28103003,F000348,"Bar, nougat & caramel centre, milk chocolate-coated",1770,3.4,15.9,68.9,58.8,1.4,94,1.8,130,0,0.51,Analysed,at-risk
28102003,F000350,"Bar, nougat & nut centre, chocolate-coated",1922,5.5,22.1,62.1,45.0,3.3,127,1.51,42,0,1.06,Recipe,at-risk
28102004,F000351,"Bar, nougat, caramel & peanut centre, milk chocolate-coated",1944,7.7,22.1,60.4,51.4,2.3,73,1.49,160,0,0.95,Recipe,at-risk
28103004,F000369,"Bar, turkish delight centre, milk chocolate-coated",1493,2.1,8.3,73.7,53.3,0.6,71,0.53,63,1,0.34,Recipe,at-risk
28103005,F000372,"Bar, wafer & cream layers, chocolate-coated",2090,6.2,27.2,59.7,51.6,1.9,170,2.9,86,0,0.86,Analysed,at-risk
28102005,F010136,"Bar, wafer & fudge or hazelnut, milk chocolate-coated",2056,5.9,26.7,59.9,50.4,1.7,155,2.05,87,1,0.8,Recipe,at-risk
28103006,F000375,"Bar, wafer or biscuit & caramel, milk chocolate-coated",1996,5.4,24.0,62.7,52.2,1.8,149,2.38,119,0,0.77,Recipe,at-risk
28102006,F000376,"Bar, wafer or biscuit, caramel & peanut, milk chocolate-coated",2100,9.8,28.7,53.2,39.9,2.8,112,1.84,135,0,1.23,Recipe,at-risk
28103009,F002914,"Chocolate, chocolate cream centre",2561,4.4,47.9,43.2,41.8,2.3,252,1.42,70,5,1.24,Label Data,at-risk
28101001,F002922,"Chocolate, dark, high cocoa solids, >60% cocoa solids",2406,8.2,44.3,33.4,27.7,10.9,52,4.4,16,0,2.0,Label Data,at-risk
28101002,F002921,"Chocolate, dark, high cocoa solids, <60% cocoa solids",2210,3.9,30.3,62.6,52.0,1.2,52,4.4,55,0,2.0,Analysed,at-risk
28103010,F002919,"Chocolate, dark, fondant filled",1741,2.6,15.9,68.2,67.0,2.0,23,1.4,22,0,0.74,Analysed,at-risk
28103011,F002924,"Chocolate, dark, with dried fruit",2004,3.5,23.8,65.0,56.2,1.7,53,3.78,46,0,1.61,Recipe,at-risk
28102007,F002925,"Chocolate, dark, with dried fruit & nuts",2169,4.4,29.8,60.3,50.7,1.8,59,4.18,88,0,1.94,Recipe,at-risk
28102008,F002926,"Chocolate, dark, with nuts",2270,7.2,35.4,50.0,41.7,3.4,96,4.25,43,0,2.31,Recipe,at-risk
28103012,F010137,"Chocolate, dark, with additions (lollies/biscuits/nuts)",2151,3.8,28.6,63.0,52.0,1.5,54,4.12,66,1,1.88,Recipe,at-risk
28101003,F009837,"Chocolate, dark, no added sugar",2118,6.9,38.3,4.1,0.5,9.9,51,15.0,3,0,2.0,Analysed,at-risk
28103013,F002928,"Chocolate, liqueur-filled",2131,3.6,28.6,59.0,49.0,1.1,49,4.13,52,0,1.88,Recipe,at-risk
28101004,F002929,"Chocolate, milk",2179,7.6,30.6,56.0,54.6,2.3,252,1.42,68,5,1.24,Analysed,at-risk
28103014,F002934,"Chocolate, milk, caramel or fondant filled",2002,6.0,24.7,61.4,53.6,2.0,170,1.3,79,0,0.9,Analysed,at-risk
28102010,F002938,"Chocolate, milk, with hazelnut paste",2214,8.2,33.0,51.3,50.2,3.5,201,1.59,51,3,1.3,Recipe,at-risk
28102009,F002937,"Chocolate, milk, with dried fruit & nuts",2083,7.8,28.0,55.4,53.4,2.9,218,1.67,62,4,1.34,Recipe,at-risk
28102011,F002939,"Chocolate, milk, with nuts",2325,9.9,39.5,40.7,39.6,4.7,208,1.97,48,3,1.57,Recipe,at-risk
28103015,F010139,"Chocolate, milk, with additions (lollies/biscuits/nuts)",2167,7.4,30.6,55.4,52.7,2.6,233,1.41,75,4,1.19,Recipe,at-risk
28101005,F010138,"Chocolate, milk, no added sugar ",2167,7.0,37.0,12.6,9.0,2.3,51,15.0,82,0,2.0,Label Data,at-risk
28101006,F002946,"Chocolate, white",2273,7.1,34.5,54.6,54.6,0.2,230,0.0,78,0,0.85,Analysed,at-risk
28103016,F010140,"Chocolate, white, with additions (lollies/biscuits/nuts)",2241,7.0,33.2,55.4,52.5,0.5,210,0.3,92,0,0.83,Recipe,at-risk
28101007,F002930,"Chocolate, milk & white",2217,7.4,32.1,55.4,54.6,1.5,243,0.85,72,3,1.09,Recipe,at-risk
28101008,F010981,"Chocolate, dairy free",2422,8.6,45.3,31.7,26.3,10.9,54,4.33,15,0,2.01,Recipe,at-risk
28103017,F002912,"Chocolates, assorted",2014,5.9,25.9,58.7,51.3,2.1,137,1.56,95,1,1.0,Recipe,at-risk
28401001,F002257,"Caramels, all types",1620,2.5,11.4,74.5,54.6,1.5,67,0.3,250,0,0.4,Analysed,at-risk
28401002,F002527,Chewing gum,1190,0.0,0.3,73.7,73.7,0.0,0,0.0,6,0,0.0,Label Data,at-risk
28402001,F002526,"Chewing gum, intense sweetened",919,0.0,0.3,0.0,0.0,0.0,0,0.0,6,0,0.0,Label Data,moderate
28103007,F010141,"Confectionery, berry, chocolate-coated",1914,4.0,23.0,58.5,50.2,5.2,65,3.95,42,14,1.73,Recipe,at-risk
28401003,F003098,"Confectionery, cake decoration, sugar based (hundreds & thousands)",1533,0.1,0.1,95.4,72.0,0.1,3,0.21,20,0,0.01,Recipe,at-risk
28102012,F003099,"Confectionery, chocolate & peanut centre, sugar-coated",2172,9.3,26.3,62.9,51.6,2.8,95,1.28,43,0,1.25,Recipe,at-risk
28103019,F003100,"Confectionery, chocolate centre, sugar-coated",2032,4.8,18.8,76.7,64.9,1.8,110,1.3,55,0,0.8,Analysed,at-risk
28403001,F003101,"Confectionery, chocolate crackle",2619,3.2,51.6,38.0,21.9,3.4,9,4.4,136,0,1.99,Recipe,at-risk
28202002,F002981,"Confectionery, coconut ice, homemade",1853,5.6,23.9,52.2,52.0,4.7,119,0.58,50,0,0.74,Recipe,at-risk
28103018,F003104,"Confectionery, coffee bean, chocolate-coated",1886,6.7,24.3,50.8,42.3,5.1,72,4.08,56,0,1.66,Recipe,at-risk
28102017,F003105,"Confectionery, dried fruit & nut, chocolate-coated",2090,9.5,29.6,49.6,47.0,3.8,161,1.56,36,2,1.36,Recipe,at-risk
28103022,F003108,"Confectionery, ginger, chocolate-coated",1684,1.9,13.4,71.2,65.9,1.2,27,2.07,27,0,0.97,Recipe,at-risk
28102013,F003103,"Confectionery, hazelnut & wafer, milk chocolate-coated",2346,9.7,40.4,40.2,39.3,5.3,165,1.93,40,2,1.57,Recipe,at-risk
28403002,F003109,"Confectionery, honey joy",1979,3.4,24.3,60.9,32.0,1.5,6,3.42,362,0,2.05,Recipe,at-risk
28401004,F010993,"Confectionery, jelly, prepared with coconut milk",786,7.8,11.7,13.4,13.3,0.6,26,1.29,47,0,0.44,Recipe,moderate
28103023,F005215,"Confectionery, licorice, chocolate-coated",1552,6.3,9.7,66.0,44.8,3.2,272,6.59,104,1,0.79,Recipe,at-risk
28103020,F003110,"Confectionery, malt centre, chocolate coated",2044,6.3,22.9,66.1,55.4,2.3,252,1.42,108,5,1.24,Label Data,at-risk
28103021,F003111,"Confectionery, marshmallow, chocolate & coconut-coated (snowball)",1702,4.6,13.9,69.6,60.7,1.5,100,0.7,54,2,0.52,Recipe,at-risk
28102016,F003112,"Confectionery, nut, chocolate-coated",2253,10.0,35.0,47.0,45.1,3.6,230,1.66,55,4,1.56,Recipe,at-risk
28102014,F003113,"Confectionery, peanut brittle",2147,10.9,28.7,54.7,50.5,2.7,18,0.52,176,0,1.23,Recipe,at-risk
28102015,F003115,"Confectionery, rocky road",2009,6.4,26.5,56.1,49.5,2.7,97,1.99,47,1,1.26,Recipe,at-risk
13304015,F003116,"Confectionery, rum ball (rumball)",1692,7.4,18.7,49.4,35.4,3.3,145,1.25,144,2,0.9,Recipe,at-risk
28103024,F003118,"Confectionery, sultana, chocolate-coated",1918,6.1,21.5,61.9,60.4,2.6,192,1.47,50,3,0.96,Recipe,at-risk
28101009,F003119,"Confectionery, truffle",2119,4.4,37.2,40.9,36.8,1.2,118,1.98,48,2,1.15,Recipe,at-risk
28201002,F003120,"Confectionery, white Christmas, homemade",2385,4.4,43.1,42.7,36.2,2.7,96,1.83,86,4,1.04,Recipe,at-risk
28403003,F010971,"Confectionery, yoghurt, button",2063,4.3,29.1,57.0,56.9,0.0,146,0.0,52,5,0.4,Recipe,at-risk
28401005,F010142,"Fudge, all flavours",1753,5.4,15.9,67.3,61.3,0.2,185,1.29,124,0,0.92,Recipe,at-risk
28201005,F010969,"Fruit, crystallised",1113,0.3,0.1,68.1,68.1,1.0,6,0.1,0,14,0.09,Recipe,at-risk
28401006,F004209,"Ginger, crystallised",1270,0.3,0.2,78.0,76.8,1.1,8,0.24,4,1,0.16,Recipe,at-risk
28202003,F004293,"Halvah (Halva), plain",2220,11.6,34.6,42.9,40.0,7.7,189,2.93,52,0,3.15,Recipe,at-risk
28401007,F004382,"Honeycomb, plain",1370,0.1,0.0,85.5,85.5,0.0,52,0.74,931,0,0.04,Recipe,at-risk
27301001,F004611,"Jelly crystals, sugar sweetened, all flavours",1582,7.1,0.0,90.7,90.7,0.0,4,0.1,520,0,0.0,Analysed,at-risk
27302001,F010637,"Jelly crystals, reduced sugar, all flavours",1547,11.1,0.0,84.3,84.3,0.0,4,0.1,329,0,0.0,Label Data,at-risk
27302003,F004610,"Jelly crystals, intense sweetened, all flavours",1547,90.4,0.0,0.0,0.0,0.0,4,0.1,1130,0,0.0,Label Data,at-risk
27301002,F004615,"Jelly, sugar sweetened, all flavours, prepared",251,1.1,0.0,14.4,14.4,0.0,2,0.02,85,0,0.0,Recipe,moderate
27301003,F004619,"Jelly, sugar sweetened, all flavours, prepared, added fruit",250,1.0,0.0,13.7,13.6,0.9,4,0.21,61,2,0.05,Recipe,moderate
27302002,F010638,"Jelly, reduced sugar, all flavours, prepared",166,1.2,0.0,9.1,9.1,0.0,2,0.02,38,0,0.0,Recipe,moderate
27302004,F004612,"Jelly, intense sweetened, all flavours, prepared",27,1.6,0.0,0.0,0.0,0.0,2,0.01,23,0,0.0,Recipe,moderate
27302005,F004614,"Jelly, intense sweetened, all flavours, prepared, added fruit",93,1.3,0.0,3.6,3.6,0.9,4,0.2,17,2,0.05,Recipe,moderate
28401008,F005214,"Licorice, black",1283,5.7,0.8,70.3,40.6,3.5,280,8.8,120,0,0.6,Analysed,at-risk
28401009,F005213,"Licorice, allsorts",1473,2.3,0.3,88.1,76.2,1.4,113,3.52,48,0,0.24,Recipe,at-risk
28401010,F005196,"Licorice, flavoured",1384,3.3,2.0,75.8,35.9,3.5,280,8.8,95,0,0.6,Label Data,at-risk
28401011,F005230,Lollipop or chupa chup,1379,0.7,0.4,84.3,81.1,0.0,4,0.75,6,0,0.06,Borrowed,at-risk
28401012,F005233,"Lolly, butterscotch",1674,0.2,4.5,92.4,66.4,0.0,2,0.5,297,0,0.2,Analysed,at-risk
28401013,F005235,"Lolly, hard varieties",1566,0.0,0.0,98.4,93.2,0.0,71,0.1,250,0,0.3,Analysed,at-risk
28401014,F005236,"Lolly, jelly varieties",1260,3.9,0.0,75.1,45.3,0.0,6,0.12,39,0,0.01,Analysed,at-risk
28401015,F010772,"Lolly, with fruit juice",1384,2.2,0.0,82.2,57.4,0.0,6,0.12,30,0,0.01,Analysed,at-risk
28401016,F005234,"Lolly, fruit flavoured, chewy",1641,0.0,6.0,87.3,65.3,0.0,0,0.0,17,0,0.02,Borrowed,at-risk
28401017,F005239,"Lolly, medicated cough lolly or lozenge",1379,0.7,0.4,84.3,81.1,0.0,4,0.75,6,0,0.06,Imputed,at-risk
28401018,F005241,"Lolly, mint flavoured, sugar sweetened",1588,0.1,2.0,93.3,74.3,0.0,1,0.0,48,0,0.0,Analysed,at-risk
28401019,F005243,"Lolly, sour, all varieties",1378,3.5,0.0,80.3,53.4,0.0,6,0.12,41,0,0.01,Label Data,at-risk
28402002,F010231,"Lolly, no added sugar",1070,4.9,0.0,0.2,0.2,0.0,6,0.12,30,0,0.01,Label Data,moderate
28402003,F010232,"Lolly, no added sugar, added caffeine",1120,6.3,0.0,6.2,0.0,0.0,6,0.12,281,0,0.01,Label Data,moderate
28401020,F010230,"Lolly, reduced sugar",1359,3.6,0.0,75.5,31.3,4.9,6,0.12,33,0,0.01,Label Data,at-risk
28202004,F005429,"Marzipan, almond paste",1761,6.7,15.3,64.9,61.6,4.8,110,1.4,12,0,1.4,Analysed,at-risk
28401021,F005428,"Marshmallow, plain or flavoured",1329,2.6,0.0,82.3,68.2,0.0,10,0.19,48,0,0.01,Recipe,at-risk
28402004,F010242,"Marshmallow, no added sugar",1090,3.9,0.0,0.0,0.0,0.0,10,0.19,100,0,0.01,Label Data,moderate
27301004,F005522,"Meringue, commercial",1538,2.6,1.4,90.1,89.4,0.0,3,0.0,40,0,0.2,Analysed,at-risk
27301005,F005523,"Meringue, homemade",1478,5.2,0.0,86.8,86.8,0.0,3,0.09,82,0,0.0,Recipe,at-risk
28403004,F010954,"Nougat, plain",1457,0.8,0.0,91.6,82.6,0.0,3,0.1,38,0,0.0,Recipe,at-risk
28202005,F006076,"Nougat, honey & nuts, traditional",1751,5.8,14.3,69.6,63.6,2.9,74,1.08,109,0,0.96,Recipe,at-risk
27301006,F006522,"Pavlova, commercial",1297,4.0,0.0,76.6,75.0,0.0,3,0.07,64,0,0.0,Recipe,at-risk
27301007,F006524,"Pavlova, homemade",1454,5.1,0.0,85.3,84.0,0.0,3,0.09,80,0,0.0,Recipe,at-risk
27301008,F006525,"Pavlova, topped with whipped cream",1359,3.3,13.7,49.5,48.5,0.0,25,0.06,51,0,0.08,Recipe,at-risk
27301009,F006526,"Pavlova, topped with whipped cream & fresh fruit",913,2.4,8.4,34.0,33.4,1.4,22,0.18,32,24,0.13,Recipe,at-risk
28401022,F008249,Sherbet powder,1499,0.0,0.0,93.7,93.7,0.0,1,0.0,639,0,0.0,Label Data,at-risk
28202006,F000059,"Confectionary, almond, chocolate-coated",1945,7.9,21.0,62.2,62.1,4.4,107,1.51,0,0,1.42,Recipe,at-risk
28401023,F009334,"Turkish delight, plain",1301,2.7,0.0,77.7,69.6,0.1,10,0.14,13,0,0.02,Recipe,at-risk
28201003,F010412,"Bar or strap, 100% fruit",1346,1.9,0.8,72.8,61.8,10.9,22,0.71,33,0,0.07,Label Data,at-risk
28201004,F004067,"Bar, apricot, snack or confectionery style",1460,1.4,4.0,76.2,64.3,2.8,20,0.94,13,0,0.25,Recipe,at-risk
28201001,F004169,"Bar, snack, fruit leather (roll-ups)",1406,0.4,3.2,74.6,26.6,5.0,16,0.41,42,15,0.8,Analysed,at-risk
28301002,F000333,"Bar, muesli or snack, plain or with dried fruit",1586,8.3,11.5,59.2,15.9,7.0,26,2.1,144,0,0.73,Analysed,at-risk
28301003,F000337,"Bar, muesli or snack, with chocolate chips or coating",1653,6.1,11.5,64.1,20.1,6.4,37,1.6,70,0,1.18,Analysed,at-risk
28301004,F010937,"Bar, muesli or snack, dried fruit & nuts",1795,9.9,18.4,53.4,15.8,6.8,26,2.1,23,0,0.73,Label Data,at-risk
28301005,F010956,"Bar, muesli or snack, dried fruit & nuts, with chocolate or yoghurt",1675,6.6,14.0,59.5,23.1,6.4,97,0.9,74,2,0.13,Analysed,at-risk
28202001,F000330,"Bar, muesli or snack, with caramel & sesame seeds",2027,11.1,27.8,50.0,33.6,5.0,33,2.72,50,0,2.75,Recipe,at-risk
28301006,F010431,"Bar, muesli or snack, barley based, high fibre",1553,10.0,11.9,43.9,10.1,25.5,29,1.85,32,0,0.92,Label Data,moderate
28301007,F010416,"Bar, muesli or snack, high fibre",1510,4.7,12.7,47.4,26.9,22.6,30,1.28,376,6,0.54,Label Data,at-risk
28301008,F010420,"Bar, muesli slice, baked",1789,5.7,16.9,62.6,31.9,4.4,78,2.5,249,0,1.1,Label Data,at-risk
28303001,F009801,"Bar, nut based",2163,18.8,34.6,31.0,15.9,6.8,99,2.3,39,0,2.3,Analysed,at-risk
28303002,F010428,"Bar, nut based, with chocolate",2158,17.6,34.1,33.4,19.7,6.3,114,2.2,156,0,2.19,Recipe,at-risk
28303003,F009802,"Bar, nut based, added protein",2138,25.0,31.9,30.0,15.0,4.8,88,3.3,270,0,1.9,Analysed,at-risk
28303004,F010427,"Bar, nut based, added protein, with chocolate",2125,25.1,30.9,31.7,18.6,4.4,114,3.03,248,0,1.78,Recipe,at-risk
28303005,F010423,"Bar, nut based, added protein & fibre",2082,26.1,31.2,23.7,12.4,11.5,88,3.3,380,0,1.9,Label Data,at-risk
28303006,F010426,"Bar, nut based, added protein & fibre, with chocolate",2077,24.6,29.5,30.7,17.1,7.7,80,3.3,261,0,1.81,Recipe,at-risk
28301009,F009803,"Bar, snack, oat based, baked",1910,8.0,26.7,44.8,21.2,5.7,78,2.5,170,0,1.1,Analysed,at-risk
28301010,F010402,"Bar, snack, oat based, baked, with chocolate or yoghurt",1741,7.5,17.5,55.6,24.8,5.7,78,2.5,206,0,1.1,Label Data,at-risk
28302001,F000368,"Bar, snack, fruit filled, baked",1400,3.9,3.0,69.1,31.4,4.5,22,0.3,199,38,0.37,Analysed,at-risk
28301011,F000301,"Bar, snack, made from breakfast cereal",1868,10.0,15.7,64.5,32.9,2.8,78,2.5,295,0,1.1,Label Data,at-risk
28301012,F000361,"Bar, snack, made from chocolate fortified breakfast cereal",1500,5.3,7.0,59.1,21.6,9.8,95,2.6,80,4,0.18,Estimated,at-risk
28301013,F000303,"Bar, snack, made from puffed rice",1648,3.5,9.4,70.3,28.6,5.2,6,0.63,245,0,0.9,Label Data,at-risk
28305004,F000268,"Bar or biscuit, high protein, chocolate flavour",1797,27.9,20.9,21.5,8.7,8.2,40,1.75,314,0,0.55,Label Data,at-risk
28301001,F000352,"Bar, nutrition, energy or snack",1540,11.1,8.3,60.0,23.4,5.9,26,2.1,180,0,0.73,Label Data,at-risk
28305001,F010444,"Bar, high protein, with cereal",1793,29.5,14.0,40.9,25.4,3.8,40,5.4,369,0,0.55,Label Data,at-risk
28305002,F000294,"Bar, high protein, reduced carbohydrate, chocolate flavour",1639,33.4,13.5,5.5,3.4,10.2,40,1.75,200,0,0.55,Label Data,moderate
28305003,F000295,"Bar, high protein, reduced carbohydrate, added vitamins & caffeine, commercial",1594,34.5,10.7,6.1,3.4,5.0,40,1.75,192,0,0.55,Label Data,balanced
30101001,F000297,"Bar, meal replacement, added vitamins & minerals",1784,30.2,12.2,30.9,16.0,5.4,705,12.88,593,48,8.05,Label Data,at-risk
28302002,F009804,"Snack ball, fruit &/or nut based",1389,8.8,11.7,45.0,41.0,9.9,100,5.9,35,0,2.2,Analysed,at-risk
28302003,F010372,"Snack ball, fruit &/or nut based, added protein",1800,16.1,21.3,41.3,33.4,8.2,100,5.9,61,0,2.2,Analysed,at-risk
28302004,F010396,"Snack ball, bar or biscuit, sweet, with hemp",1698,14.5,21.2,36.1,28.1,9.8,100,5.9,160,0,2.2,Label Data,at-risk
30103001,F005452,"Meal replacement powder, coffee flavour",1596,33.8,4.1,52.4,46.4,2.9,748,5.8,340,19,5.7,Label Data,at-risk
30103002,F005453,"Meal replacement powder, coffee flavour, added fibre",1603,42.5,5.4,34.4,19.9,14.5,753,10.0,208,34,11.0,Label Data,at-risk
30103003,F005454,"Meal replacement powder, non-coffee flavours",1694,32.5,10.1,47.1,39.8,1.0,764,8.4,648,27,6.13,Label Data,at-risk
30103004,F005456,"Meal replacement powder, non-coffee flavours, added fibre",1638,42.3,7.2,33.0,17.3,13.5,780,10.17,172,32,10.95,Label Data,at-risk
30103005,F010607,"Meal replacement powder, reduced sugar",1605,50.9,6.6,23.1,4.9,13.4,709,7.64,104,24,7.64,Label Data,balanced
30103006,F010606,"Meal replacement powder, dairy free",1558,37.4,10.1,26.6,5.0,12.7,505,9.09,596,30,7.14,Label Data,at-risk
30102001,F005446,"Meal replacement drink, coffee flavour, made with water",313,6.6,0.8,10.3,9.1,0.6,148,1.14,69,4,1.12,Recipe,moderate
30102002,F005445,"Meal replacement drink, coffee flavour, made with cow's milk",500,9.2,2.9,14.3,13.1,0.6,231,1.12,94,4,1.37,Recipe,moderate
30102003,F010612,"Meal replacement drink, coffee flavour, made with dairy milk alternative",441,7.7,1.9,14.2,10.6,0.9,176,1.24,102,4,1.16,Recipe,moderate
30102004,F005444,"Meal replacement drink, coffee flavour, added fibre, made with water",254,6.7,0.8,5.4,3.2,2.3,120,1.59,35,5,1.74,Recipe,balanced
30102005,F005443,"Meal replacement drink, coffee flavour, added fibre, made with cow's milk",451,9.4,3.1,9.7,7.5,2.2,208,1.56,62,5,1.99,Recipe,balanced
30102006,F010615,"Meal replacement drink, coffee flavour, added fibre, made with dairy milk alternative",388,7.8,2.0,9.6,4.9,2.6,150,1.67,70,5,1.77,Recipe,balanced
30102007,F005449,"Meal replacement drink, non-coffee flavours, made with water",308,5.9,1.8,8.6,7.2,0.2,140,1.53,120,5,1.12,Recipe,moderate
30102008,F005448,"Meal replacement drink, non-coffee flavours, made with cow's milk",498,8.5,3.9,12.7,11.4,0.2,225,1.5,144,5,1.37,Recipe,moderate
30102009,F010613,"Meal replacement drink, non-coffee flavours, made with dairy milk alternative",438,7.0,2.9,12.6,8.8,0.5,169,1.62,152,5,1.16,Recipe,moderate
30102010,F005451,"Meal replacement drink, non-coffee flavours, added fibre, made with water",252,6.5,1.1,5.1,2.7,2.1,121,1.57,29,5,1.69,Recipe,balanced
30102011,F005450,"Meal replacement drink, non-coffee flavours, added fibre, made with cow's milk",450,9.2,3.3,9.4,7.1,2.0,209,1.54,56,5,1.93,Recipe,balanced
30102012,F010616,"Meal replacement drink, non-coffee flavours, added fibre, made with dairy milk alternative",387,7.6,2.3,9.3,4.4,2.4,151,1.66,64,5,1.72,Recipe,balanced
30102013,F010617,"Meal replacement drink, reduced sugar, made with water",221,7.0,0.9,3.2,0.7,1.8,99,1.06,17,3,1.06,Recipe,moderate
30102014,F010618,"Meal replacement drink, reduced sugar, made with cow's milk",424,9.7,3.2,7.6,5.2,1.8,189,1.04,45,3,1.32,Recipe,moderate
30102015,F010619,"Meal replacement drink, reduced sugar, made with dairy milk alternative",360,8.1,2.1,7.5,2.5,2.2,130,1.16,53,3,1.1,Recipe,balanced
30102016,F010620,"Meal replacement drink, dairy free, made with water",215,5.2,1.4,3.7,0.7,1.8,71,1.26,85,4,0.99,Recipe,moderate
30102017,F010621,"Meal replacement drink, dairy free, made with cow's milk",417,7.9,3.6,8.1,5.2,1.7,162,1.24,111,4,1.26,Recipe,moderate
30102018,F010622,"Meal replacement drink, dairy free, made with dairy milk alternative",354,6.3,2.6,8.0,2.5,2.1,103,1.35,119,4,1.04,Recipe,balanced
30107001,F006261,"Oral supplement powder, chocolate flavour, added vitamins & minerals (Sustagen Everyday)",1580,20.0,1.5,71.0,55.0,4.0,600,22.0,200,60,14.5,Label Data,at-risk
30107002,F010583,"Oral supplement powder, vanilla flavour, added vitamins & minerals (Sustagen Everyday)",1540,20.0,0.6,71.0,55.0,3.2,600,22.0,200,60,14.5,Label Data,at-risk
30107003,F006262,"Oral supplement powder, chocolate flavour, added vitamins & minerals (Sustagen Hospital)",1570,23.0,2.5,65.0,50.0,4.0,670,6.0,270,33,6.0,Label Data,at-risk
30107004,F006265,"Oral supplement powder, vanilla flavour, added vitamins & minerals (Sustagen Hospital)",1570,23.0,2.5,65.0,45.0,3.2,670,6.0,270,33,6.0,Label Data,at-risk
30107005,F006264,"Oral supplement powder, vanilla flavour, children's, added vitamins & minerals (Sustagen Kid Essentials)",1919,13.9,18.3,58.3,22.0,4.6,450,6.3,182,33,3.1,Label Data,at-risk
30107006,F006263,"Oral supplement powder, vanilla flavour, added vitamins & minerals (Ensure)",1769,15.9,14.0,56.8,20.4,4.3,450,4.09,361,54,4.65,Label Data,at-risk
30107007,F007415,"Powder, medical or special purpose, added vitamins & minerals",2043,0.0,25.0,66.7,16.0,0.0,410,8.1,191,49,5.7,Label Data,at-risk
30106001,F010585,"Oral supplement drink, chocolate flavour, added vitamins & minerals (Sustagen Everyday), prepared with water",125,1.6,0.1,5.6,4.3,0.3,49,1.74,18,5,1.15,Recipe,moderate
30106002,F006254,"Oral supplement drink, chocolate flavour, added vitamins & minerals (Sustagen Everyday), prepared with cow's milk",343,4.6,2.5,10.3,9.1,0.3,146,1.7,48,5,1.43,Recipe,moderate
30106003,F010586,"Oral supplement drink, chocolate flavour, added vitamins & minerals (Sustagen Everyday), prepared with dairy milk alternative",275,2.9,1.4,10.2,6.2,0.7,83,1.83,57,5,1.2,Recipe,moderate
30106004,F010598,"Oral supplement drink, vanilla flavour, added vitamins & minerals (Sustagen Everyday), prepared with water",122,1.6,0.0,5.6,4.3,0.2,49,1.74,18,5,1.15,Recipe,moderate
30106005,F010599,"Oral supplement drink, vanilla flavour, added vitamins & minerals (Sustagen Everyday), prepared with cow's milk",340,4.6,2.5,10.3,9.1,0.2,146,1.7,48,5,1.43,Recipe,moderate
30106006,F010600,"Oral supplement drink, vanilla flavour, added vitamins & minerals (Sustagen Everyday), prepared with dairy milk alternative",272,2.9,1.3,10.2,6.2,0.7,83,1.83,57,5,1.2,Recipe,moderate
30106007,F006256,"Oral supplement drink, chocolate flavour, added vitamins & minerals (Sustagen Hospital), prepared with water",362,5.3,0.6,15.0,11.5,0.9,156,1.39,64,8,1.39,Recipe,moderate
30106008,F006255,"Oral supplement drink, chocolate flavour, added vitamins & minerals (Sustagen Hospital), prepared with cow's milk",540,7.8,2.6,18.7,15.3,0.9,235,1.37,89,7,1.62,Recipe,at-risk
30106009,F010584,"Oral supplement drink, chocolate flavour, added vitamins & minerals (Sustagen Hospital), prepared with dairy milk alternative",483,6.4,1.6,18.6,12.9,1.2,182,1.47,96,7,1.42,Recipe,moderate
30106010,F006259,"Oral supplement drink, vanilla flavour, added vitamins & minerals (Sustagen Hospital), prepared with water",362,5.3,0.6,15.0,10.4,0.8,156,1.39,64,8,1.39,Recipe,moderate
30106011,F006258,"Oral supplement drink, vanilla flavour, added vitamins & minerals (Sustagen Hospital), prepared with cow's milk",540,7.8,2.6,18.7,14.2,0.7,235,1.37,89,7,1.62,Recipe,moderate
30106012,F010587,"Oral supplement drink, vanilla flavour, added vitamins & minerals (Sustagen Hospital), prepared with dairy milk alternative",483,6.4,1.6,18.6,11.8,1.1,182,1.47,96,7,1.42,Recipe,moderate
30106013,F010597,"Oral supplement drink, vanilla flavour, children's, added vitamins & minerals (Sustagen Kid Essentials), prepared with water",398,2.9,3.8,12.1,4.6,0.9,95,1.31,40,7,0.65,Recipe,moderate
30106014,F006260,"Oral supplement drink, vanilla flavour, children's, added vitamins & minerals (Sustagen Kid Essentials), prepared with cow's milk",580,5.5,5.8,16.0,8.6,0.9,178,1.29,65,7,0.9,Recipe,moderate
30106015,F010596,"Oral supplement drink, vanilla flavour, children's, added vitamins & minerals (Sustagen Kid Essentials), prepared with dairy milk alternative",522,4.0,4.8,15.9,6.1,1.3,123,1.4,73,7,0.7,Recipe,moderate
30106016,F010595,"Oral supplement drink, vanilla flavour, added vitamins & minerals (Ensure), prepared with water",382,3.4,3.0,12.3,4.4,0.9,98,0.89,80,12,1.01,Recipe,moderate
30106017,F010594,"Oral supplement drink, vanilla flavour, added vitamins & minerals (Ensure), prepared with cow's milk",563,6.0,5.0,16.2,8.5,0.9,180,0.88,104,11,1.25,Recipe,moderate
30106018,F010593,"Oral supplement drink, vanilla flavour, added vitamins & minerals (Ensure), prepared with dairy milk alternative",505,4.5,4.1,16.0,6.0,1.3,127,0.98,112,11,1.05,Recipe,moderate
30106019,F010592,"Medical or special purpose drink, added vitamins & minerals, prepared with water",266,0.0,3.3,8.7,2.1,0.0,55,1.06,27,6,0.75,Recipe,moderate
30106020,F010591,"Medical or special purpose drink, added vitamins & minerals, prepared with cow's milk",469,2.9,5.5,13.1,6.6,0.0,147,1.04,56,6,1.02,Recipe,moderate
30106021,F010590,"Medical or special purpose drink, added vitamins & minerals, prepared with dairy milk alternative",405,1.3,4.4,12.9,3.9,0.4,87,1.16,64,6,0.8,Recipe,moderate
30103007,F009481,"Very low energy diet powder, coffee flavour",1633,40.2,9.8,34.9,22.3,2.2,912,17.05,912,48,10.1,Label Data,at-risk
30103008,F010608,"Very low energy diet powder, coffee flavour, added fibre",1569,41.4,6.6,33.5,21.4,8.9,757,10.19,340,42,7.37,Label Data,at-risk
30103009,F009479,"Very low energy diet powder, non-coffee flavours",1691,40.2,11.1,35.1,21.6,2.6,916,17.18,990,48,10.15,Label Data,at-risk
30103010,F010609,"Very low energy diet powder, non-coffee flavours, added fibre",1581,41.2,6.7,34.2,21.7,9.2,752,10.35,340,42,7.39,Label Data,at-risk
30102019,F009473,"Very low energy diet drink (Optifast), coffee flavour, made with water",237,5.8,1.4,5.1,3.2,0.3,134,2.48,135,7,1.47,Recipe,moderate
30102020,F009474,"Very low energy diet drink (Optifast), coffee flavour, made with cow's milk",438,8.6,3.6,9.4,7.7,0.3,222,2.43,160,7,1.72,Recipe,moderate
30102021,F010629,"Very low energy diet drink (Optifast), coffee flavour, made with dairy milk alternative",374,7.0,2.6,9.3,5.0,0.7,164,2.55,168,7,1.51,Recipe,moderate
30102022,F009472,"Very low energy diet drink (Optifast), non-coffee flavours, made with water",246,5.8,1.6,5.1,3.1,0.4,134,2.5,146,7,1.48,Recipe,moderate
30102023,F009471,"Very low energy diet drink (Optifast), non-coffee flavours, made with cow's milk",446,8.6,3.8,9.5,7.6,0.4,223,2.45,171,7,1.73,Recipe,moderate
30102024,F010630,"Very low energy diet drink (Optifast), non-coffee flavours, made with dairy milk alternative",383,7.0,2.8,9.4,4.9,0.8,164,2.56,179,7,1.51,Recipe,moderate
30102025,F010628,"Very low energy diet drink, coffee flavour, added fibre, made with water",308,8.1,1.3,6.6,4.2,1.7,150,2.0,69,8,1.45,Recipe,moderate
30102026,F010627,"Very low energy diet drink, coffee flavour, added fibre, made with cow's milk",495,10.6,3.4,10.7,8.4,1.7,233,1.97,94,8,1.69,Recipe,moderate
30102027,F010626,"Very low energy diet drink, coffee flavour, added fibre, made with dairy milk alternative",436,9.2,2.4,10.6,5.8,2.1,178,2.08,102,8,1.48,Recipe,balanced
30102028,F010625,"Very low energy diet drink, non-coffee flavours, added fibre, made with water",310,8.1,1.3,6.7,4.3,1.8,149,2.04,69,8,1.46,Recipe,moderate
30102029,F010624,"Very low energy diet drink, non-coffee flavours, added fibre, made with cow's milk",497,10.6,3.4,10.8,8.4,1.8,232,2.0,94,8,1.69,Recipe,moderate
30102030,F010623,"Very low energy diet drink, non-coffee flavours, added fibre, made with dairy milk alternative",438,9.1,2.4,10.7,5.9,2.1,177,2.11,102,8,1.49,Recipe,balanced
30103011,F010633,"Soup, diet, instant dry mix, with meat, added vitamins & minerals",1585,36.6,8.8,35.4,16.9,6.3,660,9.81,1432,42,7.42,Label Data,at-risk
30103012,F010631,"Soup, diet, instant dry mix, with vegetables, added vitamins & minerals",1563,35.9,8.0,36.6,17.3,6.7,660,10.85,1435,49,7.51,Label Data,at-risk
30102031,F010634,"Soup, diet, with meat, added vitamins & minerals, made from instant dry mix, with water",286,6.6,1.6,6.4,3.0,1.1,120,1.77,261,8,1.34,Recipe,moderate
30102032,F010632,"Soup, diet, with vegetables, added vitamins & minerals, prepared from instant dry mix, with water",282,6.5,1.4,6.6,3.1,1.2,120,1.96,261,9,1.36,Recipe,moderate
30104048,F010925,"Gel, energy",1103,0.0,0.0,66.2,23.4,0.0,16,0.0,332,14,0.0,Label Data,at-risk
30104049,F004195,"Gel, energy, added caffeine",1096,0.3,0.0,65.4,20.4,0.0,2,0.0,225,0,0.0,Label Data,at-risk
30104050,F010926,"Gel, energy, isotonic/liquid",612,0.0,0.0,36.0,1.0,0.1,2,0.0,10,1,0.0,Label Data,moderate
30105001,F000063,Amino acid or creatine powder,1666,98.0,0.0,0.0,0.0,0.0,5,0.0,5,0,3.8,Label Data,moderate
30105002,F007493,"Protein powder, whey based, >70% protein",1568,85.0,2.2,1.6,1.3,1.8,420,0.49,200,0,0.25,Analysed,moderate
30105003,F007491,"Protein powder, whey based, >70% protein, added vitamins & minerals",1592,76.0,3.6,9.2,4.7,1.8,224,0.49,818,334,4.6,Label Data,at-risk
30105004,F007482,"Protein powder, whey based, >70% protein, added caffeine",1696,65.8,9.7,12.6,11.4,1.8,420,0.49,200,0,0.25,Label Data,moderate
30105005,F010730,"Protein powder, whey based, >70% protein, added caffeine, vitamins & minerals",1571,68.3,3.4,15.9,3.8,1.8,376,6.0,237,0,6.0,Label Data,moderate
30105006,F007489,"Protein powder, whey based, 45% protein",1634,44.8,5.0,41.1,25.2,1.6,420,0.49,200,0,0.25,Label Data,at-risk
30105007,F007486,"Protein powder, whey based, 45% protein, added vitamins & minerals",1574,45.1,6.2,32.2,15.4,5.4,930,12.0,168,41,12.4,Label Data,at-risk
30105008,F007485,"Protein powder, whey based, 30% protein, added vitamins & minerals",1670,36.0,9.5,41.5,20.0,2.5,685,15.5,220,17,9.0,Label Data,at-risk
30105009,F010635,"Protein powder, whey based, 25% protein",1657,17.1,4.0,71.4,11.2,1.8,223,2.0,200,9,0.25,Label Data,moderate
30105010,F007490,"Protein powder, soy based, >70% protein",1640,78.8,3.4,9.4,6.4,2.7,50,4.1,708,0,1.14,Label Data,at-risk
30105011,F010636,"Protein powder, plant based, >60% protein",1499,68.4,4.5,5.9,3.4,9.1,87,1.98,928,0,4.8,Estimated,at-risk
30105012,F010639,"Protein powder, plant based, >60% protein, added vitamins & minerals",1499,68.4,4.5,5.9,3.4,9.1,87,1.98,928,334,4.8,Label Data,at-risk
30105013,F010640,"Protein powder, plant based, 40-60% protein",1600,49.5,12.4,9.3,4.2,18.2,87,1.98,928,0,4.8,Estimated,at-risk
30105014,F010743,"Protein powder, plant based, 40-60% protein, added vitamins & minerals",1600,49.5,12.4,9.3,4.2,18.2,930,12.0,928,0,12.4,Estimated,at-risk
30105015,F010641,"Protein powder, plant based, <40% protein",1725,29.3,10.7,46.6,5.0,5.5,87,1.98,262,0,4.8,Estimated,moderate
30105016,F010744,"Protein powder, plant based, <40% protein, added vitamins & minerals",1725,29.3,10.7,46.6,5.0,5.5,685,15.5,262,17,9.0,Estimated,moderate
30105017,F010642,"Protein powder, hemp seed based",1400,35.8,13.5,4.4,4.2,27.8,166,22.0,0,0,13.3,Borrowed,balanced
34401001,F010938,Fibre powder,959,0.7,0.6,21.4,0.7,70.4,190,24.0,39,0,0.62,Imputed,moderate
34401002,F010939,Prebiotic powder,840,0.0,0.0,8.0,8.0,89.0,0,0.0,5,0,0.62,Imputed,moderate
30104001,F010718,"Amino acid or creatine drink, made with water",33,1.9,0.0,0.0,0.0,0.0,2,0.0,3,0,0.08,Recipe,moderate
30104002,F010719,"Amino acid or creatine drink, made with cow's milk",267,5.1,2.6,5.2,5.2,0.0,106,0.02,35,0,0.41,Recipe,moderate
30104003,F010917,"Amino acid or creatine drink, made with dairy milk alternative",195,3.3,1.4,5.0,2.1,0.4,40,0.15,44,0,0.16,Recipe,moderate
30104004,F007474,"Protein drink, whey based, >70% protein, added vitamins & minerals, prepared with water",248,11.9,0.6,1.4,0.7,0.3,36,0.08,130,52,0.72,Recipe,moderate
30104005,F007473,"Protein drink, whey based, >70% protein, added vitamins & minerals, prepared with cow's milk",446,14.4,2.8,5.8,5.2,0.3,126,0.09,155,51,0.99,Recipe,moderate
30104006,F010770,"Protein drink, whey based, >70% protein, added vitamins & minerals, prepared with dairy milk alternative",384,12.8,1.7,5.7,2.5,0.7,68,0.2,163,51,0.78,Recipe,moderate
30104007,F009818,"Protein drink, whey based, >70% protein, prepared with water",204,11.1,0.3,0.2,0.2,0.2,56,0.07,29,0,0.04,Recipe,moderate
30104008,F007476,"Protein drink, whey based, >70% protein, prepared with cow's milk",409,13.7,2.6,4.8,4.8,0.2,148,0.08,57,0,0.33,Recipe,moderate
30104009,F007477,"Protein drink, whey based, >70% protein, prepared with dairy milk alternative",345,12.1,1.5,4.7,2.0,0.6,89,0.2,65,0,0.11,Recipe,moderate
30104013,F007460,"Protein drink, whey based, >70% protein, added caffeine, prepared with water",246,9.6,1.4,1.8,1.6,0.3,62,0.08,32,0,0.04,Recipe,moderate
30104014,F010666,"Protein drink, whey based, >70% protein, added caffeine, prepared with cow's milk",446,12.2,3.6,6.3,6.1,0.2,152,0.08,59,0,0.33,Recipe,moderate
30104015,F010667,"Protein drink, whey based, >70% protein, added caffeine, prepared with dairy milk alternative",383,10.6,2.6,6.2,3.4,0.6,94,0.2,67,0,0.11,Recipe,moderate
30104010,F010731,"Protein drink, whey based, >70% protein, added caffeine, vitamins & minerals, prepared with water",178,7.8,0.4,1.8,0.4,0.2,44,0.68,29,0,0.68,Recipe,moderate
30104011,F010732,"Protein drink, whey based, >70% protein, added caffeine, vitamins & minerals, prepared with cow's milk",387,10.5,2.7,6.4,5.1,0.2,138,0.68,58,0,0.97,Recipe,moderate
30104012,F010733,"Protein drink, whey based, >70% protein, added caffeine, vitamins & minerals, prepared with dairy milk alternative",322,8.9,1.6,6.3,2.3,0.6,77,0.8,66,0,0.74,Recipe,moderate
30104016,F007470,"Protein drink, whey based, 45% protein, prepared with water",343,9.4,1.0,8.6,5.3,0.3,90,0.11,44,0,0.06,Recipe,moderate
30104017,F007469,"Protein drink, whey based, 45% protein, prepared with cow's milk",526,11.8,3.1,12.6,9.3,0.3,172,0.11,69,0,0.32,Recipe,moderate
30104018,F010673,"Protein drink, whey based, 45% protein, prepared with dairy milk alternative",468,10.4,2.1,12.5,6.8,0.7,118,0.22,77,0,0.12,Recipe,moderate
30104019,F007467,"Protein drink, whey based, 45% protein, added vitamins & minerals, prepared with water",294,8.4,1.2,6.0,2.9,1.0,175,2.25,34,8,2.32,Recipe,moderate
30104020,F007466,"Protein drink, whey based, 45% protein, added vitamins & minerals, prepared with cow's milk",484,11.0,3.3,10.2,7.1,1.0,258,2.2,60,8,2.54,Recipe,moderate
30104021,F010674,"Protein drink, whey based, 45% protein, added vitamins & minerals, prepared with dairy milk alternative",424,9.4,2.3,10.1,4.5,1.3,203,2.32,68,8,2.34,Recipe,moderate
30104022,F007463,"Protein drink, whey based, 30% protein, added vitamins & minerals, prepared with water",152,3.3,0.9,3.8,1.8,0.2,64,1.41,23,2,0.82,Recipe,moderate
30104023,F007462,"Protein drink, whey based, 30% protein, added vitamins & minerals, prepared with cow's milk",367,6.2,3.2,8.5,6.6,0.2,159,1.39,52,2,1.11,Recipe,moderate
30104024,F010685,"Protein drink, whey based, 30% protein, added vitamins & minerals, prepared with dairy milk alternative",300,4.6,2.1,8.3,3.7,0.6,97,1.51,61,2,0.88,Recipe,moderate
30104025,F010677,"Protein drink, whey based, 25% protein, prepared with water",462,4.8,1.1,19.9,3.1,0.5,63,0.56,58,2,0.07,Recipe,moderate
30104026,F010678,"Protein drink, whey based, 25% protein, prepared with cow's milk",627,7.1,3.0,23.3,6.9,0.5,140,0.56,81,2,0.32,Recipe,moderate
30104027,F010679,"Protein drink, whey based, 25% protein, prepared with dairy milk alternative",573,5.8,2.1,23.2,4.6,0.8,90,0.66,87,2,0.13,Recipe,moderate
30104028,F010703,"Protein drink, plant based, >60% protein, prepared with water",161,7.3,0.5,0.6,0.4,1.0,11,0.22,102,0,0.52,Recipe,moderate
30104029,F010704,"Protein drink, plant based, >60% protein, prepared with cow's milk",372,10.1,2.8,5.3,5.1,0.9,106,0.22,129,0,0.81,Recipe,moderate
30104030,F010706,"Protein drink, plant based, >60% protein, prepared with dairy milk alternative",306,8.5,1.7,5.2,2.2,1.4,45,0.34,137,0,0.58,Recipe,moderate
30104031,F010723,"Protein drink, plant based, >60% protein, added vitamins & minerals, prepared with water",184,8.4,0.6,0.7,0.4,1.1,12,0.25,116,41,0.59,Recipe,moderate
30104032,F010724,"Protein drink, plant based, >60% protein, added vitamins & minerals, prepared with cow's milk",391,11.1,2.8,5.3,5.0,1.1,106,0.25,142,40,0.88,Recipe,moderate
30104033,F010725,"Protein drink, plant based, >60% protein, added vitamins & minerals, prepared with dairy milk alternative",326,9.5,1.8,5.2,2.3,1.5,46,0.37,151,40,0.65,Recipe,moderate
30104034,F010695,"Protein drink, plant based, 40-60% protein, prepared with water",244,7.6,1.9,1.4,0.6,2.8,15,0.31,144,0,0.74,Recipe,balanced
30104035,F010696,"Protein drink, plant based, 40-60% protein, prepared with cow's milk",442,10.2,4.1,5.8,5.1,2.7,105,0.31,168,0,1.0,Recipe,balanced
30104036,F010697,"Protein drink, plant based, 40-60% protein, prepared with dairy milk alternative",380,8.6,3.0,5.7,2.4,3.1,47,0.42,176,0,0.79,Recipe,balanced
30104037,F010761,"Protein drink, plant based, 40-60% protein, added vitamins & minerals, prepared with water",196,6.1,1.5,1.1,0.5,2.2,116,1.48,116,0,1.53,Recipe,balanced
30104038,F010762,"Protein drink, plant based, 40-60% protein, added vitamins & minerals, prepared with cow's milk",403,8.9,3.8,5.7,5.1,2.2,207,1.45,142,0,1.78,Recipe,balanced
30104039,F010763,"Protein drink, plant based, 40-60% protein, added vitamins & minerals, prepared with dairy milk alternative",338,7.2,2.7,5.6,2.4,2.6,147,1.57,151,0,1.56,Recipe,balanced
30104040,F010690,"Protein drink, plant based, <40% protein, prepared with water",345,5.9,2.1,9.3,1.0,1.1,19,0.4,55,0,0.96,Recipe,moderate
30104041,F010691,"Protein drink, plant based, <40% protein, prepared with cow's milk",530,8.4,4.2,13.3,5.2,1.1,104,0.4,80,0,1.21,Recipe,moderate
30104042,F010692,"Protein drink, plant based, <40% protein, prepared with dairy milk alternative",471,6.9,3.2,13.2,2.7,1.4,49,0.51,88,0,1.01,Recipe,moderate
30104043,F010764,"Protein drink, plant based, <40% protein, added vitamins & minerals, prepared with water",345,5.9,2.1,9.3,1.0,1.1,138,3.1,55,3,1.8,Recipe,moderate
30104044,F010765,"Protein drink, plant based, <40% protein, added vitamins & minerals, prepared with cow's milk",530,8.4,4.2,13.3,5.2,1.1,221,3.04,80,3,2.03,Recipe,moderate
30104045,F010766,"Protein drink, plant based, <40% protein, added vitamins & minerals, prepared with dairy milk alternative",471,6.9,3.2,13.2,2.7,1.4,166,3.15,88,3,1.83,Recipe,moderate
30104046,F010710,"Protein drink, purchased ready to drink ",205,9.9,0.3,1.4,0.2,0.3,226,0.09,13,0,0.04,Label Data,moderate
30104047,F010721,"Sports drink, with amino acids",33,1.9,0.0,0.0,0.0,0.0,2,0.0,28,0,0.08,Imputed,moderate
31103001,F000565,"Beef extract, bonox",400,16.6,0.2,6.5,0.0,0.0,110,2.0,6660,0,1.5,Analysed,at-risk
31102001,F008785,"Spread, yeast, vegemite",683,24.4,0.9,10.9,1.6,6.5,68,4.03,3000,0,4.26,Analysed,at-risk
31102002,F010125,"Spread, yeast, vegemite, salt reduced",804,26.3,0.9,13.3,2.0,12.5,68,4.03,1980,0,4.26,Label Data,at-risk
31102003,F010126,"Spread, yeast, vegemite, gluten free",728,26.5,1.2,9.8,4.7,8.9,68,4.03,3000,0,4.26,Label Data,at-risk
31102004,F008782,"Spread, yeast, cheesybite",926,10.4,17.9,4.0,1.0,2.1,69,1.29,1542,0,1.63,Recipe,at-risk
31102005,F008783,"Spread, yeast, marmite",624,13.3,0.9,16.6,11.8,11.8,25,46.3,3400,0,1.8,Analysed,at-risk
31102006,F008780,"Spread, vegetable & yeast extract, mightymite",672,7.7,1.0,26.8,3.9,6.5,68,4.03,3140,0,4.26,Label Data,at-risk
31102007,F008781,"Spread, vegetable & yeast extract, Promite",909,13.4,2.7,32.9,18.4,5.0,68,4.03,4806,0,4.26,Label Data,at-risk
31302001,F002258,"Cardamom seed, dried, ground",1236,10.8,6.7,34.4,4.4,28.0,383,13.97,18,21,7.47,Borrowed,balanced
31302002,F002893,"Chilli (chili), dried, ground",1224,12.3,14.3,12.9,7.2,34.2,278,14.3,68,64,2.7,Borrowed,balanced
31302003,F002963,"Cinnamon, dried, ground",1004,4.0,1.2,27.5,2.2,53.1,1002,8.32,10,4,1.83,Borrowed,balanced
31302004,F002970,"Cloves, dried, ground",1389,6.0,13.0,31.6,2.4,33.9,632,11.83,277,0,2.32,Borrowed,moderate
31302005,F003190,"Coriander seed, dried, ground",1344,12.4,17.8,8.4,2.4,41.9,709,16.32,35,21,4.7,Borrowed,balanced
31302006,F003327,"Cumin (cummin) seed, dried, ground",1782,17.8,22.3,33.7,2.2,10.5,931,66.36,168,8,4.8,Borrowed,at-risk
31302007,F003337,Curry powder,1231,14.3,14.0,2.8,2.8,53.2,525,19.1,52,1,4.7,Borrowed,balanced
31302008,F004210,"Ginger, dried, ground",1397,9.0,4.2,57.5,3.4,14.1,114,19.8,27,1,3.64,Borrowed,balanced
31302009,F004365,"Herbs, dried, all types",1228,8.4,9.9,23.5,6.8,40.6,1605,54.44,35,36,4.2,Recipe,balanced
31302010,F009917,Maca powder,1550,13.0,1.1,66.7,31.5,23.2,250,13.85,14,0,3.8,Label Data,at-risk
31302011,F005972,Mustard powder,2289,29.4,39.5,17.2,5.0,5.0,160,7.0,3,7,4.9,Analysed,at-risk
31302012,F006118,"Nutmeg, dried, ground",2090,5.8,36.3,28.5,3.0,20.8,184,3.04,16,3,2.15,Borrowed,at-risk
31302013,F006281,"Oregano, dried",1096,9.0,4.3,26.4,4.1,42.5,1597,36.8,25,2,2.69,Borrowed,balanced
31302014,F006316,"Paprika, dried, ground",1311,14.1,12.9,19.1,10.3,34.9,229,21.14,68,1,4.33,Borrowed,moderate
31302015,F006618,"Pepper, black or white, ground",1156,10.4,3.3,38.6,0.6,25.3,443,9.71,20,0,1.19,Borrowed,balanced
31302016,F007715,"Rosemary, dried",1314,4.9,15.2,20.4,19.6,42.6,1280,29.25,50,61,3.23,Borrowed,at-risk
31302017,F007726,"Sage, dried",1320,10.6,12.8,20.4,1.7,40.3,1652,28.12,11,32,4.7,Borrowed,balanced
31301001,F007879,"Salt, table, non-iodised",0,0.0,0.0,0.0,0.0,0.0,34,0.0,38178,0,0.1,Analysed,at-risk
31301002,F007878,"Salt, table, iodised",0,0.0,0.0,0.0,0.0,0.0,34,0.0,38168,0,0.1,Analysed,at-risk
31301003,F007870,"Salt substitute, potassium chloride",0,0.0,0.0,0.0,0.0,0.0,34,0.0,33,0,0.1,Analysed,moderate
31303001,F008202,"Seasoning, all purpose, dry powder",1130,6.4,4.1,34.6,11.0,33.8,240,6.3,15458,0,0.91,Label Data,at-risk
31303002,F009072,"Seasoning mix, chilli based, for tacos",1335,6.2,4.8,58.1,28.5,8.7,240,6.3,6238,0,0.91,Analysed,at-risk
31302018,F008746,"Spices, dried, all types (except chilli & paprika)",1463,9.4,14.5,31.7,2.8,28.9,565,19.95,79,8,3.84,Recipe,balanced
31302019,F009160,"Thyme, dried",1182,9.1,7.4,26.9,1.7,37.0,1890,123.6,55,50,6.18,Borrowed,balanced
31302020,F009335,"Turmeric, dried, ground",1219,9.7,3.2,44.4,3.2,22.7,168,55.0,27,1,4.5,Borrowed,balanced
31303003,F008933,"Stock, dry powder or cube",900,11.3,8.9,22.5,4.3,0.0,71,2.5,18400,0,0.4,Analysed,at-risk
31303004,F008934,"Stock, dry powder or cube, reduced salt",900,11.3,8.9,22.5,4.3,0.0,71,2.5,12235,0,0.4,Analysed,at-risk
31304001,F008936,"Stock, liquid, all flavours, prepared ",18,0.2,0.2,0.4,0.1,0.0,3,0.05,362,0,0.01,Recipe,moderate
31304002,F008937,"Stock, liquid, all flavours, reduced salt, prepared",18,0.2,0.2,0.4,0.1,0.0,3,0.05,241,0,0.01,Recipe,moderate
31304003,F008935,"Stock, liquid, all flavours, homemade",18,0.2,0.2,0.4,0.1,0.0,3,0.05,362,0,0.01,Imputed,moderate
31501001,F000247,"Baking powder, dry powder",363,0.8,0.2,20.1,0.0,0.2,6,1.99,6868,0,0.34,Recipe,at-risk
31501002,F000248,"Baking soda (bicarbonate), dry powder",0,0.0,0.0,0.0,0.0,0.0,0,0.0,27360,0,0.0,Borrowed,at-risk
31501003,F003250,"Cream of tartar, dry powder",2,0.0,0.0,0.0,0.0,0.2,8,3.72,52,0,0.42,Borrowed,moderate
31401001,F009929,"Essence, all types (except vanilla)",231,0.0,0.0,14.4,14.4,0.0,3,0.05,3,0,0.01,Borrowed,moderate
31502001,F004196,"Gelatine, all types",1449,84.4,0.4,0.0,0.0,0.0,250,2.1,330,0,0.4,Analysed,moderate
12103013,F004220,"Gluten, from wheat (vital wheat gluten)",1507,75.2,0.0,13.2,0.0,0.6,142,5.2,29,0,0.85,Borrowed,moderate
31501004,F005158,"Lecithin, soy, granules",2620,6.0,62.4,4.9,4.4,15.1,120,1.5,11,0,0.7,Analysed,at-risk
31501005,F006613,"Pectin, unsweetened, dry powder",725,0.4,0.1,0.0,0.0,89.3,7,2.71,450,0,0.47,Imputed,at-risk
24102025,F008831,"Starch, potato",1332,0.0,0.5,74.5,0.0,5.9,14,0.3,9,0,0.1,Borrowed,moderate
31401002,F009351,"Vanilla, artificial",231,0.0,0.0,14.4,14.4,0.0,3,0.05,3,0,0.01,Borrowed,moderate
31101001,F009605,"Yeast, bakers, compressed",454,13.6,2.0,4.9,0.0,8.1,7,1.7,50,0,3.9,Analysed,balanced
31101002,F009606,"Yeast, dry powder",1126,36.4,5.0,6.3,0.0,26.9,18,3.5,170,0,18.0,Analysed,balanced
31503001,F002018,Caffeine,0,0.0,0.0,0.0,0.0,0.0,0,0.0,0,0,0.0,Imputed,moderate
29505004,F003793,Ethanol 100%,2900,0.0,0.0,0.0,0.0,0.0,0,0.0,0,0,0.0,Imputed,moderate
31503002,F003822,Fibre,800,0.0,0.0,0.0,0.0,100.0,0,0.0,0,0,0.0,Imputed,moderate
31503003,F004019,Folic acid,0,0.0,0.0,0.0,0.0,0.0,0,0.0,0,0,0.0,Imputed,moderate
31503004,F005283,Maltodextrin,1700,0.0,0.0,100.0,0.0,0.0,0,0.0,0,0,0.0,Imputed,moderate
31503005,F009856,Protein,1700,100.0,0.0,0.0,0.0,0.0,0,0.0,0,0,0.0,Imputed,moderate
31503006,F009149,Thiamin,0,0.0,0.0,0.0,0.0,0.0,0,0.0,0,0,0.0,Imputed,moderate
31503009,F009501,Vitamin C,0,0.0,0.0,0.0,0.0,0.0,0,0.0,0,10000,0.0,Imputed,moderate
32103001,F005647,"Milk, human/breast, mature, fluid",286,1.3,4.2,6.8,6.8,0.0,32,0.03,17,5,0.17,Borrowed,moderate
32101001,F004561,"Infant formula, 6-12 months, made with water",272,1.6,3.2,7.9,7.9,0.0,66,0.87,44,10,0.56,Label Data,moderate
32101002,F004560,"Infant formula, 6-12 months, added omega-3 fatty acids, made with water",276,1.6,3.3,7.9,7.9,0.0,57,1.05,24,11,0.57,Label Data,moderate
32104001,F009166,"Toddler milk, added omega-3 fatty acids, made with water",222,2.6,1.4,8.0,7.8,0.0,126,1.18,28,30,0.52,Label Data,moderate
32104002,F009170,"Toddler milk, S26 Gold, made with water",262,1.3,2.8,8.4,8.4,0.0,109,1.4,15,7,0.5,Label Data,moderate
32105001,F010559,"Toddler milk, soy, made with water",271,1.7,3.7,6.5,5.7,0.0,80,1.1,20,8,0.75,Label Data,moderate
32104003,F010555,"Toddler milk, goat milk, made with water",286,2.2,3.5,7.4,7.4,0.0,86,1.01,27,9,0.52,Label Data,moderate
32104004,F010546,"Toddler milk, goat milk, added omega-3 fatty acids, made with water",292,2.5,3.2,8.2,8.2,0.0,101,1.18,29,9,0.57,Label Data,moderate
32201003,F010530,"Infant cereal, mixed grain, added vitamins & minerals",1673,12.7,4.6,74.9,2.0,2.0,32,26.5,11,14,1.63,Label Data,balanced
32201004,F010531,"Infant cereal, mixed grains, added vitamins & minerals, made with water",251,1.9,0.7,11.2,0.3,0.3,6,3.98,4,2,0.25,Recipe,moderate
32201001,F004549,"Infant cereal, rice, added vitamin C & Fe",1621,6.7,2.3,83.0,6.0,2.0,4,16.86,30,20,1.35,Label Data,balanced
32201002,F004550,"Infant cereal, rice, added vitamin C & Fe, made with water",235,1.0,0.3,12.0,0.9,0.3,2,2.33,7,2,0.2,Recipe,moderate
32201005,F010526,"Infant cereal, flavoured, added vitamins & minerals",1588,10.5,5.0,71.9,13.7,2.0,66,23.5,51,18,1.32,Label Data,moderate
32201006,F010527,"Infant cereal, flavoured, added vitamins & minerals, made with water",275,1.8,0.9,12.5,2.4,0.3,13,4.08,11,2,0.23,Recipe,moderate
32201007,F010528,"Infant cereal, flavoured, purchased ready to eat",274,1.2,0.6,12.4,7.3,1.8,12,0.23,3,2,0.18,Recipe,moderate
32304001,F003424,"Infant custard or yoghurt, dairy, commercial",380,2.3,3.0,13.6,10.1,1.2,115,0.02,28,0,0.36,Label Data,moderate
32304002,F010518,"Infant custard or yoghurt, dairy, no added sugar, commercial",300,2.1,2.4,10.1,5.9,1.4,104,0.02,24,0,0.36,Label Data,moderate
32303001,F004170,"Infant food, fruit, puree or stewed",262,0.6,0.0,12.8,11.4,2.5,7,0.16,0,6,0.09,Recipe,moderate
32302001,F010499,"Infant food, fruit & vegetable, puree or stewed",226,1.1,0.2,10.4,8.9,2.5,15,0.41,7,10,0.2,Recipe,moderate
32205004,F010521,"Infant pasta, added Fe, all grain types, uncooked",1556,11.1,2.2,73.7,1.9,4.3,18,21.0,4,0,0.6,Label Data,balanced
12401014,F010614,"Infant pasta, added Fe, all grain types, cooked",589,4.2,0.8,27.9,0.7,1.6,6,5.96,0,0,0.23,Recipe,moderate
32202001,F004569,"Infant rusk, teething",1595,11.6,1.8,77.0,7.2,3.7,54,21.63,215,0,1.2,Label Data,moderate
32204001,F010525,"Infant snack, bar, grain based",1620,6.6,10.0,65.3,27.8,7.0,26,2.1,65,0,0.73,Imputed,at-risk
32203001,F010524,"Infant snack, sweet biscuits",1714,8.0,13.0,63.0,17.0,5.0,30,1.28,182,6,0.54,Label Data,at-risk
32303002,F010579,"Infant snack, bar, fruit based",1513,5.5,7.3,66.2,35.5,7.4,22,0.3,122,38,0.37,Label Data,at-risk
32205001,F010504,"Infant food, fruit, vegetable & grain, puree or stewed",284,1.2,0.4,13.4,6.0,1.8,8,0.22,5,4,0.12,Recipe,moderate
32301001,F004559,"Infant food, meat & vegetable, puree or mash",215,3.0,0.4,8.1,3.1,1.8,14,0.38,15,7,0.44,Recipe,moderate
32301002,F010511,"Infant food, meat, vegetable & fruit, puree or mash",267,3.1,1.5,8.7,4.2,1.6,12,0.35,11,5,0.36,Recipe,moderate
32301003,F010513,"Infant food, meat, vegetable & grain, puree or mash",261,3.3,1.0,9.3,2.8,1.7,16,0.58,16,5,0.44,Recipe,moderate
32205002,F010514,"Infant food, pasta dish",247,3.5,0.5,8.9,2.2,1.8,23,0.72,24,6,0.47,Recipe,moderate
32205003,F010515,"Infant food, rice dish",271,2.6,1.3,9.9,3.0,1.6,14,0.47,12,4,0.26,Recipe,moderate
32302002,F004558,"Infant food, vegetables, puree or mash",218,1.2,0.4,9.9,4.0,1.9,15,0.29,5,7,0.27,Recipe,moderate
